# Y-up, meters; smooth background hill
mtllib hills.mtl
o hill_low
v 5.000000 0.000000 0.000000
v 4.957224 0.000000 0.326315
v 4.829629 0.000000 0.647048
v 4.619398 0.000000 0.956709
v 4.330127 0.000000 1.250000
v 3.966767 0.000000 1.521904
v 3.535534 0.000000 1.767767
v 3.043807 0.000000 1.983383
v 2.500000 0.000000 2.165064
v 1.913417 0.000000 2.309699
v 1.294095 0.000000 2.414815
v 0.652631 0.000000 2.478612
v 0.000000 0.000000 2.500000
v -0.652631 0.000000 2.478612
v -1.294095 0.000000 2.414815
v -1.913417 0.000000 2.309699
v -2.500000 0.000000 2.165064
v -3.043807 0.000000 1.983383
v -3.535534 0.000000 1.767767
v -3.966767 0.000000 1.521904
v -4.330127 0.000000 1.250000
v -4.619398 0.000000 0.956709
v -4.829629 0.000000 0.647048
v -4.957224 0.000000 0.326315
v -5.000000 0.000000 0.000000
v -4.957224 0.000000 -0.326315
v -4.829629 0.000000 -0.647048
v -4.619398 0.000000 -0.956709
v -4.330127 0.000000 -1.250000
v -3.966767 0.000000 -1.521904
v -3.535534 0.000000 -1.767767
v -3.043807 0.000000 -1.983383
v -2.500000 0.000000 -2.165064
v -1.913417 0.000000 -2.309699
v -1.294095 0.000000 -2.414815
v -0.652631 0.000000 -2.478612
v -0.000000 0.000000 -2.500000
v 0.652631 0.000000 -2.478612
v 1.294095 0.000000 -2.414815
v 1.913417 0.000000 -2.309699
v 2.500000 0.000000 -2.165064
v 3.043807 0.000000 -1.983383
v 3.535534 0.000000 -1.767767
v 3.966767 0.000000 -1.521904
v 4.330127 0.000000 -1.250000
v 4.619398 0.000000 -0.956709
v 4.829629 0.000000 -0.647048
v 4.957224 0.000000 -0.326315
v 4.986126 0.094151 0.000000
v 4.943482 0.094151 0.325310
v 4.816280 0.094151 0.645053
v 4.606697 0.094151 0.953759
v 4.318318 0.094151 1.246147
v 3.956077 0.094151 1.517212
v 3.526174 0.094151 1.762318
v 3.035963 0.094151 1.977269
v 2.493832 0.094151 2.158389
v 1.909058 0.094151 2.302579
v 1.291645 0.094151 2.407370
v 0.652158 0.094151 2.470971
v 0.001539 0.094151 2.492293
v -0.649080 0.094151 2.470971
v -1.288567 0.094151 2.407370
v -1.905980 0.094151 2.302579
v -2.490754 0.094151 2.158389
v -3.032885 0.094151 1.977269
v -3.523096 0.094151 1.762318
v -3.953000 0.094151 1.517212
v -4.315240 0.094151 1.246147
v -4.603619 0.094151 0.953759
v -4.813202 0.094151 0.645053
v -4.940404 0.094151 0.325310
v -4.983048 0.094151 0.000000
v -4.940404 0.094151 -0.325310
v -4.813202 0.094151 -0.645053
v -4.603619 0.094151 -0.953759
v -4.315240 0.094151 -1.246147
v -3.953000 0.094151 -1.517212
v -3.523096 0.094151 -1.762318
v -3.032885 0.094151 -1.977269
v -2.490754 0.094151 -2.158389
v -1.905980 0.094151 -2.302579
v -1.288567 0.094151 -2.407370
v -0.649080 0.094151 -2.470971
v 0.001539 0.094151 -2.492293
v 0.652158 0.094151 -2.470971
v 1.291645 0.094151 -2.407370
v 1.909058 0.094151 -2.302579
v 2.493832 0.094151 -2.158389
v 3.035963 0.094151 -1.977269
v 3.526174 0.094151 -1.762318
v 3.956077 0.094151 -1.517212
v 4.318318 0.094151 -1.246147
v 4.606697 0.094151 -0.953759
v 4.816280 0.094151 -0.645053
v 4.943482 0.094151 -0.325310
v 4.944560 0.187721 0.000000
v 4.902311 0.187721 0.322298
v 4.776286 0.187721 0.639081
v 4.568643 0.187721 0.944930
v 4.282934 0.187721 1.234610
v 3.924047 0.187721 1.503166
v 3.498124 0.187721 1.746003
v 3.012451 0.187721 1.958965
v 2.475339 0.187721 2.138408
v 1.895978 0.187721 2.281263
v 1.284281 0.187721 2.385084
v 0.650714 0.187721 2.448096
v 0.006118 0.187721 2.469221
v -0.638478 0.187721 2.448096
v -1.272045 0.187721 2.385084
v -1.883742 0.187721 2.281263
v -2.463103 0.187721 2.138408
v -3.000215 0.187721 1.958965
v -3.485888 0.187721 1.746003
v -3.911811 0.187721 1.503166
v -4.270698 0.187721 1.234610
v -4.556407 0.187721 0.944930
v -4.764050 0.187721 0.639081
v -4.890075 0.187721 0.322298
v -4.932324 0.187721 0.000000
v -4.890075 0.187721 -0.322298
v -4.764050 0.187721 -0.639081
v -4.556407 0.187721 -0.944930
v -4.270698 0.187721 -1.234610
v -3.911811 0.187721 -1.503166
v -3.485888 0.187721 -1.746003
v -3.000215 0.187721 -1.958965
v -2.463103 0.187721 -2.138408
v -1.883742 0.187721 -2.281263
v -1.272045 0.187721 -2.385084
v -0.638478 0.187721 -2.448096
v 0.006118 0.187721 -2.469221
v 0.650714 0.187721 -2.448096
v 1.284281 0.187721 -2.385084
v 1.895978 0.187721 -2.281263
v 2.475339 0.187721 -2.138408
v 3.012451 0.187721 -1.958965
v 3.498124 0.187721 -1.746003
v 3.924047 0.187721 -1.503166
v 4.282934 0.187721 -1.234610
v 4.568643 0.187721 -0.944930
v 4.776286 0.187721 -0.639081
v 4.902311 0.187721 -0.322298
v 4.875474 0.280134 0.000000
v 4.833880 0.280134 0.317299
v 4.709810 0.280134 0.629170
v 4.505388 0.280134 0.930275
v 4.224109 0.280134 1.215462
v 3.870789 0.280134 1.479853
v 3.451471 0.280134 1.718923
v 2.973331 0.280134 1.928582
v 2.444549 0.280134 2.105243
v 1.874173 0.280134 2.245882
v 1.271963 0.280134 2.348093
v 0.648223 0.280134 2.410128
v 0.013624 0.280134 2.430925
v -0.620975 0.280134 2.410128
v -1.244715 0.280134 2.348093
v -1.846925 0.280134 2.245882
v -2.417301 0.280134 2.105243
v -2.946082 0.280134 1.928582
v -3.424223 0.280134 1.718923
v -3.843540 0.280134 1.479853
v -4.196861 0.280134 1.215462
v -4.478139 0.280134 0.930275
v -4.682562 0.280134 0.629170
v -4.806632 0.280134 0.317299
v -4.848225 0.280134 0.000000
v -4.806632 0.280134 -0.317299
v -4.682562 0.280134 -0.629170
v -4.478139 0.280134 -0.930275
v -4.196861 0.280134 -1.215462
v -3.843540 0.280134 -1.479853
v -3.424223 0.280134 -1.718923
v -2.946082 0.280134 -1.928582
v -2.417301 0.280134 -2.105243
v -1.846925 0.280134 -2.245882
v -1.244715 0.280134 -2.348093
v -0.620975 0.280134 -2.410128
v 0.013624 0.280134 -2.430925
v 0.648223 0.280134 -2.410128
v 1.271963 0.280134 -2.348093
v 1.874173 0.280134 -2.245882
v 2.444549 0.280134 -2.105243
v 2.973331 0.280134 -1.928582
v 3.451471 0.280134 -1.718923
v 3.870789 0.280134 -1.479853
v 4.224109 0.280134 -1.215462
v 4.505388 0.280134 -0.930275
v 4.709810 0.280134 -0.629170
v 4.833880 0.280134 -0.317299
v 4.779155 0.370820 0.000000
v 4.738473 0.370820 0.310344
v 4.617123 0.370820 0.615379
v 4.417181 0.370820 0.909884
v 4.142068 0.370820 1.188821
v 3.796492 0.370820 1.447416
v 3.386365 0.370820 1.681246
v 2.918705 0.370820 1.886310
v 2.401514 0.370820 2.059098
v 1.843641 0.370820 2.196654
v 1.254631 0.370820 2.296625
v 0.644562 0.370820 2.357300
v 0.023873 0.370820 2.377641
v -0.596816 0.370820 2.357300
v -1.206885 0.370820 2.296625
v -1.795895 0.370820 2.196654
v -2.353768 0.370820 2.059098
v -2.870960 0.370820 1.886310
v -3.338620 0.370820 1.681246
v -3.748746 0.370820 1.447416
v -4.094323 0.370820 1.188821
v -4.369435 0.370820 0.909884
v -4.569377 0.370820 0.615379
v -4.690728 0.370820 0.310344
v -4.731410 0.370820 0.000000
v -4.690728 0.370820 -0.310344
v -4.569377 0.370820 -0.615379
v -4.369435 0.370820 -0.909884
v -4.094323 0.370820 -1.188821
v -3.748746 0.370820 -1.447416
v -3.338620 0.370820 -1.681246
v -2.870960 0.370820 -1.886310
v -2.353768 0.370820 -2.059098
v -1.795895 0.370820 -2.196654
v -1.206885 0.370820 -2.296625
v -0.596816 0.370820 -2.357300
v 0.023873 0.370820 -2.377641
v 0.644562 0.370820 -2.357300
v 1.254631 0.370820 -2.296625
v 1.843641 0.370820 -2.196654
v 2.401514 0.370820 -2.059098
v 2.918705 0.370820 -1.886310
v 3.386365 0.370820 -1.681246
v 3.796492 0.370820 -1.447416
v 4.142068 0.370820 -1.188821
v 4.417181 0.370820 -0.909884
v 4.617123 0.370820 -0.615379
v 4.738473 0.370820 -0.310344
v 4.656009 0.459220 0.000000
v 4.616490 0.459220 0.301476
v 4.498607 0.459220 0.597794
v 4.304379 0.459220 0.883883
v 4.037127 0.459220 1.154849
v 3.701426 0.459220 1.406056
v 3.303019 0.459220 1.633204
v 2.848723 0.459220 1.832407
v 2.346310 0.459220 2.000258
v 1.804379 0.459220 2.133883
v 1.232200 0.459220 2.230998
v 0.639564 0.459220 2.289939
v 0.036612 0.459220 2.309699
v -0.566341 0.459220 2.289939
v -1.158976 0.459220 2.230998
v -1.731155 0.459220 2.133883
v -2.273087 0.459220 2.000258
v -2.775499 0.459220 1.832407
v -3.229796 0.459220 1.633204
v -3.628203 0.459220 1.406056
v -3.963904 0.459220 1.154849
v -4.231155 0.459220 0.883883
v -4.425384 0.459220 0.597794
v -4.543266 0.459220 0.301476
v -4.582786 0.459220 0.000000
v -4.543266 0.459220 -0.301476
v -4.425384 0.459220 -0.597794
v -4.231155 0.459220 -0.883883
v -3.963904 0.459220 -1.154849
v -3.628203 0.459220 -1.406056
v -3.229796 0.459220 -1.633204
v -2.775499 0.459220 -1.832407
v -2.273087 0.459220 -2.000258
v -1.731155 0.459220 -2.133883
v -1.158976 0.459220 -2.230998
v -0.566341 0.459220 -2.289939
v 0.036612 0.459220 -2.309699
v 0.639564 0.459220 -2.289939
v 1.232200 0.459220 -2.230998
v 1.804379 0.459220 -2.133883
v 2.346310 0.459220 -2.000258
v 2.848723 0.459220 -1.832407
v 3.303019 0.459220 -1.633204
v 3.701426 0.459220 -1.406056
v 4.037127 0.459220 -1.154849
v 4.304379 0.459220 -0.883883
v 4.498607 0.459220 -0.597794
v 4.616490 0.459220 -0.301476
v 4.506559 0.544789 0.000000
v 4.468446 0.544789 0.290749
v 4.354758 0.544789 0.576524
v 4.167440 0.544789 0.852434
v 3.909698 0.544789 1.113758
v 3.585942 0.544789 1.356026
v 3.201711 0.544789 1.575092
v 2.763579 0.544789 1.767208
v 2.279043 0.544789 1.929086
v 1.756394 0.544789 2.057957
v 1.204574 0.544789 2.151616
v 0.633025 0.544789 2.208460
v 0.051527 0.544789 2.227516
v -0.529972 0.544789 2.208460
v -1.101520 0.544789 2.151616
v -1.653340 0.544789 2.057957
v -2.175989 0.544789 1.929086
v -2.660525 0.544789 1.767208
v -3.098657 0.544789 1.575092
v -3.482888 0.544789 1.356026
v -3.806645 0.544789 1.113758
v -4.064387 0.544789 0.852434
v -4.251704 0.544789 0.576524
v -4.365392 0.544789 0.290749
v -4.403506 0.544789 0.000000
v -4.365392 0.544789 -0.290749
v -4.251704 0.544789 -0.576524
v -4.064387 0.544789 -0.852434
v -3.806645 0.544789 -1.113758
v -3.482888 0.544789 -1.356026
v -3.098657 0.544789 -1.575092
v -2.660525 0.544789 -1.767208
v -2.175989 0.544789 -1.929086
v -1.653340 0.544789 -2.057957
v -1.101520 0.544789 -2.151616
v -0.529972 0.544789 -2.208460
v 0.051527 0.544789 -2.227516
v 0.633025 0.544789 -2.208460
v 1.204574 0.544789 -2.151616
v 1.756394 0.544789 -2.057957
v 2.279043 0.544789 -1.929086
v 2.763579 0.544789 -1.767208
v 3.201711 0.544789 -1.575092
v 3.585942 0.544789 -1.356026
v 3.909698 0.544789 -1.113758
v 4.167440 0.544789 -0.852434
v 4.354758 0.544789 -0.576524
v 4.468446 0.544789 -0.290749
v 4.331452 0.626998 0.000000
v 4.294980 0.626998 0.278230
v 4.186187 0.626998 0.551699
v 4.006935 0.626998 0.815728
v 3.760291 0.626998 1.065800
v 3.450476 0.626998 1.297636
v 3.082789 0.626998 1.507269
v 2.663523 0.626998 1.691112
v 2.199852 0.626998 1.846020
v 1.699708 0.626998 1.969342
v 1.171649 0.626998 2.058968
v 0.624711 0.626998 2.113364
v 0.068251 0.626998 2.131600
v -0.488208 0.626998 2.113364
v -1.035146 0.626998 2.058968
v -1.563205 0.626998 1.969342
v -2.063349 0.626998 1.846020
v -2.527021 0.626998 1.691112
v -2.946287 0.626998 1.507269
v -3.313973 0.626998 1.297636
v -3.623789 0.626998 1.065800
v -3.870433 0.626998 0.815728
v -4.049685 0.626998 0.551699
v -4.158477 0.626998 0.278230
v -4.194950 0.626998 0.000000
v -4.158477 0.626998 -0.278230
v -4.049685 0.626998 -0.551699
v -3.870433 0.626998 -0.815728
v -3.623789 0.626998 -1.065800
v -3.313973 0.626998 -1.297636
v -2.946287 0.626998 -1.507269
v -2.527021 0.626998 -1.691112
v -2.063349 0.626998 -1.846020
v -1.563205 0.626998 -1.969342
v -1.035146 0.626998 -2.058968
v -0.488208 0.626998 -2.113364
v 0.068251 0.626998 -2.131600
v 0.624711 0.626998 -2.113364
v 1.171649 0.626998 -2.058968
v 1.699708 0.626998 -1.969342
v 2.199852 0.626998 -1.846020
v 2.663523 0.626998 -1.691112
v 3.082789 0.626998 -1.507269
v 3.450476 0.626998 -1.297636
v 3.760291 0.626998 -1.065800
v 4.006935 0.626998 -0.815728
v 4.186187 0.626998 -0.551699
v 4.294980 0.626998 -0.278230
v 4.131458 0.705342 0.000000
v 4.096852 0.705342 0.263995
v 3.993625 0.705342 0.523473
v 3.823544 0.705342 0.773994
v 3.589519 0.705342 1.011271
v 3.295555 0.705342 1.231246
v 2.946680 0.705342 1.430154
v 2.548865 0.705342 1.604591
v 2.108915 0.705342 1.751573
v 1.634360 0.705342 1.868586
v 1.133318 0.705342 1.953626
v 0.614362 0.705342 2.005239
v 0.086373 0.705342 2.022542
v -0.441617 0.705342 2.005239
v -0.960572 0.705342 1.953626
v -1.461614 0.705342 1.868586
v -1.936170 0.705342 1.751573
v -2.376119 0.705342 1.604591
v -2.773934 0.705342 1.430154
v -3.122809 0.705342 1.231246
v -3.416773 0.705342 1.011271
v -3.650798 0.705342 0.773994
v -3.820879 0.705342 0.523473
v -3.924106 0.705342 0.263995
v -3.958712 0.705342 0.000000
v -3.924106 0.705342 -0.263995
v -3.820879 0.705342 -0.523473
v -3.650798 0.705342 -0.773994
v -3.416773 0.705342 -1.011271
v -3.122809 0.705342 -1.231246
v -2.773934 0.705342 -1.430154
v -2.376119 0.705342 -1.604591
v -1.936170 0.705342 -1.751573
v -1.461614 0.705342 -1.868586
v -0.960572 0.705342 -1.953626
v -0.441617 0.705342 -2.005239
v 0.086373 0.705342 -2.022542
v 0.614362 0.705342 -2.005239
v 1.133318 0.705342 -1.953626
v 1.634360 0.705342 -1.868586
v 2.108915 0.705342 -1.751573
v 2.548865 0.705342 -1.604591
v 2.946680 0.705342 -1.430154
v 3.295555 0.705342 -1.231246
v 3.589519 0.705342 -1.011271
v 3.823544 0.705342 -0.773994
v 3.993625 0.705342 -0.523473
v 4.096852 0.705342 -0.263995
v 3.907476 0.779338 0.000000
v 3.874949 0.779338 0.248132
v 3.777924 0.779338 0.492019
v 3.618063 0.779338 0.727487
v 3.398100 0.779338 0.950507
v 3.121799 0.779338 1.157265
v 2.793887 0.779338 1.344221
v 2.419975 0.779338 1.508177
v 2.006461 0.779338 1.646327
v 1.560420 0.779338 1.756309
v 1.089483 0.779338 1.836239
v 0.601710 0.779338 1.884751
v 0.105446 0.779338 1.901015
v -0.390819 0.779338 1.884751
v -0.878592 0.779338 1.836239
v -1.349528 0.779338 1.756309
v -1.795569 0.779338 1.646327
v -2.209083 0.779338 1.508177
v -2.582995 0.779338 1.344221
v -2.910907 0.779338 1.157265
v -3.187209 0.779338 0.950507
v -3.407172 0.779338 0.727487
v -3.567033 0.779338 0.492019
v -3.664057 0.779338 0.248132
v -3.696584 0.779338 0.000000
v -3.664057 0.779338 -0.248132
v -3.567033 0.779338 -0.492019
v -3.407172 0.779338 -0.727487
v -3.187209 0.779338 -0.950507
v -2.910907 0.779338 -1.157265
v -2.582995 0.779338 -1.344221
v -2.209083 0.779338 -1.508177
v -1.795569 0.779338 -1.646327
v -1.349528 0.779338 -1.756309
v -0.878592 0.779338 -1.836239
v -0.390819 0.779338 -1.884751
v 0.105446 0.779338 -1.901015
v 0.601710 0.779338 -1.884751
v 1.089483 0.779338 -1.836239
v 1.560420 0.779338 -1.756309
v 2.006461 0.779338 -1.646327
v 2.419975 0.779338 -1.508177
v 2.793887 0.779338 -1.344221
v 3.121799 0.779338 -1.157265
v 3.398100 0.779338 -0.950507
v 3.618063 0.779338 -0.727487
v 3.777924 0.779338 -0.492019
v 3.874949 0.779338 -0.248132
v 3.660534 0.848528 0.000000
v 3.630287 0.848528 0.230740
v 3.540064 0.848528 0.457532
v 3.391407 0.848528 0.676495
v 3.186862 0.848528 0.883883
v 2.929928 0.848528 1.076148
v 2.625000 0.848528 1.250000
v 2.277297 0.848528 1.402464
v 1.892767 0.848528 1.530931
v 1.477990 0.848528 1.633204
v 1.040064 0.848528 1.707532
v 0.586480 0.848528 1.752643
v 0.125000 0.848528 1.767767
v -0.336480 0.848528 1.752643
v -0.790064 0.848528 1.707532
v -1.227990 0.848528 1.633204
v -1.642767 0.848528 1.530931
v -2.027297 0.848528 1.402464
v -2.375000 0.848528 1.250000
v -2.679928 0.848528 1.076148
v -2.936862 0.848528 0.883883
v -3.141407 0.848528 0.676495
v -3.290064 0.848528 0.457532
v -3.380287 0.848528 0.230740
v -3.410534 0.848528 0.000000
v -3.380287 0.848528 -0.230740
v -3.290064 0.848528 -0.457532
v -3.141407 0.848528 -0.676495
v -2.936862 0.848528 -0.883883
v -2.679928 0.848528 -1.076148
v -2.375000 0.848528 -1.250000
v -2.027297 0.848528 -1.402464
v -1.642767 0.848528 -1.530931
v -1.227990 0.848528 -1.633204
v -0.790064 0.848528 -1.707532
v -0.336480 0.848528 -1.752643
v 0.125000 0.848528 -1.767767
v 0.586480 0.848528 -1.752643
v 1.040064 0.848528 -1.707532
v 1.477990 0.848528 -1.633204
v 1.892767 0.848528 -1.530931
v 2.277297 0.848528 -1.402464
v 2.625000 0.848528 -1.250000
v 2.929928 0.848528 -1.076148
v 3.186862 0.848528 -0.883883
v 3.391407 0.848528 -0.676495
v 3.540064 0.848528 -0.457532
v 3.630287 0.848528 -0.230740
v 3.391795 0.912487 0.000000
v 3.364014 0.912487 0.211925
v 3.281148 0.912487 0.420224
v 3.144613 0.912487 0.621333
v 2.956747 0.912487 0.811810
v 2.720763 0.912487 0.988397
v 2.440700 0.912487 1.148073
v 2.121349 0.912487 1.288104
v 1.768174 0.912487 1.406096
v 1.387219 0.912487 1.500029
v 0.985002 0.912487 1.568297
v 0.568404 0.912487 1.609730
v 0.144554 0.912487 1.623620
v -0.279296 0.912487 1.609730
v -0.695893 0.912487 1.568297
v -1.098111 0.912487 1.500029
v -1.479066 0.912487 1.406096
v -1.832240 0.912487 1.288104
v -2.151591 0.912487 1.148073
v -2.431655 0.912487 0.988397
v -2.667638 0.912487 0.811810
v -2.855504 0.912487 0.621333
v -2.992039 0.912487 0.420224
v -3.074905 0.912487 0.211925
v -3.102686 0.912487 0.000000
v -3.074905 0.912487 -0.211925
v -2.992039 0.912487 -0.420224
v -2.855504 0.912487 -0.621333
v -2.667638 0.912487 -0.811810
v -2.431655 0.912487 -0.988397
v -2.151591 0.912487 -1.148073
v -1.832240 0.912487 -1.288104
v -1.479066 0.912487 -1.406096
v -1.098111 0.912487 -1.500029
v -0.695893 0.912487 -1.568297
v -0.279296 0.912487 -1.609730
v 0.144554 0.912487 -1.623620
v 0.568404 0.912487 -1.609730
v 0.985002 0.912487 -1.568297
v 1.387219 0.912487 -1.500029
v 1.768174 0.912487 -1.406096
v 2.121349 0.912487 -1.288104
v 2.440700 0.912487 -1.148073
v 2.720763 0.912487 -0.988397
v 2.956747 0.912487 -0.811810
v 3.144613 0.912487 -0.621333
v 3.281148 0.912487 -0.420224
v 3.364014 0.912487 -0.211925
v 3.102553 0.970820 0.000000
v 3.077410 0.970820 0.191803
v 3.002412 0.970820 0.380325
v 2.878841 0.970820 0.562339
v 2.708812 0.970820 0.734732
v 2.495234 0.970820 0.894552
v 2.241762 0.970820 1.039067
v 1.952732 0.970820 1.165803
v 1.633090 0.970820 1.272592
v 1.288306 0.970820 1.357607
v 0.924277 0.970820 1.419392
v 0.547234 0.970820 1.456892
v 0.163627 0.970820 1.469463
v -0.219980 0.970820 1.456892
v -0.597023 0.970820 1.419392
v -0.961051 0.970820 1.357607
v -1.305836 0.970820 1.272592
v -1.625478 0.970820 1.165803
v -1.914508 0.970820 1.039067
v -2.167980 0.970820 0.894552
v -2.381558 0.970820 0.734732
v -2.551587 0.970820 0.562339
v -2.675158 0.970820 0.380325
v -2.750156 0.970820 0.191803
v -2.775299 0.970820 0.000000
v -2.750156 0.970820 -0.191803
v -2.675158 0.970820 -0.380325
v -2.551587 0.970820 -0.562339
v -2.381558 0.970820 -0.734732
v -2.167980 0.970820 -0.894552
v -1.914508 0.970820 -1.039067
v -1.625478 0.970820 -1.165803
v -1.305836 0.970820 -1.272592
v -0.961051 0.970820 -1.357607
v -0.597023 0.970820 -1.419392
v -0.219980 0.970820 -1.456892
v 0.163627 0.970820 -1.469463
v 0.547234 0.970820 -1.456892
v 0.924277 0.970820 -1.419392
v 1.288306 0.970820 -1.357607
v 1.633090 0.970820 -1.272592
v 1.952732 0.970820 -1.165803
v 2.241762 0.970820 -1.039067
v 2.495234 0.970820 -0.894552
v 2.708812 0.970820 -0.734732
v 2.878841 0.970820 -0.562339
v 3.002412 0.970820 -0.380325
v 3.077410 0.970820 -0.191803
v 2.794242 1.023168 0.000000
v 2.771891 1.023168 0.170499
v 2.705223 1.023168 0.338081
v 2.595377 1.023168 0.499879
v 2.444234 1.023168 0.653123
v 2.254379 1.023168 0.795192
v 2.029060 1.023168 0.923656
v 1.772134 1.023168 1.036315
v 1.487995 1.023168 1.131243
v 1.181507 1.023168 1.206814
v 0.857912 1.023168 1.261737
v 0.522748 1.023168 1.295071
v 0.181749 1.023168 1.306246
v -0.159250 1.023168 1.295071
v -0.494414 1.023168 1.261737
v -0.818009 1.023168 1.206814
v -1.124498 1.023168 1.131243
v -1.408636 1.023168 1.036315
v -1.665563 1.023168 0.923656
v -1.890881 1.023168 0.795192
v -2.080736 1.023168 0.653123
v -2.231880 1.023168 0.499879
v -2.341725 1.023168 0.338081
v -2.408394 1.023168 0.170499
v -2.430744 1.023168 0.000000
v -2.408394 1.023168 -0.170499
v -2.341725 1.023168 -0.338081
v -2.231880 1.023168 -0.499879
v -2.080736 1.023168 -0.653123
v -1.890881 1.023168 -0.795192
v -1.665563 1.023168 -0.923656
v -1.408636 1.023168 -1.036315
v -1.124498 1.023168 -1.131243
v -0.818009 1.023168 -1.206814
v -0.494414 1.023168 -1.261737
v -0.159250 1.023168 -1.295071
v 0.181749 1.023168 -1.306246
v 0.522748 1.023168 -1.295071
v 0.857912 1.023168 -1.261737
v 1.181507 1.023168 -1.206814
v 1.487995 1.023168 -1.131243
v 1.772134 1.023168 -1.036315
v 2.029060 1.023168 -0.923656
v 2.254379 1.023168 -0.795192
v 2.444234 1.023168 -0.653123
v 2.595377 1.023168 -0.499879
v 2.705223 1.023168 -0.338081
v 2.771891 1.023168 -0.170499
v 2.468426 1.069208 0.000000
v 2.449006 1.069208 0.148144
v 2.391079 1.069208 0.293753
v 2.295636 1.069208 0.434337
v 2.164310 1.069208 0.567488
v 1.999348 1.069208 0.690930
v 1.803572 1.069208 0.802549
v 1.580333 1.069208 0.900437
v 1.333449 1.069208 0.982918
v 1.067146 1.069208 1.048581
v 0.785980 1.069208 1.096303
v 0.494761 1.069208 1.125266
v 0.198473 1.069208 1.134976
v -0.097815 1.069208 1.125266
v -0.389034 1.069208 1.096303
v -0.670200 1.069208 1.048581
v -0.936503 1.069208 0.982918
v -1.183386 1.069208 0.900437
v -1.406626 1.069208 0.802549
v -1.602401 1.069208 0.690930
v -1.767363 1.069208 0.567488
v -1.898689 1.069208 0.434337
v -1.994133 1.069208 0.293753
v -2.052060 1.069208 0.148144
v -2.071479 1.069208 0.000000
v -2.052060 1.069208 -0.148144
v -1.994133 1.069208 -0.293753
v -1.898689 1.069208 -0.434337
v -1.767363 1.069208 -0.567488
v -1.602401 1.069208 -0.690930
v -1.406626 1.069208 -0.802549
v -1.183386 1.069208 -0.900437
v -0.936503 1.069208 -0.982918
v -0.670200 1.069208 -1.048581
v -0.389034 1.069208 -1.096303
v -0.097815 1.069208 -1.125266
v 0.198473 1.069208 -1.134976
v 0.494761 1.069208 -1.125266
v 0.785980 1.069208 -1.096303
v 1.067146 1.069208 -1.048581
v 1.333449 1.069208 -0.982918
v 1.580333 1.069208 -0.900437
v 1.803572 1.069208 -0.802549
v 1.999348 1.069208 -0.690930
v 2.164310 1.069208 -0.567488
v 2.295636 1.069208 -0.434337
v 2.391079 1.069208 -0.293753
v 2.449006 1.069208 -0.148144
v 2.126806 1.108655 0.000000
v 2.110436 1.108655 0.124876
v 2.061607 1.108655 0.247614
v 1.981155 1.108655 0.366117
v 1.870456 1.108655 0.478354
v 1.731404 1.108655 0.582407
v 1.566379 1.108655 0.676495
v 1.378203 1.108655 0.759008
v 1.170097 1.108655 0.828534
v 0.945621 1.108655 0.883883
v 0.708617 1.108655 0.924110
v 0.463139 1.108655 0.948524
v 0.213388 1.108655 0.956709
v -0.036363 1.108655 0.948524
v -0.281840 1.108655 0.924110
v -0.518845 1.108655 0.883883
v -0.743320 1.108655 0.828534
v -0.951426 1.108655 0.759008
v -1.139602 1.108655 0.676495
v -1.304628 1.108655 0.582407
v -1.443680 1.108655 0.478354
v -1.554379 1.108655 0.366117
v -1.634831 1.108655 0.247614
v -1.683659 1.108655 0.124876
v -1.700029 1.108655 0.000000
v -1.683659 1.108655 -0.124876
v -1.634831 1.108655 -0.247614
v -1.554379 1.108655 -0.366117
v -1.443680 1.108655 -0.478354
v -1.304628 1.108655 -0.582407
v -1.139602 1.108655 -0.676495
v -0.951426 1.108655 -0.759008
v -0.743320 1.108655 -0.828534
v -0.518845 1.108655 -0.883883
v -0.281840 1.108655 -0.924110
v -0.036363 1.108655 -0.948524
v 0.213388 1.108655 -0.956709
v 0.463139 1.108655 -0.948524
v 0.708617 1.108655 -0.924110
v 0.945621 1.108655 -0.883883
v 1.170097 1.108655 -0.828534
v 1.378203 1.108655 -0.759008
v 1.566379 1.108655 -0.676495
v 1.731404 1.108655 -0.582407
v 1.870456 1.108655 -0.478354
v 1.981155 1.108655 -0.366117
v 2.061607 1.108655 -0.247614
v 2.110436 1.108655 -0.124876
v 1.771212 1.141268 0.000000
v 1.757994 1.141268 0.100837
v 1.718565 1.141268 0.199949
v 1.653600 1.141268 0.295639
v 1.564210 1.141268 0.386271
v 1.451925 1.141268 0.470294
v 1.318667 1.141268 0.546270
v 1.166715 1.141268 0.612899
v 0.998670 1.141268 0.669041
v 0.817406 1.141268 0.713736
v 0.626025 1.141268 0.746219
v 0.427801 1.141268 0.765933
v 0.226127 1.141268 0.772542
v 0.024453 1.141268 0.765933
v -0.173770 1.141268 0.746219
v -0.365151 1.141268 0.713736
v -0.546415 1.141268 0.669041
v -0.714461 1.141268 0.612899
v -0.866413 1.141268 0.546270
v -0.999671 1.141268 0.470294
v -1.111956 1.141268 0.386271
v -1.201345 1.141268 0.295639
v -1.266310 1.141268 0.199949
v -1.305739 1.141268 0.100837
v -1.318958 1.141268 0.000000
v -1.305739 1.141268 -0.100837
v -1.266310 1.141268 -0.199949
v -1.201345 1.141268 -0.295639
v -1.111956 1.141268 -0.386271
v -0.999671 1.141268 -0.470294
v -0.866413 1.141268 -0.546270
v -0.714461 1.141268 -0.612899
v -0.546415 1.141268 -0.669041
v -0.365151 1.141268 -0.713736
v -0.173770 1.141268 -0.746219
v 0.024453 1.141268 -0.765933
v 0.226127 1.141268 -0.772542
v 0.427801 1.141268 -0.765933
v 0.626025 1.141268 -0.746219
v 0.817406 1.141268 -0.713736
v 0.998670 1.141268 -0.669041
v 1.166715 1.141268 -0.612899
v 1.318667 1.141268 -0.546270
v 1.451925 1.141268 -0.470294
v 1.564210 1.141268 -0.386271
v 1.653600 1.141268 -0.295639
v 1.718565 1.141268 -0.199949
v 1.757994 1.141268 -0.100837
v 1.403603 1.166844 0.000000
v 1.393617 1.166844 0.076177
v 1.363830 1.166844 0.151050
v 1.314753 1.166844 0.223339
v 1.247224 1.166844 0.291807
v 1.162399 1.166844 0.355281
v 1.061730 1.166844 0.412677
v 0.946938 1.166844 0.463012
v 0.819989 1.166844 0.505424
v 0.683054 1.166844 0.539188
v 0.538476 1.166844 0.563727
v 0.388729 1.166844 0.578621
v 0.236376 1.166844 0.583613
v 0.084022 1.166844 0.578621
v -0.065725 1.166844 0.563727
v -0.210303 1.166844 0.539188
v -0.347238 1.166844 0.505424
v -0.474187 1.166844 0.463012
v -0.588978 1.166844 0.412677
v -0.689647 1.166844 0.355281
v -0.774472 1.166844 0.291807
v -0.842001 1.166844 0.223339
v -0.891079 1.166844 0.151050
v -0.920865 1.166844 0.076177
v -0.930851 1.166844 0.000000
v -0.920865 1.166844 -0.076177
v -0.891079 1.166844 -0.151050
v -0.842001 1.166844 -0.223339
v -0.774472 1.166844 -0.291807
v -0.689647 1.166844 -0.355281
v -0.588978 1.166844 -0.412677
v -0.474187 1.166844 -0.463012
v -0.347238 1.166844 -0.505424
v -0.210303 1.166844 -0.539188
v -0.065725 1.166844 -0.563727
v 0.084022 1.166844 -0.578621
v 0.236376 1.166844 -0.583613
v 0.388729 1.166844 -0.578621
v 0.538476 1.166844 -0.563727
v 0.683054 1.166844 -0.539188
v 0.819989 1.166844 -0.505424
v 0.946938 1.166844 -0.463012
v 1.061730 1.166844 -0.412677
v 1.162399 1.166844 -0.355281
v 1.247224 1.166844 -0.291807
v 1.314753 1.166844 -0.223339
v 1.363830 1.166844 -0.151050
v 1.393617 1.166844 -0.076177
v 1.026054 1.185226 0.000000
v 1.019363 1.185226 0.051047
v 0.999403 1.185226 0.101221
v 0.966515 1.185226 0.149662
v 0.921263 1.185226 0.195543
v 0.864421 1.185226 0.238078
v 0.796961 1.185226 0.276540
v 0.720038 1.185226 0.310270
v 0.634968 1.185226 0.338691
v 0.543206 1.185226 0.361317
v 0.446323 1.185226 0.377760
v 0.345976 1.185226 0.387740
v 0.243882 1.185226 0.391086
v 0.141788 1.185226 0.387740
v 0.041441 1.185226 0.377760
v -0.055442 1.185226 0.361317
v -0.147204 1.185226 0.338691
v -0.232274 1.185226 0.310270
v -0.309197 1.185226 0.276540
v -0.376657 1.185226 0.238078
v -0.433499 1.185226 0.195543
v -0.478751 1.185226 0.149662
v -0.511638 1.185226 0.101221
v -0.531599 1.185226 0.051047
v -0.538290 1.185226 0.000000
v -0.531599 1.185226 -0.051047
v -0.511638 1.185226 -0.101221
v -0.478751 1.185226 -0.149662
v -0.433499 1.185226 -0.195543
v -0.376657 1.185226 -0.238078
v -0.309197 1.185226 -0.276540
v -0.232274 1.185226 -0.310270
v -0.147204 1.185226 -0.338691
v -0.055442 1.185226 -0.361317
v 0.041441 1.185226 -0.377760
v 0.141788 1.185226 -0.387740
v 0.243882 1.185226 -0.391086
v 0.345976 1.185226 -0.387740
v 0.446323 1.185226 -0.377760
v 0.543206 1.185226 -0.361317
v 0.634968 1.185226 -0.338691
v 0.720038 1.185226 -0.310270
v 0.796961 1.185226 -0.276540
v 0.864421 1.185226 -0.238078
v 0.921263 1.185226 -0.195543
v 0.966515 1.185226 -0.149662
v 0.999403 1.185226 -0.101221
v 1.019363 1.185226 -0.051047
v 0.640757 1.196301 0.000000
v 0.637400 1.196301 0.025602
v 0.627389 1.196301 0.050767
v 0.610895 1.196301 0.075062
v 0.588199 1.196301 0.098074
v 0.559690 1.196301 0.119407
v 0.525856 1.196301 0.138697
v 0.487275 1.196301 0.155614
v 0.444609 1.196301 0.169869
v 0.398586 1.196301 0.181217
v 0.349995 1.196301 0.189464
v 0.299666 1.196301 0.194470
v 0.248461 1.196301 0.196148
v 0.197256 1.196301 0.194470
v 0.146928 1.196301 0.189464
v 0.098336 1.196301 0.181217
v 0.052313 1.196301 0.169869
v 0.009647 1.196301 0.155614
v -0.028934 1.196301 0.138697
v -0.062768 1.196301 0.119407
v -0.091277 1.196301 0.098074
v -0.113973 1.196301 0.075062
v -0.130467 1.196301 0.050767
v -0.140478 1.196301 0.025602
v -0.143834 1.196301 0.000000
v -0.140478 1.196301 -0.025602
v -0.130467 1.196301 -0.050767
v -0.113973 1.196301 -0.075062
v -0.091277 1.196301 -0.098074
v -0.062768 1.196301 -0.119407
v -0.028934 1.196301 -0.138697
v 0.009647 1.196301 -0.155614
v 0.052313 1.196301 -0.169869
v 0.098336 1.196301 -0.181217
v 0.146928 1.196301 -0.189464
v 0.197256 1.196301 -0.194470
v 0.248461 1.196301 -0.196148
v 0.299666 1.196301 -0.194470
v 0.349995 1.196301 -0.189464
v 0.398586 1.196301 -0.181217
v 0.444609 1.196301 -0.169869
v 0.487275 1.196301 -0.155614
v 0.525856 1.196301 -0.138697
v 0.559690 1.196301 -0.119407
v 0.588199 1.196301 -0.098074
v 0.610895 1.196301 -0.075062
v 0.627389 1.196301 -0.050767
v 0.637400 1.196301 -0.025602
v 0.250000 1.200000 0.000000
v 0.000000 0.000000 0.000000
vt 0.5 0.5
vn 0.988396 0.145653 0.043100
vn 0.946174 0.141217 0.291227
vn 0.856379 0.131997 0.499191
vn 0.745199 0.121070 0.655760
vn 0.632021 0.110666 0.767009
vn 0.526036 0.101796 0.844348
vn 0.429810 0.094702 0.897939
vn 0.342848 0.089291 0.935138
vn 0.263581 0.085380 0.960851
vn 0.190219 0.082786 0.978245
vn 0.121050 0.081370 0.989306
vn 0.054506 0.081040 0.995219
vn -0.010864 0.081753 0.996593
vn -0.076454 0.083516 0.993569
vn -0.143665 0.086382 0.985849
vn -0.213976 0.090458 0.972642
vn -0.288989 0.095901 0.952517
vn -0.370435 0.102921 0.923139
vn -0.460049 0.111757 0.880832
vn -0.559126 0.122617 0.819966
vn -0.667372 0.135497 0.732295
vn -0.780437 0.149810 0.607022
vn -0.886062 0.163784 0.433668
vn -0.961916 0.174101 0.210727
vn -0.983269 0.177042 -0.042876
vn -0.941621 0.171321 -0.289826
vn -0.852900 0.159343 -0.497163
vn -0.742791 0.144961 -0.653642
vn -0.630446 0.131001 -0.765099
vn -0.525041 0.118768 -0.842749
vn -0.429197 0.108598 -0.896659
vn -0.342484 0.100393 -0.934145
vn -0.263378 0.093924 -0.960110
vn -0.190117 0.088957 -0.977723
vn -0.121010 0.085299 -0.988980
vn -0.054498 0.082810 -0.995074
vn 0.010865 0.081400 -0.996622
vn 0.076469 0.081033 -0.993774
vn 0.143722 0.081718 -0.986238
vn 0.214107 0.083513 -0.973234
vn 0.289239 0.086528 -0.953338
vn 0.370871 0.090917 -0.924223
vn 0.460772 0.096870 -0.882216
vn 0.560289 0.104555 -0.821672
vn 0.669193 0.113990 -0.734294
vn 0.783180 0.124734 -0.609155
vn 0.889919 0.135405 -0.435556
vn 0.966743 0.143371 -0.211785
vn 0.959129 0.282969 -0.000388
vn 0.929337 0.276842 0.244316
vn 0.851021 0.260974 0.455692
vn 0.747586 0.240824 0.618966
vn 0.638654 0.220888 0.737109
vn 0.534674 0.203477 0.820196
vn 0.439269 0.189315 0.878182
vn 0.352589 0.178368 0.918622
vn 0.273415 0.170337 0.946694
vn 0.200137 0.164893 0.965793
vn 0.131144 0.161766 0.978076
vn 0.064931 0.160769 0.984854
vn 0.000100 0.161806 0.986823
vn -0.064684 0.164870 0.984192
vn -0.130750 0.170045 0.976724
vn -0.199473 0.177502 0.963693
vn -0.272313 0.187507 0.943762
vn -0.350809 0.200410 0.914751
vn -0.436455 0.216604 0.873264
vn -0.530306 0.236413 0.814177
vn -0.632006 0.259798 0.730119
vn -0.737794 0.285754 0.611559
vn -0.837445 0.311371 0.449149
vn -0.912364 0.331210 0.240606
vn -0.940845 0.338837 0.000381
vn -0.912560 0.331179 -0.239906
vn -0.837768 0.311301 -0.448595
vn -0.738165 0.285637 -0.611166
vn -0.632373 0.259633 -0.729860
vn -0.530645 0.236207 -0.814016
vn -0.436762 0.216364 -0.873170
vn -0.351085 0.200143 -0.914703
vn -0.272564 0.187219 -0.943747
vn -0.199703 0.177197 -0.963701
vn -0.130966 0.169727 -0.976750
vn -0.064890 0.164543 -0.984233
vn -0.000100 0.161471 -0.986877
vn 0.064732 0.160428 -0.984923
vn 0.130942 0.161421 -0.978160
vn 0.199929 0.164546 -0.965895
vn 0.273196 0.169989 -0.946820
vn 0.352354 0.178023 -0.918779
vn 0.439013 0.188976 -0.878382
vn 0.534397 0.203149 -0.820458
vn 0.638358 0.220581 -0.737457
vn 0.747289 0.240553 -0.619429
vn 0.850764 0.260765 -0.456292
vn 0.929181 0.276725 -0.245041
vn 0.859637 0.510905 -0.000701
vn 0.836557 0.501955 0.219576
vn 0.774361 0.478246 0.414302
vn 0.689167 0.447040 0.570267
vn 0.595945 0.414977 0.687491
vn 0.503919 0.386027 0.772689
vn 0.417181 0.361848 0.833682
vn 0.336751 0.342776 0.876985
vn 0.262179 0.328574 0.907360
vn 0.192431 0.318842 0.928068
vn 0.126309 0.313201 0.941250
vn 0.062615 0.311370 0.948224
vn 0.000193 0.313191 0.949690
vn -0.062065 0.318637 0.945843
vn -0.125250 0.327806 0.936406
vn -0.190443 0.340919 0.920601
vn -0.258711 0.358298 0.897046
vn -0.331043 0.380324 0.863576
vn -0.408166 0.407329 0.816997
vn -0.490133 0.439354 0.752820
vn -0.575533 0.475689 0.665193
vn -0.660199 0.514120 0.547557
vn -0.735812 0.550076 0.394963
vn -0.789939 0.576595 0.208650
vn -0.809936 0.586517 0.000660
vn -0.790213 0.576665 -0.207412
vn -0.736286 0.550182 -0.393932
vn -0.660774 0.514216 -0.546772
vn -0.576132 0.475744 -0.664634
vn -0.490714 0.439354 -0.752441
vn -0.408709 0.407273 -0.816753
vn -0.331546 0.380217 -0.863430
vn -0.259177 0.358145 -0.896972
vn -0.190878 0.340727 -0.920582
vn -0.125662 0.327581 -0.936429
vn -0.062461 0.318383 -0.945902
vn -0.000193 0.312912 -0.949782
vn 0.062230 0.311068 -0.948348
vn 0.125919 0.312879 -0.941409
vn 0.192029 0.318501 -0.928268
vn 0.261758 0.328215 -0.907611
vn 0.336305 0.342400 -0.877303
vn 0.416705 0.361458 -0.834089
vn 0.503413 0.385630 -0.773217
vn 0.595422 0.414584 -0.688181
vn 0.688660 0.446677 -0.571163
vn 0.773938 0.477954 -0.415428
vn 0.836309 0.501789 -0.220898
vn 0.742418 0.669936 -0.000917
vn 0.725761 0.661137 0.190184
vn 0.679666 0.637215 0.363332
vn 0.613917 0.604442 0.507697
vn 0.538676 0.569241 0.621122
vn 0.461260 0.536129 0.706969
vn 0.385721 0.507510 0.770489
vn 0.313740 0.484318 0.816703
vn 0.245617 0.466691 0.849630
vn 0.180957 0.454422 0.872213
vn 0.119057 0.447217 0.886466
vn 0.059108 0.444814 0.893670
vn 0.000276 0.447044 0.894512
vn -0.058252 0.453844 0.889175
vn -0.117256 0.465254 0.877377
vn -0.177459 0.481402 0.858348
vn -0.239482 0.502455 0.830775
vn -0.303745 0.528538 0.792708
vn -0.370276 0.559572 0.741468
vn -0.438389 0.595003 0.673637
vn -0.506181 0.633387 0.585322
vn -0.569951 0.671892 0.472988
vn -0.623883 0.706000 0.335164
vn -0.660717 0.729999 0.174800
vn -0.673977 0.738752 0.000832
vn -0.660989 0.730131 -0.173211
vn -0.624373 0.706225 -0.333774
vn -0.570579 0.672153 -0.471858
vn -0.506874 0.633634 -0.584454
vn -0.439096 0.595204 -0.672999
vn -0.370967 0.559711 -0.741018
vn -0.304406 0.528610 -0.792406
vn -0.240112 0.502463 -0.830589
vn -0.178061 0.481349 -0.858253
vn -0.117834 0.465146 -0.877357
vn -0.058813 0.453685 -0.889219
vn -0.000276 0.446839 -0.894614
vn 0.058557 0.444565 -0.893830
vn 0.118500 0.446926 -0.886688
vn 0.180386 0.454091 -0.872503
vn 0.245025 0.466320 -0.850005
vn 0.313122 0.483909 -0.817182
vn 0.385076 0.507066 -0.771103
vn 0.460594 0.535661 -0.707757
vn 0.538013 0.568768 -0.622130
vn 0.613302 0.604000 -0.508964
vn 0.679175 0.636861 -0.364868
vn 0.725482 0.660936 -0.191935
vn 0.632666 0.774424 -0.001058
vn 0.620745 0.767010 0.162390
vn 0.587008 0.746407 0.313525
vn 0.537170 0.717184 0.443954
vn 0.477772 0.684508 0.550620
vn 0.414189 0.652541 0.634537
vn 0.349951 0.623944 0.698734
vn 0.286969 0.600103 0.746676
vn 0.226025 0.581571 0.781465
vn 0.167229 0.568442 0.805548
vn 0.110320 0.560609 0.820699
vn 0.054862 0.557908 0.828088
vn 0.000346 0.560191 0.828364
vn -0.053741 0.567361 0.821713
vn -0.107876 0.579368 0.807896
vn -0.162451 0.596181 0.786243
vn -0.217717 0.617732 0.755650
vn -0.273677 0.643819 0.714562
vn -0.329949 0.673952 0.661001
vn -0.385549 0.707140 0.592710
vn -0.438662 0.741632 0.507501
vn -0.486454 0.774720 0.403945
vn -0.525167 0.802785 0.282377
vn -0.550696 0.821849 0.145937
vn -0.559722 0.828680 0.000936
vn -0.550942 0.822003 -0.144129
vn -0.525624 0.803059 -0.280740
vn -0.487066 0.775064 -0.402545
vn -0.439369 0.741994 -0.506360
vn -0.386303 0.707477 -0.591816
vn -0.330716 0.674237 -0.660326
vn -0.274438 0.644038 -0.714072
vn -0.218462 0.617879 -0.755315
vn -0.163178 0.596255 -0.786036
vn -0.108586 0.579371 -0.807798
vn -0.054440 0.567296 -0.821713
vn -0.000346 0.560059 -0.828453
vn 0.054169 0.557712 -0.828265
vn 0.109621 0.560352 -0.820968
vn 0.166517 0.568124 -0.805920
vn 0.225296 0.581194 -0.781956
vn 0.286220 0.599670 -0.747311
vn 0.349188 0.623462 -0.699544
vn 0.413425 0.652027 -0.635563
vn 0.477038 0.683989 -0.551900
vn 0.536516 0.716705 -0.445516
vn 0.586505 0.746030 -0.315358
vn 0.620469 0.766800 -0.164428
vn 0.538439 0.842664 -0.001147
vn 0.529731 0.836809 0.138333
vn 0.504647 0.820254 0.269287
vn 0.466566 0.796128 0.385352
vn 0.419662 0.768255 0.483392
vn 0.367733 0.740062 0.563099
vn 0.313625 0.714052 0.625914
vn 0.259157 0.691788 0.673993
vn 0.205328 0.674099 0.709529
vn 0.152559 0.661341 0.734407
vn 0.100921 0.653596 0.750084
vn 0.050278 0.650818 0.757567
vn 0.000403 0.652903 0.757441
vn -0.048957 0.659731 0.749906
vn -0.098025 0.671166 0.734797
vn -0.146936 0.687035 0.711613
vn -0.195682 0.707068 0.679532
vn -0.244028 0.730824 0.637453
vn -0.291423 0.757571 0.584088
vn -0.336881 0.786159 0.518137
vn -0.378902 0.814903 0.438596
vn -0.415461 0.841556 0.345217
vn -0.444167 0.863466 0.239043
vn -0.462646 0.877994 0.122820
vn -0.469106 0.883141 0.001000
vn -0.462867 0.878148 -0.120872
vn -0.444585 0.863749 -0.237238
vn -0.416038 0.841926 -0.343619
vn -0.379592 0.815312 -0.437237
vn -0.337642 0.786566 -0.517022
vn -0.292224 0.757944 -0.583204
vn -0.244847 0.731140 -0.636776
vn -0.196504 0.707315 -0.679037
vn -0.147755 0.687205 -0.711279
vn -0.098838 0.671257 -0.734605
vn -0.049766 0.659741 -0.749843
vn -0.000404 0.652834 -0.757501
vn 0.049469 0.650670 -0.757748
vn 0.100105 0.653370 -0.750391
vn 0.151734 0.661038 -0.734850
vn 0.204492 0.673724 -0.710126
vn 0.258314 0.691346 -0.674770
vn 0.312783 0.713556 -0.626901
vn 0.366914 0.739531 -0.564329
vn 0.418899 0.767725 -0.484893
vn 0.465909 0.795647 -0.387135
vn 0.504157 0.819882 -0.271328
vn 0.529467 0.836605 -0.140559
vn 0.459694 0.888077 -0.001205
vn 0.453149 0.883576 0.118108
vn 0.434036 0.870675 0.231381
vn 0.404417 0.851488 0.333789
vn 0.366991 0.828749 0.422483
vn 0.324420 0.805119 0.496523
vn 0.278903 0.782747 0.556345
vn 0.232029 0.763147 0.603133
vn 0.184823 0.747260 0.638313
vn 0.137870 0.735600 0.663238
vn 0.091449 0.728396 0.679026
vn 0.045647 0.725698 0.686498
vn 0.000450 0.727449 0.686162
vn -0.044193 0.733524 0.678226
vn -0.088309 0.743732 0.662619
vn -0.131855 0.757806 0.639018
vn -0.174664 0.775356 0.606890
vn -0.216392 0.795821 0.565547
vn -0.256457 0.818393 0.514259
vn -0.293994 0.841960 0.452405
vn -0.327839 0.865071 0.379703
vn -0.356569 0.885977 0.296487
vn -0.378637 0.902789 0.203975
vn -0.392614 0.913756 0.104424
vn -0.397467 0.917616 0.001042
vn -0.392815 0.913901 -0.102383
vn -0.379023 0.903059 -0.202053
vn -0.357111 0.886340 -0.294744
vn -0.328504 0.865487 -0.378177
vn -0.294748 0.842391 -0.451110
vn -0.257271 0.818806 -0.513195
vn -0.217244 0.796190 -0.564701
vn -0.175538 0.775663 -0.606245
vn -0.132740 0.758039 -0.638559
vn -0.089201 0.743884 -0.662330
vn -0.045089 0.733589 -0.678096
vn -0.000450 0.727426 -0.686186
vn 0.044744 0.725586 -0.686675
vn 0.090540 0.728197 -0.679362
vn 0.136956 0.735315 -0.663743
vn 0.183907 0.746894 -0.639005
vn 0.231118 0.762710 -0.604035
vn 0.278012 0.782255 -0.557482
vn 0.323572 0.804597 -0.497920
vn 0.366222 0.828234 -0.424157
vn 0.403772 0.851029 -0.335736
vn 0.433566 0.870326 -0.233566
vn 0.452900 0.883386 -0.120459
vn 0.393979 0.919119 -0.001242
vn 0.388927 0.915698 0.101160
vn 0.374010 0.905786 0.199168
vn 0.350533 0.890814 0.289097
vn 0.320281 0.872720 0.368484
vn 0.285130 0.853507 0.436150
vn 0.246751 0.834925 0.491949
vn 0.206470 0.818318 0.536401
vn 0.165243 0.804615 0.570341
vn 0.123710 0.794393 0.594672
vn 0.082267 0.787963 0.610202
vn 0.041147 0.785442 0.617566
vn 0.000486 0.786817 0.617187
vn -0.039618 0.791967 0.609277
vn -0.079059 0.800683 0.593849
vn -0.117678 0.812654 0.570741
vn -0.155221 0.827447 0.539665
vn -0.191308 0.844474 0.500265
vn -0.225395 0.862961 0.452212
vn -0.256762 0.881924 0.395328
vn -0.284521 0.900180 0.329734
vn -0.307668 0.916403 0.256018
vn -0.325177 0.929252 0.175361
vn -0.336143 0.937541 0.089586
vn -0.339937 0.940448 0.001071
vn -0.336329 0.937673 -0.087479
vn -0.325537 0.929502 -0.173356
vn -0.308182 0.916745 -0.254169
vn -0.285163 0.900581 -0.328080
vn -0.257503 0.882350 -0.393891
vn -0.226212 0.863381 -0.451000
vn -0.192179 0.844862 -0.499275
vn -0.156130 0.827782 -0.538889
vn -0.118612 0.812920 -0.570168
vn -0.080011 0.800870 -0.593469
vn -0.040582 0.792067 -0.609084
vn -0.000486 0.786826 -0.617175
vn 0.040168 0.785358 -0.617737
vn 0.081284 0.787786 -0.610563
vn 0.122727 0.794126 -0.595232
vn 0.164268 0.804265 -0.571116
vn 0.205513 0.817897 -0.537410
vn 0.245830 0.834452 -0.493212
vn 0.284270 0.853010 -0.437681
vn 0.319516 0.872236 -0.370290
vn 0.349904 0.890388 -0.291163
vn 0.373559 0.905467 -0.201452
vn 0.388691 0.915526 -0.103591
vn 0.338630 0.940919 -0.001265
vn 0.334645 0.938334 0.086842
vn 0.322768 0.930778 0.171679
vn 0.303854 0.919226 0.250392
vn 0.279113 0.905051 0.320904
vn 0.249881 0.889739 0.382000
vn 0.217423 0.874668 0.433225
vn 0.182818 0.860969 0.474669
vn 0.146916 0.849486 0.506744
vn 0.110347 0.840788 0.529999
vn 0.073559 0.835217 0.544978
vn 0.036871 0.832930 0.552149
vn 0.000515 0.833942 0.551852
vn -0.035312 0.838151 0.544294
vn -0.070416 0.845351 0.529550
vn -0.104570 0.855231 0.507587
vn -0.137480 0.867366 0.478305
vn -0.168767 0.881202 0.441589
vn -0.197949 0.896050 0.397381
vn -0.224439 0.911082 0.345770
vn -0.247560 0.925361 0.287092
vn -0.266590 0.937890 0.222019
vn -0.280829 0.947706 0.151621
vn -0.289678 0.953991 0.077375
vn -0.292735 0.956193 0.001094
vn -0.289853 0.954111 -0.075218
vn -0.281170 0.947933 -0.149553
vn -0.267082 0.938204 -0.220090
vn -0.248182 0.925736 -0.285341
vn -0.225169 0.911488 -0.344222
vn -0.198766 0.896458 -0.396050
vn -0.169651 0.881587 -0.440480
vn -0.138414 0.867706 -0.477418
vn -0.105541 0.855509 -0.506917
vn -0.071415 0.845554 -0.529091
vn -0.036329 0.838270 -0.544044
vn -0.000515 0.833970 -0.551809
vn 0.035832 0.832865 -0.552315
vn 0.072519 0.835059 -0.545361
vn 0.109312 0.840540 -0.530606
vn 0.145897 0.849156 -0.507591
vn 0.181830 0.860571 -0.475768
vn 0.216484 0.874223 -0.434589
vn 0.249018 0.889276 -0.383637
vn 0.278358 0.904605 -0.322809
vn 0.303243 0.918839 -0.252543
vn 0.322336 0.930491 -0.174031
vn 0.334420 0.938181 -0.089326
vn 0.291394 0.956602 -0.001280
vn 0.288199 0.954660 0.074597
vn 0.278601 0.948936 0.147991
vn 0.263175 0.940103 0.216669
vn 0.242760 0.929131 0.278896
vn 0.218318 0.917115 0.333523
vn 0.190810 0.905114 0.379947
vn 0.161102 0.894048 0.418001
vn 0.129927 0.884640 0.447807
vn 0.097872 0.877413 0.469647
vn 0.065394 0.872699 0.483859
vn 0.032853 0.870672 0.490765
vn 0.000539 0.871367 0.490632
vn -0.031297 0.874703 0.483648
vn -0.062406 0.880495 0.469930
vn -0.092525 0.888456 0.449539
vn -0.121349 0.898200 0.422506
vn -0.148521 0.909239 0.388878
vn -0.173621 0.920986 0.348769
vn -0.196170 0.932768 0.302425
vn -0.215651 0.943852 0.250277
vn -0.231534 0.953489 0.193002
vn -0.243325 0.960984 0.131543
vn -0.250615 0.965758 0.067108
vn -0.253133 0.967431 0.001112
vn -0.250782 0.965865 -0.064912
vn -0.243652 0.961188 -0.129427
vn -0.232010 0.953775 -0.191011
vn -0.216259 0.944195 -0.248450
vn -0.196892 0.933145 -0.300789
vn -0.174436 0.921371 -0.347344
vn -0.149413 0.909607 -0.387673
vn -0.122302 0.898530 -0.421528
vn -0.093525 0.888731 -0.448788
vn -0.063441 0.880700 -0.469407
vn -0.032357 0.874828 -0.483351
vn -0.000539 0.871405 -0.490564
vn 0.031768 0.870619 -0.490930
vn 0.064309 0.872556 -0.484263
vn 0.096798 0.877183 -0.470298
vn 0.128877 0.884333 -0.448715
vn 0.160093 0.893679 -0.419176
vn 0.189862 0.904705 -0.381395
vn 0.217458 0.916692 -0.335243
vn 0.242017 0.928728 -0.280876
vn 0.262581 0.939757 -0.218881
vn 0.278185 0.948681 -0.150389
vn 0.287984 0.954525 -0.077115
vn 0.250503 0.968115 -0.001288
vn 0.247915 0.966667 0.063981
vn 0.240083 0.962364 0.127338
vn 0.227401 0.955674 0.187017
vn 0.210462 0.947283 0.241580
vn 0.189967 0.937988 0.289985
vn 0.166647 0.928590 0.331585
vn 0.141194 0.919816 0.366064
vn 0.114227 0.912262 0.393357
vn 0.086274 0.906381 0.413559
vn 0.057775 0.902477 0.426847
vn 0.029098 0.900718 0.433428
vn 0.000557 0.901155 0.433497
vn -0.027564 0.903725 0.427225
vn -0.054995 0.908273 0.414747
vn -0.081456 0.914551 0.396183
vn -0.106650 0.922227 0.371648
vn -0.130247 0.930889 0.341294
vn -0.151885 0.940054 0.305335
vn -0.171174 0.949186 0.264094
vn -0.187712 0.957718 0.218039
vn -0.201102 0.965090 0.167810
vn -0.210985 0.970792 0.114230
vn -0.217074 0.974413 0.058292
vn -0.219180 0.975684 0.001127
vn -0.217236 0.974508 -0.056064
vn -0.211303 0.970974 -0.112074
vn -0.201566 0.965345 -0.165770
vn -0.188309 0.958028 -0.216152
vn -0.171889 0.949529 -0.262389
vn -0.152700 0.940408 -0.303834
vn -0.131146 0.931231 -0.340013
vn -0.107618 0.922538 -0.370597
vn -0.082479 0.914813 -0.395367
vn -0.056059 0.908471 -0.414171
vn -0.028659 0.903848 -0.426892
vn -0.000557 0.901196 -0.433412
vn 0.027975 0.900674 -0.433594
vn 0.056656 0.902346 -0.427272
vn 0.085171 0.906170 -0.414248
vn 0.113155 0.911981 -0.394319
vn 0.140172 0.919479 -0.367302
vn 0.165696 0.928218 -0.333100
vn 0.189113 0.937607 -0.291770
vn 0.209731 0.946923 -0.243616
vn 0.226822 0.955368 -0.189273
vn 0.239680 0.962140 -0.129766
vn 0.247709 0.966548 -0.066519
vn 0.214606 0.976700 -0.001291
vn 0.212500 0.975632 0.054652
vn 0.206076 0.972434 0.109108
vn 0.195613 0.967429 0.160674
vn 0.181532 0.961101 0.208162
vn 0.164351 0.954024 0.250654
vn 0.144625 0.946794 0.287515
vn 0.122905 0.939969 0.318359
vn 0.099707 0.934026 0.343007
vn 0.075491 0.929340 0.361426
vn 0.050666 0.926174 0.373678
vn 0.025587 0.924683 0.379878
vn 0.000572 0.924920 0.380161
vn -0.024090 0.926845 0.374671
vn -0.048121 0.930331 0.363550
vn -0.071244 0.935175 0.346946
vn -0.093176 0.941104 0.325027
vn -0.113620 0.947781 0.297997
vn -0.132265 0.954821 0.266125
vn -0.148790 0.961805 0.229766
vn -0.162877 0.968300 0.189383
vn -0.174225 0.973888 0.145562
vn -0.182567 0.978195 0.099016
vn -0.187695 0.980925 0.050570
vn -0.189473 0.981885 0.001140
vn -0.187853 0.981008 -0.048313
vn -0.182879 0.978356 -0.096826
vn -0.174682 0.974115 -0.143481
vn -0.163468 0.968577 -0.187447
vn -0.149500 0.962114 -0.228006
vn -0.133081 0.955141 -0.264565
vn -0.114526 0.948092 -0.296655
vn -0.094158 0.941388 -0.323917
vn -0.072286 0.935416 -0.346080
vn -0.049209 0.930515 -0.362934
vn -0.025212 0.926960 -0.374312
vn -0.000572 0.924960 -0.380065
vn 0.024436 0.924643 -0.380050
vn 0.049521 0.926055 -0.374125
vn 0.074367 0.929148 -0.362152
vn 0.098620 0.933770 -0.344016
vn 0.121876 0.939665 -0.319651
vn 0.143675 0.946461 -0.289085
vn 0.163505 0.953685 -0.252489
vn 0.180815 0.960784 -0.210239
vn 0.195048 0.967161 -0.162960
vn 0.205686 0.972239 -0.111554
vn 0.212301 0.975529 -0.057200
vn 0.182672 0.983173 -0.001291
vn 0.180958 0.982398 0.046347
vn 0.175690 0.980060 0.092822
vn 0.167064 0.976379 0.137019
vn 0.155386 0.971692 0.177963
vn 0.141036 0.966407 0.214862
vn 0.124439 0.960960 0.247125
vn 0.106030 0.955767 0.274348
vn 0.086231 0.951198 0.296289
vn 0.065439 0.947550 0.312835
vn 0.044018 0.945044 0.323968
vn 0.022298 0.943811 0.329732
vn 0.000583 0.943905 0.330216
vn -0.020844 0.945301 0.325532
vn -0.041714 0.947903 0.315816
vn -0.061764 0.951550 0.301227
vn -0.080730 0.956026 0.281953
vn -0.098348 0.961066 0.258224
vn -0.114351 0.966372 0.230325
vn -0.128475 0.971621 0.198612
vn -0.140466 0.976488 0.163523
vn -0.150090 0.980664 0.125583
vn -0.157145 0.983876 0.085405
vn -0.161475 0.985910 0.043679
vn -0.162982 0.986628 0.001152
vn -0.161631 0.985983 -0.041397
vn -0.157452 0.984017 -0.083187
vn -0.150542 0.980863 -0.123468
vn -0.141053 0.976733 -0.161547
vn -0.129185 0.971894 -0.196807
vn -0.115170 0.966656 -0.228717
vn -0.099261 0.961345 -0.256834
vn -0.081723 0.956281 -0.280799
vn -0.062821 0.951767 -0.300322
vn -0.042822 0.948068 -0.315171
vn -0.021989 0.945405 -0.325155
vn -0.000583 0.943941 -0.330115
vn 0.021124 0.943775 -0.329914
vn 0.042852 0.944936 -0.324436
vn 0.064299 0.947378 -0.313594
vn 0.085135 0.950969 -0.297338
vn 0.104998 0.955497 -0.275684
vn 0.123494 0.960666 -0.248739
vn 0.140200 0.966110 -0.216736
vn 0.154681 0.971416 -0.180071
vn 0.166513 0.976146 -0.139325
vn 0.175311 0.979892 -0.095278
vn 0.180765 0.982310 -0.048897
vn 0.153907 0.988085 -0.001289
vn 0.152521 0.987536 0.038861
vn 0.148224 0.985865 0.078104
vn 0.141155 0.983220 0.115555
vn 0.131536 0.979833 0.150419
vn 0.119647 0.975987 0.182030
vn 0.105811 0.971990 0.209858
vn 0.090369 0.968146 0.233511
vn 0.073662 0.964730 0.252725
vn 0.056025 0.961972 0.267342
vn 0.037773 0.960043 0.277291
vn 0.019202 0.959055 0.282568
vn 0.000593 0.959055 0.283219
vn -0.017793 0.960030 0.279331
vn -0.035703 0.961910 0.271024
vn -0.052894 0.964575 0.258452
vn -0.069129 0.967860 0.241803
vn -0.084174 0.971565 0.221308
vn -0.097801 0.975463 0.197248
vn -0.109792 0.979316 0.169959
vn -0.119942 0.982883 0.139840
vn -0.128068 0.985938 0.107353
vn -0.134013 0.988285 0.073022
vn -0.137662 0.989772 0.037420
vn -0.138938 0.990300 0.001163
vn -0.137816 0.989835 -0.035114
vn -0.134318 0.988407 -0.070777
vn -0.128517 0.986111 -0.105209
vn -0.120528 0.983095 -0.137831
vn -0.110502 0.979554 -0.168117
vn -0.098623 0.975712 -0.195602
vn -0.085094 0.971808 -0.219881
vn -0.070133 0.968084 -0.240614
vn -0.053966 0.964765 -0.257518
vn -0.036828 0.962055 -0.270359
vn -0.018956 0.960120 -0.278944
vn -0.000593 0.959085 -0.283119
vn 0.018011 0.959021 -0.282761
vn 0.036593 0.959947 -0.277781
vn 0.054875 0.961818 -0.268131
vn 0.072562 0.964529 -0.253810
vn 0.089338 0.967909 -0.234885
vn 0.104872 0.971734 -0.211507
vn 0.118821 0.975730 -0.183934
vn 0.130843 0.979596 -0.152549
vn 0.140617 0.983022 -0.117872
vn 0.147855 0.985722 -0.080564
vn 0.152334 0.987461 -0.041409
vn 0.127693 0.991813 -0.001284
vn 0.126589 0.991438 0.032037
vn 0.123125 0.990283 0.064657
vn 0.117402 0.988445 0.095878
vn 0.109578 0.986079 0.125065
vn 0.099862 0.983374 0.151665
vn 0.088496 0.980544 0.175220
vn 0.075741 0.977800 0.195373
vn 0.061872 0.975339 0.211863
vn 0.047161 0.973329 0.224514
vn 0.031876 0.971900 0.233226
vn 0.016273 0.971138 0.237962
vn 0.000600 0.971084 0.238737
vn -0.014907 0.971733 0.235611
vn -0.030023 0.973037 0.228685
vn -0.044528 0.974911 0.218098
vn -0.058214 0.977234 0.204023
vn -0.070879 0.979861 0.186679
vn -0.082329 0.982628 0.166323
vn -0.092384 0.985364 0.143260
vn -0.100879 0.987895 0.117842
vn -0.107668 0.990062 0.090467
vn -0.112631 0.991727 0.061575
vn -0.115678 0.992783 0.031643
vn -0.116751 0.993160 0.001174
vn -0.115831 0.992836 -0.029315
vn -0.112935 0.991831 -0.059306
vn -0.108117 0.990209 -0.088296
vn -0.101465 0.988076 -0.115805
vn -0.093096 0.985567 -0.141389
vn -0.083156 0.982841 -0.164647
vn -0.071806 0.980069 -0.185223
vn -0.059228 0.977425 -0.202810
vn -0.045613 0.975073 -0.217145
vn -0.031163 0.973160 -0.228008
vn -0.016086 0.971809 -0.235221
vn -0.000600 0.971107 -0.238643
vn 0.015069 0.971107 -0.238170
vn 0.030686 0.971815 -0.233740
vn 0.046005 0.973195 -0.225332
vn 0.060770 0.975165 -0.212980
vn 0.074714 0.977597 -0.196779
vn 0.087564 0.980326 -0.176898
vn 0.099047 0.983158 -0.153591
vn 0.108898 0.985880 -0.127210
vn 0.116875 0.988280 -0.098202
vn 0.122765 0.990164 -0.067115
vn 0.126406 0.991376 -0.034578
vn 0.103546 0.994624 -0.001279
vn 0.102687 0.994380 0.025749
vn 0.099952 0.993620 0.052244
vn 0.095413 0.992403 0.077666
vn 0.089183 0.990828 0.101517
vn 0.081413 0.989018 0.123351
vn 0.072281 0.987111 0.142787
vn 0.061987 0.985247 0.159516
vn 0.050742 0.983562 0.173297
vn 0.038766 0.982170 0.183957
vn 0.026275 0.981164 0.191384
vn 0.013485 0.980607 0.195522
vn 0.000606 0.980530 0.196366
vn -0.012159 0.980936 0.193953
vn -0.024613 0.981792 0.188360
vn -0.036570 0.983041 0.179705
vn -0.047848 0.984601 0.168140
vn -0.058278 0.986373 0.153856
vn -0.067698 0.988244 0.137078
vn -0.075961 0.990096 0.118071
vn -0.082934 0.991810 0.097134
vn -0.088503 0.993278 0.074602
vn -0.092573 0.994407 0.050837
vn -0.095075 0.995125 0.026229
vn -0.095965 0.995384 0.001185
vn -0.095228 0.995169 -0.023879
vn -0.092877 0.994493 -0.048546
vn -0.088953 0.993401 -0.072407
vn -0.083522 0.991960 -0.095073
vn -0.076677 0.990265 -0.116176
vn -0.068530 0.988421 -0.135379
vn -0.059213 0.986547 -0.152379
vn -0.048872 0.984760 -0.166910
vn -0.037666 0.983175 -0.178740
vn -0.025766 0.981893 -0.187677
vn -0.013350 0.980997 -0.193564
vn -0.000606 0.980547 -0.196282
vn 0.012271 0.980578 -0.195747
vn 0.025078 0.981090 -0.191920
vn 0.037607 0.982056 -0.184801
vn 0.049642 0.983415 -0.174442
vn 0.060964 0.985078 -0.160948
vn 0.071357 0.986930 -0.144488
vn 0.080608 0.988840 -0.125294
vn 0.088515 0.990665 -0.103670
vn 0.094897 0.992268 -0.079991
vn 0.099600 0.993523 -0.054696
vn 0.102508 0.994330 -0.028280
vn 0.081084 0.996706 -0.001272
vn 0.080442 0.996561 0.019899
vn 0.078357 0.996095 0.040677
vn 0.074877 0.995346 0.060659
vn 0.070081 0.994371 0.079464
vn 0.064075 0.993244 0.096746
vn 0.056989 0.992050 0.112204
vn 0.048968 0.990874 0.125581
vn 0.040172 0.989801 0.136673
vn 0.030767 0.988906 0.145321
vn 0.020924 0.988248 0.151420
vn 0.010815 0.987870 0.154904
vn 0.000611 0.987795 0.155756
vn -0.009523 0.988026 0.153993
vn -0.019425 0.988545 0.149673
vn -0.028938 0.989316 0.142885
vn -0.037916 0.990289 0.133756
vn -0.046218 0.991399 0.122441
vn -0.053715 0.992575 0.109128
vn -0.060289 0.993742 0.094034
vn -0.065835 0.994824 0.077402
vn -0.070264 0.995752 0.059504
vn -0.073503 0.996467 0.040628
vn -0.075500 0.996923 0.021085
vn -0.076221 0.997090 0.001195
vn -0.075654 0.996958 -0.018714
vn -0.073809 0.996536 -0.038316
vn -0.070716 0.995850 -0.057288
vn -0.066427 0.994944 -0.075320
vn -0.061010 0.993877 -0.092118
vn -0.054554 0.992717 -0.107410
vn -0.047162 0.991538 -0.120949
vn -0.038949 0.990416 -0.132514
vn -0.030045 0.989423 -0.141914
vn -0.020588 0.988624 -0.148990
vn -0.010725 0.988073 -0.153611
vn -0.000610 0.987807 -0.155684
vn 0.009595 0.987845 -0.155148
vn 0.019724 0.988187 -0.151978
vn 0.029608 0.988813 -0.146190
vn 0.039074 0.989683 -0.137842
vn 0.047952 0.990738 -0.127036
vn 0.056075 0.991906 -0.113922
vn 0.063281 0.993103 -0.098701
vn 0.069423 0.994243 -0.081621
vn 0.074370 0.995240 -0.062981
vn 0.078013 0.996019 -0.043121
vn 0.080268 0.996521 -0.022417
vn 0.060024 0.998196 -0.001264
vn 0.059578 0.998120 0.014413
vn 0.058078 0.997867 0.029817
vn 0.055558 0.997456 0.044661
vn 0.052068 0.996919 0.058670
vn 0.047681 0.996294 0.071592
vn 0.042485 0.995627 0.083200
vn 0.036582 0.994966 0.093298
vn 0.030083 0.994358 0.101723
vn 0.023110 0.993845 0.108346
vn 0.015789 0.993461 0.113075
vn 0.008247 0.993233 0.115849
vn 0.000614 0.993174 0.116642
vn -0.006983 0.993288 0.115461
vn -0.014419 0.993565 0.112340
vn -0.021573 0.993988 0.107347
vn -0.028331 0.994526 0.100573
vn -0.034585 0.995145 0.092138
vn -0.040236 0.995805 0.082185
vn -0.045193 0.996460 0.070880
vn -0.049378 0.997071 0.058412
vn -0.052723 0.997595 0.044984
vn -0.055175 0.998001 0.030817
vn -0.056694 0.998261 0.016144
vn -0.057255 0.998359 0.001206
vn -0.056849 0.998288 -0.013753
vn -0.055483 0.998053 -0.028485
vn -0.053179 0.997670 -0.042749
vn -0.049975 0.997162 -0.056311
vn -0.045921 0.996563 -0.068949
vn -0.041083 0.995911 -0.080454
vn -0.035538 0.995250 -0.090636
vn -0.029374 0.994621 -0.099325
vn -0.022690 0.994067 -0.106375
vn -0.015592 0.993624 -0.111662
vn -0.008193 0.993321 -0.115089
vn -0.000614 0.993180 -0.116586
vn 0.007022 0.993211 -0.116111
vn 0.014587 0.993413 -0.113655
vn 0.021953 0.993773 -0.109238
vn 0.028991 0.994268 -0.102913
vn 0.035574 0.994863 -0.094770
vn 0.041581 0.995519 -0.084931
vn 0.046898 0.996188 -0.073554
vn 0.051421 0.996823 -0.060829
vn 0.055060 0.997377 -0.046978
vn 0.057741 0.997811 -0.032250
vn 0.059407 0.998090 -0.016916
vn 0.040233 0.999190 -0.001255
vn 0.039965 0.999158 0.009257
vn 0.038999 0.999047 0.019601
vn 0.037355 0.998864 0.029589
vn 0.035063 0.998622 0.039042
vn 0.032169 0.998339 0.047792
vn 0.028726 0.998035 0.055686
vn 0.024799 0.997731 0.062590
vn 0.020460 0.997449 0.068388
vn 0.015788 0.997208 0.072987
vn 0.010865 0.997024 0.076316
vn 0.005779 0.996911 0.078328
vn 0.000616 0.996875 0.078996
vn -0.004535 0.996918 0.078318
vn -0.009589 0.997038 0.076314
vn -0.014461 0.997225 0.073025
vn -0.019071 0.997468 0.068511
vn -0.023344 0.997750 0.062853
vn -0.027211 0.998052 0.056148
vn -0.030609 0.998354 0.048510
vn -0.033483 0.998636 0.040068
vn -0.035786 0.998880 0.030963
vn -0.037481 0.999069 0.021345
vn -0.038541 0.999192 0.011374
vn -0.038949 0.999240 0.001215
vn -0.038698 0.999211 -0.008963
vn -0.037792 0.999105 -0.018994
vn -0.036246 0.998930 -0.028711
vn -0.034085 0.998698 -0.037953
vn -0.031344 0.998423 -0.046566
vn -0.028066 0.998124 -0.054408
vn -0.024306 0.997821 -0.061346
vn -0.020123 0.997532 -0.067263
vn -0.015586 0.997279 -0.072057
vn -0.010770 0.997077 -0.075645
vn -0.005752 0.996940 -0.077960
vn -0.000616 0.996878 -0.078956
vn 0.004552 0.996895 -0.078610
vn 0.009664 0.996991 -0.076917
vn 0.014634 0.997158 -0.073899
vn 0.019373 0.997387 -0.069596
vn 0.023799 0.997661 -0.064076
vn 0.027831 0.997962 -0.057427
vn 0.031396 0.998268 -0.049757
vn 0.034426 0.998558 -0.041198
vn 0.036866 0.998811 -0.031897
vn 0.038668 0.999009 -0.022021
vn 0.039798 0.999139 -0.011745
vn 0.022245 0.999752 -0.001247
vn 0.022135 0.999745 0.004570
vn 0.021643 0.999713 0.010307
vn 0.020776 0.999658 0.015863
vn 0.019552 0.999585 0.021138
vn 0.017992 0.999499 0.026043
vn 0.016125 0.999405 0.030490
vn 0.013983 0.999310 0.034405
vn 0.011606 0.999221 0.037721
vn 0.009034 0.999143 0.040382
vn 0.006314 0.999083 0.042345
vn 0.003492 0.999044 0.043578
vn 0.000618 0.999029 0.044064
vn -0.002261 0.999038 0.043796
vn -0.005094 0.999071 0.042783
vn -0.007834 0.999127 0.041043
vn -0.010435 0.999200 0.038607
vn -0.012854 0.999286 0.035520
vn -0.015049 0.999380 0.031835
vn -0.016986 0.999474 0.027614
vn -0.018632 0.999563 0.022930
vn -0.019960 0.999641 0.017861
vn -0.020947 0.999703 0.012494
vn -0.021578 0.999743 0.006917
vn -0.021843 0.999761 0.001225
vn -0.021737 0.999754 -0.004488
vn -0.021262 0.999723 -0.010126
vn -0.020425 0.999670 -0.015594
vn -0.019241 0.999598 -0.020802
vn -0.017728 0.999514 -0.025661
vn -0.015912 0.999421 -0.030089
vn -0.013823 0.999326 -0.034012
vn -0.011495 0.999236 -0.037362
vn -0.008967 0.999156 -0.040083
vn -0.006281 0.999093 -0.042125
vn -0.003482 0.999049 -0.043453
vn -0.000617 0.999030 -0.044042
vn 0.002265 0.999034 -0.043879
vn 0.005115 0.999064 -0.042964
vn 0.007885 0.999115 -0.041310
vn 0.010526 0.999186 -0.038943
vn 0.012992 0.999271 -0.035902
vn 0.015239 0.999364 -0.032236
vn 0.017228 0.999459 -0.028008
vn 0.018924 0.999550 -0.023289
vn 0.020295 0.999629 -0.018161
vn 0.021317 0.999692 -0.012714
vn 0.021971 0.999734 -0.007043
vn 0.000000 1.000000 0.000000
vn 0.000000 -1.000000 0.000000
usemtl hill_grass
s 1
f 1/1/1 50/1/50 2/1/2
f 1/1/1 49/1/49 50/1/50
f 2/1/2 51/1/51 3/1/3
f 2/1/2 50/1/50 51/1/51
f 3/1/3 52/1/52 4/1/4
f 3/1/3 51/1/51 52/1/52
f 4/1/4 53/1/53 5/1/5
f 4/1/4 52/1/52 53/1/53
f 5/1/5 54/1/54 6/1/6
f 5/1/5 53/1/53 54/1/54
f 6/1/6 55/1/55 7/1/7
f 6/1/6 54/1/54 55/1/55
f 7/1/7 56/1/56 8/1/8
f 7/1/7 55/1/55 56/1/56
f 8/1/8 57/1/57 9/1/9
f 8/1/8 56/1/56 57/1/57
f 9/1/9 58/1/58 10/1/10
f 9/1/9 57/1/57 58/1/58
f 10/1/10 59/1/59 11/1/11
f 10/1/10 58/1/58 59/1/59
f 11/1/11 60/1/60 12/1/12
f 11/1/11 59/1/59 60/1/60
f 12/1/12 61/1/61 13/1/13
f 12/1/12 60/1/60 61/1/61
f 13/1/13 62/1/62 14/1/14
f 13/1/13 61/1/61 62/1/62
f 14/1/14 63/1/63 15/1/15
f 14/1/14 62/1/62 63/1/63
f 15/1/15 64/1/64 16/1/16
f 15/1/15 63/1/63 64/1/64
f 16/1/16 65/1/65 17/1/17
f 16/1/16 64/1/64 65/1/65
f 17/1/17 66/1/66 18/1/18
f 17/1/17 65/1/65 66/1/66
f 18/1/18 67/1/67 19/1/19
f 18/1/18 66/1/66 67/1/67
f 19/1/19 68/1/68 20/1/20
f 19/1/19 67/1/67 68/1/68
f 20/1/20 69/1/69 21/1/21
f 20/1/20 68/1/68 69/1/69
f 21/1/21 70/1/70 22/1/22
f 21/1/21 69/1/69 70/1/70
f 22/1/22 71/1/71 23/1/23
f 22/1/22 70/1/70 71/1/71
f 23/1/23 72/1/72 24/1/24
f 23/1/23 71/1/71 72/1/72
f 24/1/24 73/1/73 25/1/25
f 24/1/24 72/1/72 73/1/73
f 25/1/25 74/1/74 26/1/26
f 25/1/25 73/1/73 74/1/74
f 26/1/26 75/1/75 27/1/27
f 26/1/26 74/1/74 75/1/75
f 27/1/27 76/1/76 28/1/28
f 27/1/27 75/1/75 76/1/76
f 28/1/28 77/1/77 29/1/29
f 28/1/28 76/1/76 77/1/77
f 29/1/29 78/1/78 30/1/30
f 29/1/29 77/1/77 78/1/78
f 30/1/30 79/1/79 31/1/31
f 30/1/30 78/1/78 79/1/79
f 31/1/31 80/1/80 32/1/32
f 31/1/31 79/1/79 80/1/80
f 32/1/32 81/1/81 33/1/33
f 32/1/32 80/1/80 81/1/81
f 33/1/33 82/1/82 34/1/34
f 33/1/33 81/1/81 82/1/82
f 34/1/34 83/1/83 35/1/35
f 34/1/34 82/1/82 83/1/83
f 35/1/35 84/1/84 36/1/36
f 35/1/35 83/1/83 84/1/84
f 36/1/36 85/1/85 37/1/37
f 36/1/36 84/1/84 85/1/85
f 37/1/37 86/1/86 38/1/38
f 37/1/37 85/1/85 86/1/86
f 38/1/38 87/1/87 39/1/39
f 38/1/38 86/1/86 87/1/87
f 39/1/39 88/1/88 40/1/40
f 39/1/39 87/1/87 88/1/88
f 40/1/40 89/1/89 41/1/41
f 40/1/40 88/1/88 89/1/89
f 41/1/41 90/1/90 42/1/42
f 41/1/41 89/1/89 90/1/90
f 42/1/42 91/1/91 43/1/43
f 42/1/42 90/1/90 91/1/91
f 43/1/43 92/1/92 44/1/44
f 43/1/43 91/1/91 92/1/92
f 44/1/44 93/1/93 45/1/45
f 44/1/44 92/1/92 93/1/93
f 45/1/45 94/1/94 46/1/46
f 45/1/45 93/1/93 94/1/94
f 46/1/46 95/1/95 47/1/47
f 46/1/46 94/1/94 95/1/95
f 47/1/47 96/1/96 48/1/48
f 47/1/47 95/1/95 96/1/96
f 48/1/48 49/1/49 1/1/1
f 48/1/48 96/1/96 49/1/49
f 49/1/49 98/1/98 50/1/50
f 49/1/49 97/1/97 98/1/98
f 50/1/50 99/1/99 51/1/51
f 50/1/50 98/1/98 99/1/99
f 51/1/51 100/1/100 52/1/52
f 51/1/51 99/1/99 100/1/100
f 52/1/52 101/1/101 53/1/53
f 52/1/52 100/1/100 101/1/101
f 53/1/53 102/1/102 54/1/54
f 53/1/53 101/1/101 102/1/102
f 54/1/54 103/1/103 55/1/55
f 54/1/54 102/1/102 103/1/103
f 55/1/55 104/1/104 56/1/56
f 55/1/55 103/1/103 104/1/104
f 56/1/56 105/1/105 57/1/57
f 56/1/56 104/1/104 105/1/105
f 57/1/57 106/1/106 58/1/58
f 57/1/57 105/1/105 106/1/106
f 58/1/58 107/1/107 59/1/59
f 58/1/58 106/1/106 107/1/107
f 59/1/59 108/1/108 60/1/60
f 59/1/59 107/1/107 108/1/108
f 60/1/60 109/1/109 61/1/61
f 60/1/60 108/1/108 109/1/109
f 61/1/61 110/1/110 62/1/62
f 61/1/61 109/1/109 110/1/110
f 62/1/62 111/1/111 63/1/63
f 62/1/62 110/1/110 111/1/111
f 63/1/63 112/1/112 64/1/64
f 63/1/63 111/1/111 112/1/112
f 64/1/64 113/1/113 65/1/65
f 64/1/64 112/1/112 113/1/113
f 65/1/65 114/1/114 66/1/66
f 65/1/65 113/1/113 114/1/114
f 66/1/66 115/1/115 67/1/67
f 66/1/66 114/1/114 115/1/115
f 67/1/67 116/1/116 68/1/68
f 67/1/67 115/1/115 116/1/116
f 68/1/68 117/1/117 69/1/69
f 68/1/68 116/1/116 117/1/117
f 69/1/69 118/1/118 70/1/70
f 69/1/69 117/1/117 118/1/118
f 70/1/70 119/1/119 71/1/71
f 70/1/70 118/1/118 119/1/119
f 71/1/71 120/1/120 72/1/72
f 71/1/71 119/1/119 120/1/120
f 72/1/72 121/1/121 73/1/73
f 72/1/72 120/1/120 121/1/121
f 73/1/73 122/1/122 74/1/74
f 73/1/73 121/1/121 122/1/122
f 74/1/74 123/1/123 75/1/75
f 74/1/74 122/1/122 123/1/123
f 75/1/75 124/1/124 76/1/76
f 75/1/75 123/1/123 124/1/124
f 76/1/76 125/1/125 77/1/77
f 76/1/76 124/1/124 125/1/125
f 77/1/77 126/1/126 78/1/78
f 77/1/77 125/1/125 126/1/126
f 78/1/78 127/1/127 79/1/79
f 78/1/78 126/1/126 127/1/127
f 79/1/79 128/1/128 80/1/80
f 79/1/79 127/1/127 128/1/128
f 80/1/80 129/1/129 81/1/81
f 80/1/80 128/1/128 129/1/129
f 81/1/81 130/1/130 82/1/82
f 81/1/81 129/1/129 130/1/130
f 82/1/82 131/1/131 83/1/83
f 82/1/82 130/1/130 131/1/131
f 83/1/83 132/1/132 84/1/84
f 83/1/83 131/1/131 132/1/132
f 84/1/84 133/1/133 85/1/85
f 84/1/84 132/1/132 133/1/133
f 85/1/85 134/1/134 86/1/86
f 85/1/85 133/1/133 134/1/134
f 86/1/86 135/1/135 87/1/87
f 86/1/86 134/1/134 135/1/135
f 87/1/87 136/1/136 88/1/88
f 87/1/87 135/1/135 136/1/136
f 88/1/88 137/1/137 89/1/89
f 88/1/88 136/1/136 137/1/137
f 89/1/89 138/1/138 90/1/90
f 89/1/89 137/1/137 138/1/138
f 90/1/90 139/1/139 91/1/91
f 90/1/90 138/1/138 139/1/139
f 91/1/91 140/1/140 92/1/92
f 91/1/91 139/1/139 140/1/140
f 92/1/92 141/1/141 93/1/93
f 92/1/92 140/1/140 141/1/141
f 93/1/93 142/1/142 94/1/94
f 93/1/93 141/1/141 142/1/142
f 94/1/94 143/1/143 95/1/95
f 94/1/94 142/1/142 143/1/143
f 95/1/95 144/1/144 96/1/96
f 95/1/95 143/1/143 144/1/144
f 96/1/96 97/1/97 49/1/49
f 96/1/96 144/1/144 97/1/97
f 97/1/97 146/1/146 98/1/98
f 97/1/97 145/1/145 146/1/146
f 98/1/98 147/1/147 99/1/99
f 98/1/98 146/1/146 147/1/147
f 99/1/99 148/1/148 100/1/100
f 99/1/99 147/1/147 148/1/148
f 100/1/100 149/1/149 101/1/101
f 100/1/100 148/1/148 149/1/149
f 101/1/101 150/1/150 102/1/102
f 101/1/101 149/1/149 150/1/150
f 102/1/102 151/1/151 103/1/103
f 102/1/102 150/1/150 151/1/151
f 103/1/103 152/1/152 104/1/104
f 103/1/103 151/1/151 152/1/152
f 104/1/104 153/1/153 105/1/105
f 104/1/104 152/1/152 153/1/153
f 105/1/105 154/1/154 106/1/106
f 105/1/105 153/1/153 154/1/154
f 106/1/106 155/1/155 107/1/107
f 106/1/106 154/1/154 155/1/155
f 107/1/107 156/1/156 108/1/108
f 107/1/107 155/1/155 156/1/156
f 108/1/108 157/1/157 109/1/109
f 108/1/108 156/1/156 157/1/157
f 109/1/109 158/1/158 110/1/110
f 109/1/109 157/1/157 158/1/158
f 110/1/110 159/1/159 111/1/111
f 110/1/110 158/1/158 159/1/159
f 111/1/111 160/1/160 112/1/112
f 111/1/111 159/1/159 160/1/160
f 112/1/112 161/1/161 113/1/113
f 112/1/112 160/1/160 161/1/161
f 113/1/113 162/1/162 114/1/114
f 113/1/113 161/1/161 162/1/162
f 114/1/114 163/1/163 115/1/115
f 114/1/114 162/1/162 163/1/163
f 115/1/115 164/1/164 116/1/116
f 115/1/115 163/1/163 164/1/164
f 116/1/116 165/1/165 117/1/117
f 116/1/116 164/1/164 165/1/165
f 117/1/117 166/1/166 118/1/118
f 117/1/117 165/1/165 166/1/166
f 118/1/118 167/1/167 119/1/119
f 118/1/118 166/1/166 167/1/167
f 119/1/119 168/1/168 120/1/120
f 119/1/119 167/1/167 168/1/168
f 120/1/120 169/1/169 121/1/121
f 120/1/120 168/1/168 169/1/169
f 121/1/121 170/1/170 122/1/122
f 121/1/121 169/1/169 170/1/170
f 122/1/122 171/1/171 123/1/123
f 122/1/122 170/1/170 171/1/171
f 123/1/123 172/1/172 124/1/124
f 123/1/123 171/1/171 172/1/172
f 124/1/124 173/1/173 125/1/125
f 124/1/124 172/1/172 173/1/173
f 125/1/125 174/1/174 126/1/126
f 125/1/125 173/1/173 174/1/174
f 126/1/126 175/1/175 127/1/127
f 126/1/126 174/1/174 175/1/175
f 127/1/127 176/1/176 128/1/128
f 127/1/127 175/1/175 176/1/176
f 128/1/128 177/1/177 129/1/129
f 128/1/128 176/1/176 177/1/177
f 129/1/129 178/1/178 130/1/130
f 129/1/129 177/1/177 178/1/178
f 130/1/130 179/1/179 131/1/131
f 130/1/130 178/1/178 179/1/179
f 131/1/131 180/1/180 132/1/132
f 131/1/131 179/1/179 180/1/180
f 132/1/132 181/1/181 133/1/133
f 132/1/132 180/1/180 181/1/181
f 133/1/133 182/1/182 134/1/134
f 133/1/133 181/1/181 182/1/182
f 134/1/134 183/1/183 135/1/135
f 134/1/134 182/1/182 183/1/183
f 135/1/135 184/1/184 136/1/136
f 135/1/135 183/1/183 184/1/184
f 136/1/136 185/1/185 137/1/137
f 136/1/136 184/1/184 185/1/185
f 137/1/137 186/1/186 138/1/138
f 137/1/137 185/1/185 186/1/186
f 138/1/138 187/1/187 139/1/139
f 138/1/138 186/1/186 187/1/187
f 139/1/139 188/1/188 140/1/140
f 139/1/139 187/1/187 188/1/188
f 140/1/140 189/1/189 141/1/141
f 140/1/140 188/1/188 189/1/189
f 141/1/141 190/1/190 142/1/142
f 141/1/141 189/1/189 190/1/190
f 142/1/142 191/1/191 143/1/143
f 142/1/142 190/1/190 191/1/191
f 143/1/143 192/1/192 144/1/144
f 143/1/143 191/1/191 192/1/192
f 144/1/144 145/1/145 97/1/97
f 144/1/144 192/1/192 145/1/145
f 145/1/145 194/1/194 146/1/146
f 145/1/145 193/1/193 194/1/194
f 146/1/146 195/1/195 147/1/147
f 146/1/146 194/1/194 195/1/195
f 147/1/147 196/1/196 148/1/148
f 147/1/147 195/1/195 196/1/196
f 148/1/148 197/1/197 149/1/149
f 148/1/148 196/1/196 197/1/197
f 149/1/149 198/1/198 150/1/150
f 149/1/149 197/1/197 198/1/198
f 150/1/150 199/1/199 151/1/151
f 150/1/150 198/1/198 199/1/199
f 151/1/151 200/1/200 152/1/152
f 151/1/151 199/1/199 200/1/200
f 152/1/152 201/1/201 153/1/153
f 152/1/152 200/1/200 201/1/201
f 153/1/153 202/1/202 154/1/154
f 153/1/153 201/1/201 202/1/202
f 154/1/154 203/1/203 155/1/155
f 154/1/154 202/1/202 203/1/203
f 155/1/155 204/1/204 156/1/156
f 155/1/155 203/1/203 204/1/204
f 156/1/156 205/1/205 157/1/157
f 156/1/156 204/1/204 205/1/205
f 157/1/157 206/1/206 158/1/158
f 157/1/157 205/1/205 206/1/206
f 158/1/158 207/1/207 159/1/159
f 158/1/158 206/1/206 207/1/207
f 159/1/159 208/1/208 160/1/160
f 159/1/159 207/1/207 208/1/208
f 160/1/160 209/1/209 161/1/161
f 160/1/160 208/1/208 209/1/209
f 161/1/161 210/1/210 162/1/162
f 161/1/161 209/1/209 210/1/210
f 162/1/162 211/1/211 163/1/163
f 162/1/162 210/1/210 211/1/211
f 163/1/163 212/1/212 164/1/164
f 163/1/163 211/1/211 212/1/212
f 164/1/164 213/1/213 165/1/165
f 164/1/164 212/1/212 213/1/213
f 165/1/165 214/1/214 166/1/166
f 165/1/165 213/1/213 214/1/214
f 166/1/166 215/1/215 167/1/167
f 166/1/166 214/1/214 215/1/215
f 167/1/167 216/1/216 168/1/168
f 167/1/167 215/1/215 216/1/216
f 168/1/168 217/1/217 169/1/169
f 168/1/168 216/1/216 217/1/217
f 169/1/169 218/1/218 170/1/170
f 169/1/169 217/1/217 218/1/218
f 170/1/170 219/1/219 171/1/171
f 170/1/170 218/1/218 219/1/219
f 171/1/171 220/1/220 172/1/172
f 171/1/171 219/1/219 220/1/220
f 172/1/172 221/1/221 173/1/173
f 172/1/172 220/1/220 221/1/221
f 173/1/173 222/1/222 174/1/174
f 173/1/173 221/1/221 222/1/222
f 174/1/174 223/1/223 175/1/175
f 174/1/174 222/1/222 223/1/223
f 175/1/175 224/1/224 176/1/176
f 175/1/175 223/1/223 224/1/224
f 176/1/176 225/1/225 177/1/177
f 176/1/176 224/1/224 225/1/225
f 177/1/177 226/1/226 178/1/178
f 177/1/177 225/1/225 226/1/226
f 178/1/178 227/1/227 179/1/179
f 178/1/178 226/1/226 227/1/227
f 179/1/179 228/1/228 180/1/180
f 179/1/179 227/1/227 228/1/228
f 180/1/180 229/1/229 181/1/181
f 180/1/180 228/1/228 229/1/229
f 181/1/181 230/1/230 182/1/182
f 181/1/181 229/1/229 230/1/230
f 182/1/182 231/1/231 183/1/183
f 182/1/182 230/1/230 231/1/231
f 183/1/183 232/1/232 184/1/184
f 183/1/183 231/1/231 232/1/232
f 184/1/184 233/1/233 185/1/185
f 184/1/184 232/1/232 233/1/233
f 185/1/185 234/1/234 186/1/186
f 185/1/185 233/1/233 234/1/234
f 186/1/186 235/1/235 187/1/187
f 186/1/186 234/1/234 235/1/235
f 187/1/187 236/1/236 188/1/188
f 187/1/187 235/1/235 236/1/236
f 188/1/188 237/1/237 189/1/189
f 188/1/188 236/1/236 237/1/237
f 189/1/189 238/1/238 190/1/190
f 189/1/189 237/1/237 238/1/238
f 190/1/190 239/1/239 191/1/191
f 190/1/190 238/1/238 239/1/239
f 191/1/191 240/1/240 192/1/192
f 191/1/191 239/1/239 240/1/240
f 192/1/192 193/1/193 145/1/145
f 192/1/192 240/1/240 193/1/193
f 193/1/193 242/1/242 194/1/194
f 193/1/193 241/1/241 242/1/242
f 194/1/194 243/1/243 195/1/195
f 194/1/194 242/1/242 243/1/243
f 195/1/195 244/1/244 196/1/196
f 195/1/195 243/1/243 244/1/244
f 196/1/196 245/1/245 197/1/197
f 196/1/196 244/1/244 245/1/245
f 197/1/197 246/1/246 198/1/198
f 197/1/197 245/1/245 246/1/246
f 198/1/198 247/1/247 199/1/199
f 198/1/198 246/1/246 247/1/247
f 199/1/199 248/1/248 200/1/200
f 199/1/199 247/1/247 248/1/248
f 200/1/200 249/1/249 201/1/201
f 200/1/200 248/1/248 249/1/249
f 201/1/201 250/1/250 202/1/202
f 201/1/201 249/1/249 250/1/250
f 202/1/202 251/1/251 203/1/203
f 202/1/202 250/1/250 251/1/251
f 203/1/203 252/1/252 204/1/204
f 203/1/203 251/1/251 252/1/252
f 204/1/204 253/1/253 205/1/205
f 204/1/204 252/1/252 253/1/253
f 205/1/205 254/1/254 206/1/206
f 205/1/205 253/1/253 254/1/254
f 206/1/206 255/1/255 207/1/207
f 206/1/206 254/1/254 255/1/255
f 207/1/207 256/1/256 208/1/208
f 207/1/207 255/1/255 256/1/256
f 208/1/208 257/1/257 209/1/209
f 208/1/208 256/1/256 257/1/257
f 209/1/209 258/1/258 210/1/210
f 209/1/209 257/1/257 258/1/258
f 210/1/210 259/1/259 211/1/211
f 210/1/210 258/1/258 259/1/259
f 211/1/211 260/1/260 212/1/212
f 211/1/211 259/1/259 260/1/260
f 212/1/212 261/1/261 213/1/213
f 212/1/212 260/1/260 261/1/261
f 213/1/213 262/1/262 214/1/214
f 213/1/213 261/1/261 262/1/262
f 214/1/214 263/1/263 215/1/215
f 214/1/214 262/1/262 263/1/263
f 215/1/215 264/1/264 216/1/216
f 215/1/215 263/1/263 264/1/264
f 216/1/216 265/1/265 217/1/217
f 216/1/216 264/1/264 265/1/265
f 217/1/217 266/1/266 218/1/218
f 217/1/217 265/1/265 266/1/266
f 218/1/218 267/1/267 219/1/219
f 218/1/218 266/1/266 267/1/267
f 219/1/219 268/1/268 220/1/220
f 219/1/219 267/1/267 268/1/268
f 220/1/220 269/1/269 221/1/221
f 220/1/220 268/1/268 269/1/269
f 221/1/221 270/1/270 222/1/222
f 221/1/221 269/1/269 270/1/270
f 222/1/222 271/1/271 223/1/223
f 222/1/222 270/1/270 271/1/271
f 223/1/223 272/1/272 224/1/224
f 223/1/223 271/1/271 272/1/272
f 224/1/224 273/1/273 225/1/225
f 224/1/224 272/1/272 273/1/273
f 225/1/225 274/1/274 226/1/226
f 225/1/225 273/1/273 274/1/274
f 226/1/226 275/1/275 227/1/227
f 226/1/226 274/1/274 275/1/275
f 227/1/227 276/1/276 228/1/228
f 227/1/227 275/1/275 276/1/276
f 228/1/228 277/1/277 229/1/229
f 228/1/228 276/1/276 277/1/277
f 229/1/229 278/1/278 230/1/230
f 229/1/229 277/1/277 278/1/278
f 230/1/230 279/1/279 231/1/231
f 230/1/230 278/1/278 279/1/279
f 231/1/231 280/1/280 232/1/232
f 231/1/231 279/1/279 280/1/280
f 232/1/232 281/1/281 233/1/233
f 232/1/232 280/1/280 281/1/281
f 233/1/233 282/1/282 234/1/234
f 233/1/233 281/1/281 282/1/282
f 234/1/234 283/1/283 235/1/235
f 234/1/234 282/1/282 283/1/283
f 235/1/235 284/1/284 236/1/236
f 235/1/235 283/1/283 284/1/284
f 236/1/236 285/1/285 237/1/237
f 236/1/236 284/1/284 285/1/285
f 237/1/237 286/1/286 238/1/238
f 237/1/237 285/1/285 286/1/286
f 238/1/238 287/1/287 239/1/239
f 238/1/238 286/1/286 287/1/287
f 239/1/239 288/1/288 240/1/240
f 239/1/239 287/1/287 288/1/288
f 240/1/240 241/1/241 193/1/193
f 240/1/240 288/1/288 241/1/241
f 241/1/241 290/1/290 242/1/242
f 241/1/241 289/1/289 290/1/290
f 242/1/242 291/1/291 243/1/243
f 242/1/242 290/1/290 291/1/291
f 243/1/243 292/1/292 244/1/244
f 243/1/243 291/1/291 292/1/292
f 244/1/244 293/1/293 245/1/245
f 244/1/244 292/1/292 293/1/293
f 245/1/245 294/1/294 246/1/246
f 245/1/245 293/1/293 294/1/294
f 246/1/246 295/1/295 247/1/247
f 246/1/246 294/1/294 295/1/295
f 247/1/247 296/1/296 248/1/248
f 247/1/247 295/1/295 296/1/296
f 248/1/248 297/1/297 249/1/249
f 248/1/248 296/1/296 297/1/297
f 249/1/249 298/1/298 250/1/250
f 249/1/249 297/1/297 298/1/298
f 250/1/250 299/1/299 251/1/251
f 250/1/250 298/1/298 299/1/299
f 251/1/251 300/1/300 252/1/252
f 251/1/251 299/1/299 300/1/300
f 252/1/252 301/1/301 253/1/253
f 252/1/252 300/1/300 301/1/301
f 253/1/253 302/1/302 254/1/254
f 253/1/253 301/1/301 302/1/302
f 254/1/254 303/1/303 255/1/255
f 254/1/254 302/1/302 303/1/303
f 255/1/255 304/1/304 256/1/256
f 255/1/255 303/1/303 304/1/304
f 256/1/256 305/1/305 257/1/257
f 256/1/256 304/1/304 305/1/305
f 257/1/257 306/1/306 258/1/258
f 257/1/257 305/1/305 306/1/306
f 258/1/258 307/1/307 259/1/259
f 258/1/258 306/1/306 307/1/307
f 259/1/259 308/1/308 260/1/260
f 259/1/259 307/1/307 308/1/308
f 260/1/260 309/1/309 261/1/261
f 260/1/260 308/1/308 309/1/309
f 261/1/261 310/1/310 262/1/262
f 261/1/261 309/1/309 310/1/310
f 262/1/262 311/1/311 263/1/263
f 262/1/262 310/1/310 311/1/311
f 263/1/263 312/1/312 264/1/264
f 263/1/263 311/1/311 312/1/312
f 264/1/264 313/1/313 265/1/265
f 264/1/264 312/1/312 313/1/313
f 265/1/265 314/1/314 266/1/266
f 265/1/265 313/1/313 314/1/314
f 266/1/266 315/1/315 267/1/267
f 266/1/266 314/1/314 315/1/315
f 267/1/267 316/1/316 268/1/268
f 267/1/267 315/1/315 316/1/316
f 268/1/268 317/1/317 269/1/269
f 268/1/268 316/1/316 317/1/317
f 269/1/269 318/1/318 270/1/270
f 269/1/269 317/1/317 318/1/318
f 270/1/270 319/1/319 271/1/271
f 270/1/270 318/1/318 319/1/319
f 271/1/271 320/1/320 272/1/272
f 271/1/271 319/1/319 320/1/320
f 272/1/272 321/1/321 273/1/273
f 272/1/272 320/1/320 321/1/321
f 273/1/273 322/1/322 274/1/274
f 273/1/273 321/1/321 322/1/322
f 274/1/274 323/1/323 275/1/275
f 274/1/274 322/1/322 323/1/323
f 275/1/275 324/1/324 276/1/276
f 275/1/275 323/1/323 324/1/324
f 276/1/276 325/1/325 277/1/277
f 276/1/276 324/1/324 325/1/325
f 277/1/277 326/1/326 278/1/278
f 277/1/277 325/1/325 326/1/326
f 278/1/278 327/1/327 279/1/279
f 278/1/278 326/1/326 327/1/327
f 279/1/279 328/1/328 280/1/280
f 279/1/279 327/1/327 328/1/328
f 280/1/280 329/1/329 281/1/281
f 280/1/280 328/1/328 329/1/329
f 281/1/281 330/1/330 282/1/282
f 281/1/281 329/1/329 330/1/330
f 282/1/282 331/1/331 283/1/283
f 282/1/282 330/1/330 331/1/331
f 283/1/283 332/1/332 284/1/284
f 283/1/283 331/1/331 332/1/332
f 284/1/284 333/1/333 285/1/285
f 284/1/284 332/1/332 333/1/333
f 285/1/285 334/1/334 286/1/286
f 285/1/285 333/1/333 334/1/334
f 286/1/286 335/1/335 287/1/287
f 286/1/286 334/1/334 335/1/335
f 287/1/287 336/1/336 288/1/288
f 287/1/287 335/1/335 336/1/336
f 288/1/288 289/1/289 241/1/241
f 288/1/288 336/1/336 289/1/289
f 289/1/289 338/1/338 290/1/290
f 289/1/289 337/1/337 338/1/338
f 290/1/290 339/1/339 291/1/291
f 290/1/290 338/1/338 339/1/339
f 291/1/291 340/1/340 292/1/292
f 291/1/291 339/1/339 340/1/340
f 292/1/292 341/1/341 293/1/293
f 292/1/292 340/1/340 341/1/341
f 293/1/293 342/1/342 294/1/294
f 293/1/293 341/1/341 342/1/342
f 294/1/294 343/1/343 295/1/295
f 294/1/294 342/1/342 343/1/343
f 295/1/295 344/1/344 296/1/296
f 295/1/295 343/1/343 344/1/344
f 296/1/296 345/1/345 297/1/297
f 296/1/296 344/1/344 345/1/345
f 297/1/297 346/1/346 298/1/298
f 297/1/297 345/1/345 346/1/346
f 298/1/298 347/1/347 299/1/299
f 298/1/298 346/1/346 347/1/347
f 299/1/299 348/1/348 300/1/300
f 299/1/299 347/1/347 348/1/348
f 300/1/300 349/1/349 301/1/301
f 300/1/300 348/1/348 349/1/349
f 301/1/301 350/1/350 302/1/302
f 301/1/301 349/1/349 350/1/350
f 302/1/302 351/1/351 303/1/303
f 302/1/302 350/1/350 351/1/351
f 303/1/303 352/1/352 304/1/304
f 303/1/303 351/1/351 352/1/352
f 304/1/304 353/1/353 305/1/305
f 304/1/304 352/1/352 353/1/353
f 305/1/305 354/1/354 306/1/306
f 305/1/305 353/1/353 354/1/354
f 306/1/306 355/1/355 307/1/307
f 306/1/306 354/1/354 355/1/355
f 307/1/307 356/1/356 308/1/308
f 307/1/307 355/1/355 356/1/356
f 308/1/308 357/1/357 309/1/309
f 308/1/308 356/1/356 357/1/357
f 309/1/309 358/1/358 310/1/310
f 309/1/309 357/1/357 358/1/358
f 310/1/310 359/1/359 311/1/311
f 310/1/310 358/1/358 359/1/359
f 311/1/311 360/1/360 312/1/312
f 311/1/311 359/1/359 360/1/360
f 312/1/312 361/1/361 313/1/313
f 312/1/312 360/1/360 361/1/361
f 313/1/313 362/1/362 314/1/314
f 313/1/313 361/1/361 362/1/362
f 314/1/314 363/1/363 315/1/315
f 314/1/314 362/1/362 363/1/363
f 315/1/315 364/1/364 316/1/316
f 315/1/315 363/1/363 364/1/364
f 316/1/316 365/1/365 317/1/317
f 316/1/316 364/1/364 365/1/365
f 317/1/317 366/1/366 318/1/318
f 317/1/317 365/1/365 366/1/366
f 318/1/318 367/1/367 319/1/319
f 318/1/318 366/1/366 367/1/367
f 319/1/319 368/1/368 320/1/320
f 319/1/319 367/1/367 368/1/368
f 320/1/320 369/1/369 321/1/321
f 320/1/320 368/1/368 369/1/369
f 321/1/321 370/1/370 322/1/322
f 321/1/321 369/1/369 370/1/370
f 322/1/322 371/1/371 323/1/323
f 322/1/322 370/1/370 371/1/371
f 323/1/323 372/1/372 324/1/324
f 323/1/323 371/1/371 372/1/372
f 324/1/324 373/1/373 325/1/325
f 324/1/324 372/1/372 373/1/373
f 325/1/325 374/1/374 326/1/326
f 325/1/325 373/1/373 374/1/374
f 326/1/326 375/1/375 327/1/327
f 326/1/326 374/1/374 375/1/375
f 327/1/327 376/1/376 328/1/328
f 327/1/327 375/1/375 376/1/376
f 328/1/328 377/1/377 329/1/329
f 328/1/328 376/1/376 377/1/377
f 329/1/329 378/1/378 330/1/330
f 329/1/329 377/1/377 378/1/378
f 330/1/330 379/1/379 331/1/331
f 330/1/330 378/1/378 379/1/379
f 331/1/331 380/1/380 332/1/332
f 331/1/331 379/1/379 380/1/380
f 332/1/332 381/1/381 333/1/333
f 332/1/332 380/1/380 381/1/381
f 333/1/333 382/1/382 334/1/334
f 333/1/333 381/1/381 382/1/382
f 334/1/334 383/1/383 335/1/335
f 334/1/334 382/1/382 383/1/383
f 335/1/335 384/1/384 336/1/336
f 335/1/335 383/1/383 384/1/384
f 336/1/336 337/1/337 289/1/289
f 336/1/336 384/1/384 337/1/337
f 337/1/337 386/1/386 338/1/338
f 337/1/337 385/1/385 386/1/386
f 338/1/338 387/1/387 339/1/339
f 338/1/338 386/1/386 387/1/387
f 339/1/339 388/1/388 340/1/340
f 339/1/339 387/1/387 388/1/388
f 340/1/340 389/1/389 341/1/341
f 340/1/340 388/1/388 389/1/389
f 341/1/341 390/1/390 342/1/342
f 341/1/341 389/1/389 390/1/390
f 342/1/342 391/1/391 343/1/343
f 342/1/342 390/1/390 391/1/391
f 343/1/343 392/1/392 344/1/344
f 343/1/343 391/1/391 392/1/392
f 344/1/344 393/1/393 345/1/345
f 344/1/344 392/1/392 393/1/393
f 345/1/345 394/1/394 346/1/346
f 345/1/345 393/1/393 394/1/394
f 346/1/346 395/1/395 347/1/347
f 346/1/346 394/1/394 395/1/395
f 347/1/347 396/1/396 348/1/348
f 347/1/347 395/1/395 396/1/396
f 348/1/348 397/1/397 349/1/349
f 348/1/348 396/1/396 397/1/397
f 349/1/349 398/1/398 350/1/350
f 349/1/349 397/1/397 398/1/398
f 350/1/350 399/1/399 351/1/351
f 350/1/350 398/1/398 399/1/399
f 351/1/351 400/1/400 352/1/352
f 351/1/351 399/1/399 400/1/400
f 352/1/352 401/1/401 353/1/353
f 352/1/352 400/1/400 401/1/401
f 353/1/353 402/1/402 354/1/354
f 353/1/353 401/1/401 402/1/402
f 354/1/354 403/1/403 355/1/355
f 354/1/354 402/1/402 403/1/403
f 355/1/355 404/1/404 356/1/356
f 355/1/355 403/1/403 404/1/404
f 356/1/356 405/1/405 357/1/357
f 356/1/356 404/1/404 405/1/405
f 357/1/357 406/1/406 358/1/358
f 357/1/357 405/1/405 406/1/406
f 358/1/358 407/1/407 359/1/359
f 358/1/358 406/1/406 407/1/407
f 359/1/359 408/1/408 360/1/360
f 359/1/359 407/1/407 408/1/408
f 360/1/360 409/1/409 361/1/361
f 360/1/360 408/1/408 409/1/409
f 361/1/361 410/1/410 362/1/362
f 361/1/361 409/1/409 410/1/410
f 362/1/362 411/1/411 363/1/363
f 362/1/362 410/1/410 411/1/411
f 363/1/363 412/1/412 364/1/364
f 363/1/363 411/1/411 412/1/412
f 364/1/364 413/1/413 365/1/365
f 364/1/364 412/1/412 413/1/413
f 365/1/365 414/1/414 366/1/366
f 365/1/365 413/1/413 414/1/414
f 366/1/366 415/1/415 367/1/367
f 366/1/366 414/1/414 415/1/415
f 367/1/367 416/1/416 368/1/368
f 367/1/367 415/1/415 416/1/416
f 368/1/368 417/1/417 369/1/369
f 368/1/368 416/1/416 417/1/417
f 369/1/369 418/1/418 370/1/370
f 369/1/369 417/1/417 418/1/418
f 370/1/370 419/1/419 371/1/371
f 370/1/370 418/1/418 419/1/419
f 371/1/371 420/1/420 372/1/372
f 371/1/371 419/1/419 420/1/420
f 372/1/372 421/1/421 373/1/373
f 372/1/372 420/1/420 421/1/421
f 373/1/373 422/1/422 374/1/374
f 373/1/373 421/1/421 422/1/422
f 374/1/374 423/1/423 375/1/375
f 374/1/374 422/1/422 423/1/423
f 375/1/375 424/1/424 376/1/376
f 375/1/375 423/1/423 424/1/424
f 376/1/376 425/1/425 377/1/377
f 376/1/376 424/1/424 425/1/425
f 377/1/377 426/1/426 378/1/378
f 377/1/377 425/1/425 426/1/426
f 378/1/378 427/1/427 379/1/379
f 378/1/378 426/1/426 427/1/427
f 379/1/379 428/1/428 380/1/380
f 379/1/379 427/1/427 428/1/428
f 380/1/380 429/1/429 381/1/381
f 380/1/380 428/1/428 429/1/429
f 381/1/381 430/1/430 382/1/382
f 381/1/381 429/1/429 430/1/430
f 382/1/382 431/1/431 383/1/383
f 382/1/382 430/1/430 431/1/431
f 383/1/383 432/1/432 384/1/384
f 383/1/383 431/1/431 432/1/432
f 384/1/384 385/1/385 337/1/337
f 384/1/384 432/1/432 385/1/385
f 385/1/385 434/1/434 386/1/386
f 385/1/385 433/1/433 434/1/434
f 386/1/386 435/1/435 387/1/387
f 386/1/386 434/1/434 435/1/435
f 387/1/387 436/1/436 388/1/388
f 387/1/387 435/1/435 436/1/436
f 388/1/388 437/1/437 389/1/389
f 388/1/388 436/1/436 437/1/437
f 389/1/389 438/1/438 390/1/390
f 389/1/389 437/1/437 438/1/438
f 390/1/390 439/1/439 391/1/391
f 390/1/390 438/1/438 439/1/439
f 391/1/391 440/1/440 392/1/392
f 391/1/391 439/1/439 440/1/440
f 392/1/392 441/1/441 393/1/393
f 392/1/392 440/1/440 441/1/441
f 393/1/393 442/1/442 394/1/394
f 393/1/393 441/1/441 442/1/442
f 394/1/394 443/1/443 395/1/395
f 394/1/394 442/1/442 443/1/443
f 395/1/395 444/1/444 396/1/396
f 395/1/395 443/1/443 444/1/444
f 396/1/396 445/1/445 397/1/397
f 396/1/396 444/1/444 445/1/445
f 397/1/397 446/1/446 398/1/398
f 397/1/397 445/1/445 446/1/446
f 398/1/398 447/1/447 399/1/399
f 398/1/398 446/1/446 447/1/447
f 399/1/399 448/1/448 400/1/400
f 399/1/399 447/1/447 448/1/448
f 400/1/400 449/1/449 401/1/401
f 400/1/400 448/1/448 449/1/449
f 401/1/401 450/1/450 402/1/402
f 401/1/401 449/1/449 450/1/450
f 402/1/402 451/1/451 403/1/403
f 402/1/402 450/1/450 451/1/451
f 403/1/403 452/1/452 404/1/404
f 403/1/403 451/1/451 452/1/452
f 404/1/404 453/1/453 405/1/405
f 404/1/404 452/1/452 453/1/453
f 405/1/405 454/1/454 406/1/406
f 405/1/405 453/1/453 454/1/454
f 406/1/406 455/1/455 407/1/407
f 406/1/406 454/1/454 455/1/455
f 407/1/407 456/1/456 408/1/408
f 407/1/407 455/1/455 456/1/456
f 408/1/408 457/1/457 409/1/409
f 408/1/408 456/1/456 457/1/457
f 409/1/409 458/1/458 410/1/410
f 409/1/409 457/1/457 458/1/458
f 410/1/410 459/1/459 411/1/411
f 410/1/410 458/1/458 459/1/459
f 411/1/411 460/1/460 412/1/412
f 411/1/411 459/1/459 460/1/460
f 412/1/412 461/1/461 413/1/413
f 412/1/412 460/1/460 461/1/461
f 413/1/413 462/1/462 414/1/414
f 413/1/413 461/1/461 462/1/462
f 414/1/414 463/1/463 415/1/415
f 414/1/414 462/1/462 463/1/463
f 415/1/415 464/1/464 416/1/416
f 415/1/415 463/1/463 464/1/464
f 416/1/416 465/1/465 417/1/417
f 416/1/416 464/1/464 465/1/465
f 417/1/417 466/1/466 418/1/418
f 417/1/417 465/1/465 466/1/466
f 418/1/418 467/1/467 419/1/419
f 418/1/418 466/1/466 467/1/467
f 419/1/419 468/1/468 420/1/420
f 419/1/419 467/1/467 468/1/468
f 420/1/420 469/1/469 421/1/421
f 420/1/420 468/1/468 469/1/469
f 421/1/421 470/1/470 422/1/422
f 421/1/421 469/1/469 470/1/470
f 422/1/422 471/1/471 423/1/423
f 422/1/422 470/1/470 471/1/471
f 423/1/423 472/1/472 424/1/424
f 423/1/423 471/1/471 472/1/472
f 424/1/424 473/1/473 425/1/425
f 424/1/424 472/1/472 473/1/473
f 425/1/425 474/1/474 426/1/426
f 425/1/425 473/1/473 474/1/474
f 426/1/426 475/1/475 427/1/427
f 426/1/426 474/1/474 475/1/475
f 427/1/427 476/1/476 428/1/428
f 427/1/427 475/1/475 476/1/476
f 428/1/428 477/1/477 429/1/429
f 428/1/428 476/1/476 477/1/477
f 429/1/429 478/1/478 430/1/430
f 429/1/429 477/1/477 478/1/478
f 430/1/430 479/1/479 431/1/431
f 430/1/430 478/1/478 479/1/479
f 431/1/431 480/1/480 432/1/432
f 431/1/431 479/1/479 480/1/480
f 432/1/432 433/1/433 385/1/385
f 432/1/432 480/1/480 433/1/433
f 433/1/433 482/1/482 434/1/434
f 433/1/433 481/1/481 482/1/482
f 434/1/434 483/1/483 435/1/435
f 434/1/434 482/1/482 483/1/483
f 435/1/435 484/1/484 436/1/436
f 435/1/435 483/1/483 484/1/484
f 436/1/436 485/1/485 437/1/437
f 436/1/436 484/1/484 485/1/485
f 437/1/437 486/1/486 438/1/438
f 437/1/437 485/1/485 486/1/486
f 438/1/438 487/1/487 439/1/439
f 438/1/438 486/1/486 487/1/487
f 439/1/439 488/1/488 440/1/440
f 439/1/439 487/1/487 488/1/488
f 440/1/440 489/1/489 441/1/441
f 440/1/440 488/1/488 489/1/489
f 441/1/441 490/1/490 442/1/442
f 441/1/441 489/1/489 490/1/490
f 442/1/442 491/1/491 443/1/443
f 442/1/442 490/1/490 491/1/491
f 443/1/443 492/1/492 444/1/444
f 443/1/443 491/1/491 492/1/492
f 444/1/444 493/1/493 445/1/445
f 444/1/444 492/1/492 493/1/493
f 445/1/445 494/1/494 446/1/446
f 445/1/445 493/1/493 494/1/494
f 446/1/446 495/1/495 447/1/447
f 446/1/446 494/1/494 495/1/495
f 447/1/447 496/1/496 448/1/448
f 447/1/447 495/1/495 496/1/496
f 448/1/448 497/1/497 449/1/449
f 448/1/448 496/1/496 497/1/497
f 449/1/449 498/1/498 450/1/450
f 449/1/449 497/1/497 498/1/498
f 450/1/450 499/1/499 451/1/451
f 450/1/450 498/1/498 499/1/499
f 451/1/451 500/1/500 452/1/452
f 451/1/451 499/1/499 500/1/500
f 452/1/452 501/1/501 453/1/453
f 452/1/452 500/1/500 501/1/501
f 453/1/453 502/1/502 454/1/454
f 453/1/453 501/1/501 502/1/502
f 454/1/454 503/1/503 455/1/455
f 454/1/454 502/1/502 503/1/503
f 455/1/455 504/1/504 456/1/456
f 455/1/455 503/1/503 504/1/504
f 456/1/456 505/1/505 457/1/457
f 456/1/456 504/1/504 505/1/505
f 457/1/457 506/1/506 458/1/458
f 457/1/457 505/1/505 506/1/506
f 458/1/458 507/1/507 459/1/459
f 458/1/458 506/1/506 507/1/507
f 459/1/459 508/1/508 460/1/460
f 459/1/459 507/1/507 508/1/508
f 460/1/460 509/1/509 461/1/461
f 460/1/460 508/1/508 509/1/509
f 461/1/461 510/1/510 462/1/462
f 461/1/461 509/1/509 510/1/510
f 462/1/462 511/1/511 463/1/463
f 462/1/462 510/1/510 511/1/511
f 463/1/463 512/1/512 464/1/464
f 463/1/463 511/1/511 512/1/512
f 464/1/464 513/1/513 465/1/465
f 464/1/464 512/1/512 513/1/513
f 465/1/465 514/1/514 466/1/466
f 465/1/465 513/1/513 514/1/514
f 466/1/466 515/1/515 467/1/467
f 466/1/466 514/1/514 515/1/515
f 467/1/467 516/1/516 468/1/468
f 467/1/467 515/1/515 516/1/516
f 468/1/468 517/1/517 469/1/469
f 468/1/468 516/1/516 517/1/517
f 469/1/469 518/1/518 470/1/470
f 469/1/469 517/1/517 518/1/518
f 470/1/470 519/1/519 471/1/471
f 470/1/470 518/1/518 519/1/519
f 471/1/471 520/1/520 472/1/472
f 471/1/471 519/1/519 520/1/520
f 472/1/472 521/1/521 473/1/473
f 472/1/472 520/1/520 521/1/521
f 473/1/473 522/1/522 474/1/474
f 473/1/473 521/1/521 522/1/522
f 474/1/474 523/1/523 475/1/475
f 474/1/474 522/1/522 523/1/523
f 475/1/475 524/1/524 476/1/476
f 475/1/475 523/1/523 524/1/524
f 476/1/476 525/1/525 477/1/477
f 476/1/476 524/1/524 525/1/525
f 477/1/477 526/1/526 478/1/478
f 477/1/477 525/1/525 526/1/526
f 478/1/478 527/1/527 479/1/479
f 478/1/478 526/1/526 527/1/527
f 479/1/479 528/1/528 480/1/480
f 479/1/479 527/1/527 528/1/528
f 480/1/480 481/1/481 433/1/433
f 480/1/480 528/1/528 481/1/481
f 481/1/481 530/1/530 482/1/482
f 481/1/481 529/1/529 530/1/530
f 482/1/482 531/1/531 483/1/483
f 482/1/482 530/1/530 531/1/531
f 483/1/483 532/1/532 484/1/484
f 483/1/483 531/1/531 532/1/532
f 484/1/484 533/1/533 485/1/485
f 484/1/484 532/1/532 533/1/533
f 485/1/485 534/1/534 486/1/486
f 485/1/485 533/1/533 534/1/534
f 486/1/486 535/1/535 487/1/487
f 486/1/486 534/1/534 535/1/535
f 487/1/487 536/1/536 488/1/488
f 487/1/487 535/1/535 536/1/536
f 488/1/488 537/1/537 489/1/489
f 488/1/488 536/1/536 537/1/537
f 489/1/489 538/1/538 490/1/490
f 489/1/489 537/1/537 538/1/538
f 490/1/490 539/1/539 491/1/491
f 490/1/490 538/1/538 539/1/539
f 491/1/491 540/1/540 492/1/492
f 491/1/491 539/1/539 540/1/540
f 492/1/492 541/1/541 493/1/493
f 492/1/492 540/1/540 541/1/541
f 493/1/493 542/1/542 494/1/494
f 493/1/493 541/1/541 542/1/542
f 494/1/494 543/1/543 495/1/495
f 494/1/494 542/1/542 543/1/543
f 495/1/495 544/1/544 496/1/496
f 495/1/495 543/1/543 544/1/544
f 496/1/496 545/1/545 497/1/497
f 496/1/496 544/1/544 545/1/545
f 497/1/497 546/1/546 498/1/498
f 497/1/497 545/1/545 546/1/546
f 498/1/498 547/1/547 499/1/499
f 498/1/498 546/1/546 547/1/547
f 499/1/499 548/1/548 500/1/500
f 499/1/499 547/1/547 548/1/548
f 500/1/500 549/1/549 501/1/501
f 500/1/500 548/1/548 549/1/549
f 501/1/501 550/1/550 502/1/502
f 501/1/501 549/1/549 550/1/550
f 502/1/502 551/1/551 503/1/503
f 502/1/502 550/1/550 551/1/551
f 503/1/503 552/1/552 504/1/504
f 503/1/503 551/1/551 552/1/552
f 504/1/504 553/1/553 505/1/505
f 504/1/504 552/1/552 553/1/553
f 505/1/505 554/1/554 506/1/506
f 505/1/505 553/1/553 554/1/554
f 506/1/506 555/1/555 507/1/507
f 506/1/506 554/1/554 555/1/555
f 507/1/507 556/1/556 508/1/508
f 507/1/507 555/1/555 556/1/556
f 508/1/508 557/1/557 509/1/509
f 508/1/508 556/1/556 557/1/557
f 509/1/509 558/1/558 510/1/510
f 509/1/509 557/1/557 558/1/558
f 510/1/510 559/1/559 511/1/511
f 510/1/510 558/1/558 559/1/559
f 511/1/511 560/1/560 512/1/512
f 511/1/511 559/1/559 560/1/560
f 512/1/512 561/1/561 513/1/513
f 512/1/512 560/1/560 561/1/561
f 513/1/513 562/1/562 514/1/514
f 513/1/513 561/1/561 562/1/562
f 514/1/514 563/1/563 515/1/515
f 514/1/514 562/1/562 563/1/563
f 515/1/515 564/1/564 516/1/516
f 515/1/515 563/1/563 564/1/564
f 516/1/516 565/1/565 517/1/517
f 516/1/516 564/1/564 565/1/565
f 517/1/517 566/1/566 518/1/518
f 517/1/517 565/1/565 566/1/566
f 518/1/518 567/1/567 519/1/519
f 518/1/518 566/1/566 567/1/567
f 519/1/519 568/1/568 520/1/520
f 519/1/519 567/1/567 568/1/568
f 520/1/520 569/1/569 521/1/521
f 520/1/520 568/1/568 569/1/569
f 521/1/521 570/1/570 522/1/522
f 521/1/521 569/1/569 570/1/570
f 522/1/522 571/1/571 523/1/523
f 522/1/522 570/1/570 571/1/571
f 523/1/523 572/1/572 524/1/524
f 523/1/523 571/1/571 572/1/572
f 524/1/524 573/1/573 525/1/525
f 524/1/524 572/1/572 573/1/573
f 525/1/525 574/1/574 526/1/526
f 525/1/525 573/1/573 574/1/574
f 526/1/526 575/1/575 527/1/527
f 526/1/526 574/1/574 575/1/575
f 527/1/527 576/1/576 528/1/528
f 527/1/527 575/1/575 576/1/576
f 528/1/528 529/1/529 481/1/481
f 528/1/528 576/1/576 529/1/529
f 529/1/529 578/1/578 530/1/530
f 529/1/529 577/1/577 578/1/578
f 530/1/530 579/1/579 531/1/531
f 530/1/530 578/1/578 579/1/579
f 531/1/531 580/1/580 532/1/532
f 531/1/531 579/1/579 580/1/580
f 532/1/532 581/1/581 533/1/533
f 532/1/532 580/1/580 581/1/581
f 533/1/533 582/1/582 534/1/534
f 533/1/533 581/1/581 582/1/582
f 534/1/534 583/1/583 535/1/535
f 534/1/534 582/1/582 583/1/583
f 535/1/535 584/1/584 536/1/536
f 535/1/535 583/1/583 584/1/584
f 536/1/536 585/1/585 537/1/537
f 536/1/536 584/1/584 585/1/585
f 537/1/537 586/1/586 538/1/538
f 537/1/537 585/1/585 586/1/586
f 538/1/538 587/1/587 539/1/539
f 538/1/538 586/1/586 587/1/587
f 539/1/539 588/1/588 540/1/540
f 539/1/539 587/1/587 588/1/588
f 540/1/540 589/1/589 541/1/541
f 540/1/540 588/1/588 589/1/589
f 541/1/541 590/1/590 542/1/542
f 541/1/541 589/1/589 590/1/590
f 542/1/542 591/1/591 543/1/543
f 542/1/542 590/1/590 591/1/591
f 543/1/543 592/1/592 544/1/544
f 543/1/543 591/1/591 592/1/592
f 544/1/544 593/1/593 545/1/545
f 544/1/544 592/1/592 593/1/593
f 545/1/545 594/1/594 546/1/546
f 545/1/545 593/1/593 594/1/594
f 546/1/546 595/1/595 547/1/547
f 546/1/546 594/1/594 595/1/595
f 547/1/547 596/1/596 548/1/548
f 547/1/547 595/1/595 596/1/596
f 548/1/548 597/1/597 549/1/549
f 548/1/548 596/1/596 597/1/597
f 549/1/549 598/1/598 550/1/550
f 549/1/549 597/1/597 598/1/598
f 550/1/550 599/1/599 551/1/551
f 550/1/550 598/1/598 599/1/599
f 551/1/551 600/1/600 552/1/552
f 551/1/551 599/1/599 600/1/600
f 552/1/552 601/1/601 553/1/553
f 552/1/552 600/1/600 601/1/601
f 553/1/553 602/1/602 554/1/554
f 553/1/553 601/1/601 602/1/602
f 554/1/554 603/1/603 555/1/555
f 554/1/554 602/1/602 603/1/603
f 555/1/555 604/1/604 556/1/556
f 555/1/555 603/1/603 604/1/604
f 556/1/556 605/1/605 557/1/557
f 556/1/556 604/1/604 605/1/605
f 557/1/557 606/1/606 558/1/558
f 557/1/557 605/1/605 606/1/606
f 558/1/558 607/1/607 559/1/559
f 558/1/558 606/1/606 607/1/607
f 559/1/559 608/1/608 560/1/560
f 559/1/559 607/1/607 608/1/608
f 560/1/560 609/1/609 561/1/561
f 560/1/560 608/1/608 609/1/609
f 561/1/561 610/1/610 562/1/562
f 561/1/561 609/1/609 610/1/610
f 562/1/562 611/1/611 563/1/563
f 562/1/562 610/1/610 611/1/611
f 563/1/563 612/1/612 564/1/564
f 563/1/563 611/1/611 612/1/612
f 564/1/564 613/1/613 565/1/565
f 564/1/564 612/1/612 613/1/613
f 565/1/565 614/1/614 566/1/566
f 565/1/565 613/1/613 614/1/614
f 566/1/566 615/1/615 567/1/567
f 566/1/566 614/1/614 615/1/615
f 567/1/567 616/1/616 568/1/568
f 567/1/567 615/1/615 616/1/616
f 568/1/568 617/1/617 569/1/569
f 568/1/568 616/1/616 617/1/617
f 569/1/569 618/1/618 570/1/570
f 569/1/569 617/1/617 618/1/618
f 570/1/570 619/1/619 571/1/571
f 570/1/570 618/1/618 619/1/619
f 571/1/571 620/1/620 572/1/572
f 571/1/571 619/1/619 620/1/620
f 572/1/572 621/1/621 573/1/573
f 572/1/572 620/1/620 621/1/621
f 573/1/573 622/1/622 574/1/574
f 573/1/573 621/1/621 622/1/622
f 574/1/574 623/1/623 575/1/575
f 574/1/574 622/1/622 623/1/623
f 575/1/575 624/1/624 576/1/576
f 575/1/575 623/1/623 624/1/624
f 576/1/576 577/1/577 529/1/529
f 576/1/576 624/1/624 577/1/577
f 577/1/577 626/1/626 578/1/578
f 577/1/577 625/1/625 626/1/626
f 578/1/578 627/1/627 579/1/579
f 578/1/578 626/1/626 627/1/627
f 579/1/579 628/1/628 580/1/580
f 579/1/579 627/1/627 628/1/628
f 580/1/580 629/1/629 581/1/581
f 580/1/580 628/1/628 629/1/629
f 581/1/581 630/1/630 582/1/582
f 581/1/581 629/1/629 630/1/630
f 582/1/582 631/1/631 583/1/583
f 582/1/582 630/1/630 631/1/631
f 583/1/583 632/1/632 584/1/584
f 583/1/583 631/1/631 632/1/632
f 584/1/584 633/1/633 585/1/585
f 584/1/584 632/1/632 633/1/633
f 585/1/585 634/1/634 586/1/586
f 585/1/585 633/1/633 634/1/634
f 586/1/586 635/1/635 587/1/587
f 586/1/586 634/1/634 635/1/635
f 587/1/587 636/1/636 588/1/588
f 587/1/587 635/1/635 636/1/636
f 588/1/588 637/1/637 589/1/589
f 588/1/588 636/1/636 637/1/637
f 589/1/589 638/1/638 590/1/590
f 589/1/589 637/1/637 638/1/638
f 590/1/590 639/1/639 591/1/591
f 590/1/590 638/1/638 639/1/639
f 591/1/591 640/1/640 592/1/592
f 591/1/591 639/1/639 640/1/640
f 592/1/592 641/1/641 593/1/593
f 592/1/592 640/1/640 641/1/641
f 593/1/593 642/1/642 594/1/594
f 593/1/593 641/1/641 642/1/642
f 594/1/594 643/1/643 595/1/595
f 594/1/594 642/1/642 643/1/643
f 595/1/595 644/1/644 596/1/596
f 595/1/595 643/1/643 644/1/644
f 596/1/596 645/1/645 597/1/597
f 596/1/596 644/1/644 645/1/645
f 597/1/597 646/1/646 598/1/598
f 597/1/597 645/1/645 646/1/646
f 598/1/598 647/1/647 599/1/599
f 598/1/598 646/1/646 647/1/647
f 599/1/599 648/1/648 600/1/600
f 599/1/599 647/1/647 648/1/648
f 600/1/600 649/1/649 601/1/601
f 600/1/600 648/1/648 649/1/649
f 601/1/601 650/1/650 602/1/602
f 601/1/601 649/1/649 650/1/650
f 602/1/602 651/1/651 603/1/603
f 602/1/602 650/1/650 651/1/651
f 603/1/603 652/1/652 604/1/604
f 603/1/603 651/1/651 652/1/652
f 604/1/604 653/1/653 605/1/605
f 604/1/604 652/1/652 653/1/653
f 605/1/605 654/1/654 606/1/606
f 605/1/605 653/1/653 654/1/654
f 606/1/606 655/1/655 607/1/607
f 606/1/606 654/1/654 655/1/655
f 607/1/607 656/1/656 608/1/608
f 607/1/607 655/1/655 656/1/656
f 608/1/608 657/1/657 609/1/609
f 608/1/608 656/1/656 657/1/657
f 609/1/609 658/1/658 610/1/610
f 609/1/609 657/1/657 658/1/658
f 610/1/610 659/1/659 611/1/611
f 610/1/610 658/1/658 659/1/659
f 611/1/611 660/1/660 612/1/612
f 611/1/611 659/1/659 660/1/660
f 612/1/612 661/1/661 613/1/613
f 612/1/612 660/1/660 661/1/661
f 613/1/613 662/1/662 614/1/614
f 613/1/613 661/1/661 662/1/662
f 614/1/614 663/1/663 615/1/615
f 614/1/614 662/1/662 663/1/663
f 615/1/615 664/1/664 616/1/616
f 615/1/615 663/1/663 664/1/664
f 616/1/616 665/1/665 617/1/617
f 616/1/616 664/1/664 665/1/665
f 617/1/617 666/1/666 618/1/618
f 617/1/617 665/1/665 666/1/666
f 618/1/618 667/1/667 619/1/619
f 618/1/618 666/1/666 667/1/667
f 619/1/619 668/1/668 620/1/620
f 619/1/619 667/1/667 668/1/668
f 620/1/620 669/1/669 621/1/621
f 620/1/620 668/1/668 669/1/669
f 621/1/621 670/1/670 622/1/622
f 621/1/621 669/1/669 670/1/670
f 622/1/622 671/1/671 623/1/623
f 622/1/622 670/1/670 671/1/671
f 623/1/623 672/1/672 624/1/624
f 623/1/623 671/1/671 672/1/672
f 624/1/624 625/1/625 577/1/577
f 624/1/624 672/1/672 625/1/625
f 625/1/625 674/1/674 626/1/626
f 625/1/625 673/1/673 674/1/674
f 626/1/626 675/1/675 627/1/627
f 626/1/626 674/1/674 675/1/675
f 627/1/627 676/1/676 628/1/628
f 627/1/627 675/1/675 676/1/676
f 628/1/628 677/1/677 629/1/629
f 628/1/628 676/1/676 677/1/677
f 629/1/629 678/1/678 630/1/630
f 629/1/629 677/1/677 678/1/678
f 630/1/630 679/1/679 631/1/631
f 630/1/630 678/1/678 679/1/679
f 631/1/631 680/1/680 632/1/632
f 631/1/631 679/1/679 680/1/680
f 632/1/632 681/1/681 633/1/633
f 632/1/632 680/1/680 681/1/681
f 633/1/633 682/1/682 634/1/634
f 633/1/633 681/1/681 682/1/682
f 634/1/634 683/1/683 635/1/635
f 634/1/634 682/1/682 683/1/683
f 635/1/635 684/1/684 636/1/636
f 635/1/635 683/1/683 684/1/684
f 636/1/636 685/1/685 637/1/637
f 636/1/636 684/1/684 685/1/685
f 637/1/637 686/1/686 638/1/638
f 637/1/637 685/1/685 686/1/686
f 638/1/638 687/1/687 639/1/639
f 638/1/638 686/1/686 687/1/687
f 639/1/639 688/1/688 640/1/640
f 639/1/639 687/1/687 688/1/688
f 640/1/640 689/1/689 641/1/641
f 640/1/640 688/1/688 689/1/689
f 641/1/641 690/1/690 642/1/642
f 641/1/641 689/1/689 690/1/690
f 642/1/642 691/1/691 643/1/643
f 642/1/642 690/1/690 691/1/691
f 643/1/643 692/1/692 644/1/644
f 643/1/643 691/1/691 692/1/692
f 644/1/644 693/1/693 645/1/645
f 644/1/644 692/1/692 693/1/693
f 645/1/645 694/1/694 646/1/646
f 645/1/645 693/1/693 694/1/694
f 646/1/646 695/1/695 647/1/647
f 646/1/646 694/1/694 695/1/695
f 647/1/647 696/1/696 648/1/648
f 647/1/647 695/1/695 696/1/696
f 648/1/648 697/1/697 649/1/649
f 648/1/648 696/1/696 697/1/697
f 649/1/649 698/1/698 650/1/650
f 649/1/649 697/1/697 698/1/698
f 650/1/650 699/1/699 651/1/651
f 650/1/650 698/1/698 699/1/699
f 651/1/651 700/1/700 652/1/652
f 651/1/651 699/1/699 700/1/700
f 652/1/652 701/1/701 653/1/653
f 652/1/652 700/1/700 701/1/701
f 653/1/653 702/1/702 654/1/654
f 653/1/653 701/1/701 702/1/702
f 654/1/654 703/1/703 655/1/655
f 654/1/654 702/1/702 703/1/703
f 655/1/655 704/1/704 656/1/656
f 655/1/655 703/1/703 704/1/704
f 656/1/656 705/1/705 657/1/657
f 656/1/656 704/1/704 705/1/705
f 657/1/657 706/1/706 658/1/658
f 657/1/657 705/1/705 706/1/706
f 658/1/658 707/1/707 659/1/659
f 658/1/658 706/1/706 707/1/707
f 659/1/659 708/1/708 660/1/660
f 659/1/659 707/1/707 708/1/708
f 660/1/660 709/1/709 661/1/661
f 660/1/660 708/1/708 709/1/709
f 661/1/661 710/1/710 662/1/662
f 661/1/661 709/1/709 710/1/710
f 662/1/662 711/1/711 663/1/663
f 662/1/662 710/1/710 711/1/711
f 663/1/663 712/1/712 664/1/664
f 663/1/663 711/1/711 712/1/712
f 664/1/664 713/1/713 665/1/665
f 664/1/664 712/1/712 713/1/713
f 665/1/665 714/1/714 666/1/666
f 665/1/665 713/1/713 714/1/714
f 666/1/666 715/1/715 667/1/667
f 666/1/666 714/1/714 715/1/715
f 667/1/667 716/1/716 668/1/668
f 667/1/667 715/1/715 716/1/716
f 668/1/668 717/1/717 669/1/669
f 668/1/668 716/1/716 717/1/717
f 669/1/669 718/1/718 670/1/670
f 669/1/669 717/1/717 718/1/718
f 670/1/670 719/1/719 671/1/671
f 670/1/670 718/1/718 719/1/719
f 671/1/671 720/1/720 672/1/672
f 671/1/671 719/1/719 720/1/720
f 672/1/672 673/1/673 625/1/625
f 672/1/672 720/1/720 673/1/673
f 673/1/673 722/1/722 674/1/674
f 673/1/673 721/1/721 722/1/722
f 674/1/674 723/1/723 675/1/675
f 674/1/674 722/1/722 723/1/723
f 675/1/675 724/1/724 676/1/676
f 675/1/675 723/1/723 724/1/724
f 676/1/676 725/1/725 677/1/677
f 676/1/676 724/1/724 725/1/725
f 677/1/677 726/1/726 678/1/678
f 677/1/677 725/1/725 726/1/726
f 678/1/678 727/1/727 679/1/679
f 678/1/678 726/1/726 727/1/727
f 679/1/679 728/1/728 680/1/680
f 679/1/679 727/1/727 728/1/728
f 680/1/680 729/1/729 681/1/681
f 680/1/680 728/1/728 729/1/729
f 681/1/681 730/1/730 682/1/682
f 681/1/681 729/1/729 730/1/730
f 682/1/682 731/1/731 683/1/683
f 682/1/682 730/1/730 731/1/731
f 683/1/683 732/1/732 684/1/684
f 683/1/683 731/1/731 732/1/732
f 684/1/684 733/1/733 685/1/685
f 684/1/684 732/1/732 733/1/733
f 685/1/685 734/1/734 686/1/686
f 685/1/685 733/1/733 734/1/734
f 686/1/686 735/1/735 687/1/687
f 686/1/686 734/1/734 735/1/735
f 687/1/687 736/1/736 688/1/688
f 687/1/687 735/1/735 736/1/736
f 688/1/688 737/1/737 689/1/689
f 688/1/688 736/1/736 737/1/737
f 689/1/689 738/1/738 690/1/690
f 689/1/689 737/1/737 738/1/738
f 690/1/690 739/1/739 691/1/691
f 690/1/690 738/1/738 739/1/739
f 691/1/691 740/1/740 692/1/692
f 691/1/691 739/1/739 740/1/740
f 692/1/692 741/1/741 693/1/693
f 692/1/692 740/1/740 741/1/741
f 693/1/693 742/1/742 694/1/694
f 693/1/693 741/1/741 742/1/742
f 694/1/694 743/1/743 695/1/695
f 694/1/694 742/1/742 743/1/743
f 695/1/695 744/1/744 696/1/696
f 695/1/695 743/1/743 744/1/744
f 696/1/696 745/1/745 697/1/697
f 696/1/696 744/1/744 745/1/745
f 697/1/697 746/1/746 698/1/698
f 697/1/697 745/1/745 746/1/746
f 698/1/698 747/1/747 699/1/699
f 698/1/698 746/1/746 747/1/747
f 699/1/699 748/1/748 700/1/700
f 699/1/699 747/1/747 748/1/748
f 700/1/700 749/1/749 701/1/701
f 700/1/700 748/1/748 749/1/749
f 701/1/701 750/1/750 702/1/702
f 701/1/701 749/1/749 750/1/750
f 702/1/702 751/1/751 703/1/703
f 702/1/702 750/1/750 751/1/751
f 703/1/703 752/1/752 704/1/704
f 703/1/703 751/1/751 752/1/752
f 704/1/704 753/1/753 705/1/705
f 704/1/704 752/1/752 753/1/753
f 705/1/705 754/1/754 706/1/706
f 705/1/705 753/1/753 754/1/754
f 706/1/706 755/1/755 707/1/707
f 706/1/706 754/1/754 755/1/755
f 707/1/707 756/1/756 708/1/708
f 707/1/707 755/1/755 756/1/756
f 708/1/708 757/1/757 709/1/709
f 708/1/708 756/1/756 757/1/757
f 709/1/709 758/1/758 710/1/710
f 709/1/709 757/1/757 758/1/758
f 710/1/710 759/1/759 711/1/711
f 710/1/710 758/1/758 759/1/759
f 711/1/711 760/1/760 712/1/712
f 711/1/711 759/1/759 760/1/760
f 712/1/712 761/1/761 713/1/713
f 712/1/712 760/1/760 761/1/761
f 713/1/713 762/1/762 714/1/714
f 713/1/713 761/1/761 762/1/762
f 714/1/714 763/1/763 715/1/715
f 714/1/714 762/1/762 763/1/763
f 715/1/715 764/1/764 716/1/716
f 715/1/715 763/1/763 764/1/764
f 716/1/716 765/1/765 717/1/717
f 716/1/716 764/1/764 765/1/765
f 717/1/717 766/1/766 718/1/718
f 717/1/717 765/1/765 766/1/766
f 718/1/718 767/1/767 719/1/719
f 718/1/718 766/1/766 767/1/767
f 719/1/719 768/1/768 720/1/720
f 719/1/719 767/1/767 768/1/768
f 720/1/720 721/1/721 673/1/673
f 720/1/720 768/1/768 721/1/721
f 721/1/721 770/1/770 722/1/722
f 721/1/721 769/1/769 770/1/770
f 722/1/722 771/1/771 723/1/723
f 722/1/722 770/1/770 771/1/771
f 723/1/723 772/1/772 724/1/724
f 723/1/723 771/1/771 772/1/772
f 724/1/724 773/1/773 725/1/725
f 724/1/724 772/1/772 773/1/773
f 725/1/725 774/1/774 726/1/726
f 725/1/725 773/1/773 774/1/774
f 726/1/726 775/1/775 727/1/727
f 726/1/726 774/1/774 775/1/775
f 727/1/727 776/1/776 728/1/728
f 727/1/727 775/1/775 776/1/776
f 728/1/728 777/1/777 729/1/729
f 728/1/728 776/1/776 777/1/777
f 729/1/729 778/1/778 730/1/730
f 729/1/729 777/1/777 778/1/778
f 730/1/730 779/1/779 731/1/731
f 730/1/730 778/1/778 779/1/779
f 731/1/731 780/1/780 732/1/732
f 731/1/731 779/1/779 780/1/780
f 732/1/732 781/1/781 733/1/733
f 732/1/732 780/1/780 781/1/781
f 733/1/733 782/1/782 734/1/734
f 733/1/733 781/1/781 782/1/782
f 734/1/734 783/1/783 735/1/735
f 734/1/734 782/1/782 783/1/783
f 735/1/735 784/1/784 736/1/736
f 735/1/735 783/1/783 784/1/784
f 736/1/736 785/1/785 737/1/737
f 736/1/736 784/1/784 785/1/785
f 737/1/737 786/1/786 738/1/738
f 737/1/737 785/1/785 786/1/786
f 738/1/738 787/1/787 739/1/739
f 738/1/738 786/1/786 787/1/787
f 739/1/739 788/1/788 740/1/740
f 739/1/739 787/1/787 788/1/788
f 740/1/740 789/1/789 741/1/741
f 740/1/740 788/1/788 789/1/789
f 741/1/741 790/1/790 742/1/742
f 741/1/741 789/1/789 790/1/790
f 742/1/742 791/1/791 743/1/743
f 742/1/742 790/1/790 791/1/791
f 743/1/743 792/1/792 744/1/744
f 743/1/743 791/1/791 792/1/792
f 744/1/744 793/1/793 745/1/745
f 744/1/744 792/1/792 793/1/793
f 745/1/745 794/1/794 746/1/746
f 745/1/745 793/1/793 794/1/794
f 746/1/746 795/1/795 747/1/747
f 746/1/746 794/1/794 795/1/795
f 747/1/747 796/1/796 748/1/748
f 747/1/747 795/1/795 796/1/796
f 748/1/748 797/1/797 749/1/749
f 748/1/748 796/1/796 797/1/797
f 749/1/749 798/1/798 750/1/750
f 749/1/749 797/1/797 798/1/798
f 750/1/750 799/1/799 751/1/751
f 750/1/750 798/1/798 799/1/799
f 751/1/751 800/1/800 752/1/752
f 751/1/751 799/1/799 800/1/800
f 752/1/752 801/1/801 753/1/753
f 752/1/752 800/1/800 801/1/801
f 753/1/753 802/1/802 754/1/754
f 753/1/753 801/1/801 802/1/802
f 754/1/754 803/1/803 755/1/755
f 754/1/754 802/1/802 803/1/803
f 755/1/755 804/1/804 756/1/756
f 755/1/755 803/1/803 804/1/804
f 756/1/756 805/1/805 757/1/757
f 756/1/756 804/1/804 805/1/805
f 757/1/757 806/1/806 758/1/758
f 757/1/757 805/1/805 806/1/806
f 758/1/758 807/1/807 759/1/759
f 758/1/758 806/1/806 807/1/807
f 759/1/759 808/1/808 760/1/760
f 759/1/759 807/1/807 808/1/808
f 760/1/760 809/1/809 761/1/761
f 760/1/760 808/1/808 809/1/809
f 761/1/761 810/1/810 762/1/762
f 761/1/761 809/1/809 810/1/810
f 762/1/762 811/1/811 763/1/763
f 762/1/762 810/1/810 811/1/811
f 763/1/763 812/1/812 764/1/764
f 763/1/763 811/1/811 812/1/812
f 764/1/764 813/1/813 765/1/765
f 764/1/764 812/1/812 813/1/813
f 765/1/765 814/1/814 766/1/766
f 765/1/765 813/1/813 814/1/814
f 766/1/766 815/1/815 767/1/767
f 766/1/766 814/1/814 815/1/815
f 767/1/767 816/1/816 768/1/768
f 767/1/767 815/1/815 816/1/816
f 768/1/768 769/1/769 721/1/721
f 768/1/768 816/1/816 769/1/769
f 769/1/769 818/1/818 770/1/770
f 769/1/769 817/1/817 818/1/818
f 770/1/770 819/1/819 771/1/771
f 770/1/770 818/1/818 819/1/819
f 771/1/771 820/1/820 772/1/772
f 771/1/771 819/1/819 820/1/820
f 772/1/772 821/1/821 773/1/773
f 772/1/772 820/1/820 821/1/821
f 773/1/773 822/1/822 774/1/774
f 773/1/773 821/1/821 822/1/822
f 774/1/774 823/1/823 775/1/775
f 774/1/774 822/1/822 823/1/823
f 775/1/775 824/1/824 776/1/776
f 775/1/775 823/1/823 824/1/824
f 776/1/776 825/1/825 777/1/777
f 776/1/776 824/1/824 825/1/825
f 777/1/777 826/1/826 778/1/778
f 777/1/777 825/1/825 826/1/826
f 778/1/778 827/1/827 779/1/779
f 778/1/778 826/1/826 827/1/827
f 779/1/779 828/1/828 780/1/780
f 779/1/779 827/1/827 828/1/828
f 780/1/780 829/1/829 781/1/781
f 780/1/780 828/1/828 829/1/829
f 781/1/781 830/1/830 782/1/782
f 781/1/781 829/1/829 830/1/830
f 782/1/782 831/1/831 783/1/783
f 782/1/782 830/1/830 831/1/831
f 783/1/783 832/1/832 784/1/784
f 783/1/783 831/1/831 832/1/832
f 784/1/784 833/1/833 785/1/785
f 784/1/784 832/1/832 833/1/833
f 785/1/785 834/1/834 786/1/786
f 785/1/785 833/1/833 834/1/834
f 786/1/786 835/1/835 787/1/787
f 786/1/786 834/1/834 835/1/835
f 787/1/787 836/1/836 788/1/788
f 787/1/787 835/1/835 836/1/836
f 788/1/788 837/1/837 789/1/789
f 788/1/788 836/1/836 837/1/837
f 789/1/789 838/1/838 790/1/790
f 789/1/789 837/1/837 838/1/838
f 790/1/790 839/1/839 791/1/791
f 790/1/790 838/1/838 839/1/839
f 791/1/791 840/1/840 792/1/792
f 791/1/791 839/1/839 840/1/840
f 792/1/792 841/1/841 793/1/793
f 792/1/792 840/1/840 841/1/841
f 793/1/793 842/1/842 794/1/794
f 793/1/793 841/1/841 842/1/842
f 794/1/794 843/1/843 795/1/795
f 794/1/794 842/1/842 843/1/843
f 795/1/795 844/1/844 796/1/796
f 795/1/795 843/1/843 844/1/844
f 796/1/796 845/1/845 797/1/797
f 796/1/796 844/1/844 845/1/845
f 797/1/797 846/1/846 798/1/798
f 797/1/797 845/1/845 846/1/846
f 798/1/798 847/1/847 799/1/799
f 798/1/798 846/1/846 847/1/847
f 799/1/799 848/1/848 800/1/800
f 799/1/799 847/1/847 848/1/848
f 800/1/800 849/1/849 801/1/801
f 800/1/800 848/1/848 849/1/849
f 801/1/801 850/1/850 802/1/802
f 801/1/801 849/1/849 850/1/850
f 802/1/802 851/1/851 803/1/803
f 802/1/802 850/1/850 851/1/851
f 803/1/803 852/1/852 804/1/804
f 803/1/803 851/1/851 852/1/852
f 804/1/804 853/1/853 805/1/805
f 804/1/804 852/1/852 853/1/853
f 805/1/805 854/1/854 806/1/806
f 805/1/805 853/1/853 854/1/854
f 806/1/806 855/1/855 807/1/807
f 806/1/806 854/1/854 855/1/855
f 807/1/807 856/1/856 808/1/808
f 807/1/807 855/1/855 856/1/856
f 808/1/808 857/1/857 809/1/809
f 808/1/808 856/1/856 857/1/857
f 809/1/809 858/1/858 810/1/810
f 809/1/809 857/1/857 858/1/858
f 810/1/810 859/1/859 811/1/811
f 810/1/810 858/1/858 859/1/859
f 811/1/811 860/1/860 812/1/812
f 811/1/811 859/1/859 860/1/860
f 812/1/812 861/1/861 813/1/813
f 812/1/812 860/1/860 861/1/861
f 813/1/813 862/1/862 814/1/814
f 813/1/813 861/1/861 862/1/862
f 814/1/814 863/1/863 815/1/815
f 814/1/814 862/1/862 863/1/863
f 815/1/815 864/1/864 816/1/816
f 815/1/815 863/1/863 864/1/864
f 816/1/816 817/1/817 769/1/769
f 816/1/816 864/1/864 817/1/817
f 817/1/817 866/1/866 818/1/818
f 817/1/817 865/1/865 866/1/866
f 818/1/818 867/1/867 819/1/819
f 818/1/818 866/1/866 867/1/867
f 819/1/819 868/1/868 820/1/820
f 819/1/819 867/1/867 868/1/868
f 820/1/820 869/1/869 821/1/821
f 820/1/820 868/1/868 869/1/869
f 821/1/821 870/1/870 822/1/822
f 821/1/821 869/1/869 870/1/870
f 822/1/822 871/1/871 823/1/823
f 822/1/822 870/1/870 871/1/871
f 823/1/823 872/1/872 824/1/824
f 823/1/823 871/1/871 872/1/872
f 824/1/824 873/1/873 825/1/825
f 824/1/824 872/1/872 873/1/873
f 825/1/825 874/1/874 826/1/826
f 825/1/825 873/1/873 874/1/874
f 826/1/826 875/1/875 827/1/827
f 826/1/826 874/1/874 875/1/875
f 827/1/827 876/1/876 828/1/828
f 827/1/827 875/1/875 876/1/876
f 828/1/828 877/1/877 829/1/829
f 828/1/828 876/1/876 877/1/877
f 829/1/829 878/1/878 830/1/830
f 829/1/829 877/1/877 878/1/878
f 830/1/830 879/1/879 831/1/831
f 830/1/830 878/1/878 879/1/879
f 831/1/831 880/1/880 832/1/832
f 831/1/831 879/1/879 880/1/880
f 832/1/832 881/1/881 833/1/833
f 832/1/832 880/1/880 881/1/881
f 833/1/833 882/1/882 834/1/834
f 833/1/833 881/1/881 882/1/882
f 834/1/834 883/1/883 835/1/835
f 834/1/834 882/1/882 883/1/883
f 835/1/835 884/1/884 836/1/836
f 835/1/835 883/1/883 884/1/884
f 836/1/836 885/1/885 837/1/837
f 836/1/836 884/1/884 885/1/885
f 837/1/837 886/1/886 838/1/838
f 837/1/837 885/1/885 886/1/886
f 838/1/838 887/1/887 839/1/839
f 838/1/838 886/1/886 887/1/887
f 839/1/839 888/1/888 840/1/840
f 839/1/839 887/1/887 888/1/888
f 840/1/840 889/1/889 841/1/841
f 840/1/840 888/1/888 889/1/889
f 841/1/841 890/1/890 842/1/842
f 841/1/841 889/1/889 890/1/890
f 842/1/842 891/1/891 843/1/843
f 842/1/842 890/1/890 891/1/891
f 843/1/843 892/1/892 844/1/844
f 843/1/843 891/1/891 892/1/892
f 844/1/844 893/1/893 845/1/845
f 844/1/844 892/1/892 893/1/893
f 845/1/845 894/1/894 846/1/846
f 845/1/845 893/1/893 894/1/894
f 846/1/846 895/1/895 847/1/847
f 846/1/846 894/1/894 895/1/895
f 847/1/847 896/1/896 848/1/848
f 847/1/847 895/1/895 896/1/896
f 848/1/848 897/1/897 849/1/849
f 848/1/848 896/1/896 897/1/897
f 849/1/849 898/1/898 850/1/850
f 849/1/849 897/1/897 898/1/898
f 850/1/850 899/1/899 851/1/851
f 850/1/850 898/1/898 899/1/899
f 851/1/851 900/1/900 852/1/852
f 851/1/851 899/1/899 900/1/900
f 852/1/852 901/1/901 853/1/853
f 852/1/852 900/1/900 901/1/901
f 853/1/853 902/1/902 854/1/854
f 853/1/853 901/1/901 902/1/902
f 854/1/854 903/1/903 855/1/855
f 854/1/854 902/1/902 903/1/903
f 855/1/855 904/1/904 856/1/856
f 855/1/855 903/1/903 904/1/904
f 856/1/856 905/1/905 857/1/857
f 856/1/856 904/1/904 905/1/905
f 857/1/857 906/1/906 858/1/858
f 857/1/857 905/1/905 906/1/906
f 858/1/858 907/1/907 859/1/859
f 858/1/858 906/1/906 907/1/907
f 859/1/859 908/1/908 860/1/860
f 859/1/859 907/1/907 908/1/908
f 860/1/860 909/1/909 861/1/861
f 860/1/860 908/1/908 909/1/909
f 861/1/861 910/1/910 862/1/862
f 861/1/861 909/1/909 910/1/910
f 862/1/862 911/1/911 863/1/863
f 862/1/862 910/1/910 911/1/911
f 863/1/863 912/1/912 864/1/864
f 863/1/863 911/1/911 912/1/912
f 864/1/864 865/1/865 817/1/817
f 864/1/864 912/1/912 865/1/865
f 865/1/865 914/1/914 866/1/866
f 865/1/865 913/1/913 914/1/914
f 866/1/866 915/1/915 867/1/867
f 866/1/866 914/1/914 915/1/915
f 867/1/867 916/1/916 868/1/868
f 867/1/867 915/1/915 916/1/916
f 868/1/868 917/1/917 869/1/869
f 868/1/868 916/1/916 917/1/917
f 869/1/869 918/1/918 870/1/870
f 869/1/869 917/1/917 918/1/918
f 870/1/870 919/1/919 871/1/871
f 870/1/870 918/1/918 919/1/919
f 871/1/871 920/1/920 872/1/872
f 871/1/871 919/1/919 920/1/920
f 872/1/872 921/1/921 873/1/873
f 872/1/872 920/1/920 921/1/921
f 873/1/873 922/1/922 874/1/874
f 873/1/873 921/1/921 922/1/922
f 874/1/874 923/1/923 875/1/875
f 874/1/874 922/1/922 923/1/923
f 875/1/875 924/1/924 876/1/876
f 875/1/875 923/1/923 924/1/924
f 876/1/876 925/1/925 877/1/877
f 876/1/876 924/1/924 925/1/925
f 877/1/877 926/1/926 878/1/878
f 877/1/877 925/1/925 926/1/926
f 878/1/878 927/1/927 879/1/879
f 878/1/878 926/1/926 927/1/927
f 879/1/879 928/1/928 880/1/880
f 879/1/879 927/1/927 928/1/928
f 880/1/880 929/1/929 881/1/881
f 880/1/880 928/1/928 929/1/929
f 881/1/881 930/1/930 882/1/882
f 881/1/881 929/1/929 930/1/930
f 882/1/882 931/1/931 883/1/883
f 882/1/882 930/1/930 931/1/931
f 883/1/883 932/1/932 884/1/884
f 883/1/883 931/1/931 932/1/932
f 884/1/884 933/1/933 885/1/885
f 884/1/884 932/1/932 933/1/933
f 885/1/885 934/1/934 886/1/886
f 885/1/885 933/1/933 934/1/934
f 886/1/886 935/1/935 887/1/887
f 886/1/886 934/1/934 935/1/935
f 887/1/887 936/1/936 888/1/888
f 887/1/887 935/1/935 936/1/936
f 888/1/888 937/1/937 889/1/889
f 888/1/888 936/1/936 937/1/937
f 889/1/889 938/1/938 890/1/890
f 889/1/889 937/1/937 938/1/938
f 890/1/890 939/1/939 891/1/891
f 890/1/890 938/1/938 939/1/939
f 891/1/891 940/1/940 892/1/892
f 891/1/891 939/1/939 940/1/940
f 892/1/892 941/1/941 893/1/893
f 892/1/892 940/1/940 941/1/941
f 893/1/893 942/1/942 894/1/894
f 893/1/893 941/1/941 942/1/942
f 894/1/894 943/1/943 895/1/895
f 894/1/894 942/1/942 943/1/943
f 895/1/895 944/1/944 896/1/896
f 895/1/895 943/1/943 944/1/944
f 896/1/896 945/1/945 897/1/897
f 896/1/896 944/1/944 945/1/945
f 897/1/897 946/1/946 898/1/898
f 897/1/897 945/1/945 946/1/946
f 898/1/898 947/1/947 899/1/899
f 898/1/898 946/1/946 947/1/947
f 899/1/899 948/1/948 900/1/900
f 899/1/899 947/1/947 948/1/948
f 900/1/900 949/1/949 901/1/901
f 900/1/900 948/1/948 949/1/949
f 901/1/901 950/1/950 902/1/902
f 901/1/901 949/1/949 950/1/950
f 902/1/902 951/1/951 903/1/903
f 902/1/902 950/1/950 951/1/951
f 903/1/903 952/1/952 904/1/904
f 903/1/903 951/1/951 952/1/952
f 904/1/904 953/1/953 905/1/905
f 904/1/904 952/1/952 953/1/953
f 905/1/905 954/1/954 906/1/906
f 905/1/905 953/1/953 954/1/954
f 906/1/906 955/1/955 907/1/907
f 906/1/906 954/1/954 955/1/955
f 907/1/907 956/1/956 908/1/908
f 907/1/907 955/1/955 956/1/956
f 908/1/908 957/1/957 909/1/909
f 908/1/908 956/1/956 957/1/957
f 909/1/909 958/1/958 910/1/910
f 909/1/909 957/1/957 958/1/958
f 910/1/910 959/1/959 911/1/911
f 910/1/910 958/1/958 959/1/959
f 911/1/911 960/1/960 912/1/912
f 911/1/911 959/1/959 960/1/960
f 912/1/912 913/1/913 865/1/865
f 912/1/912 960/1/960 913/1/913
f 913/1/913 961/1/961 914/1/914
f 914/1/914 961/1/961 915/1/915
f 915/1/915 961/1/961 916/1/916
f 916/1/916 961/1/961 917/1/917
f 917/1/917 961/1/961 918/1/918
f 918/1/918 961/1/961 919/1/919
f 919/1/919 961/1/961 920/1/920
f 920/1/920 961/1/961 921/1/921
f 921/1/921 961/1/961 922/1/922
f 922/1/922 961/1/961 923/1/923
f 923/1/923 961/1/961 924/1/924
f 924/1/924 961/1/961 925/1/925
f 925/1/925 961/1/961 926/1/926
f 926/1/926 961/1/961 927/1/927
f 927/1/927 961/1/961 928/1/928
f 928/1/928 961/1/961 929/1/929
f 929/1/929 961/1/961 930/1/930
f 930/1/930 961/1/961 931/1/931
f 931/1/931 961/1/961 932/1/932
f 932/1/932 961/1/961 933/1/933
f 933/1/933 961/1/961 934/1/934
f 934/1/934 961/1/961 935/1/935
f 935/1/935 961/1/961 936/1/936
f 936/1/936 961/1/961 937/1/937
f 937/1/937 961/1/961 938/1/938
f 938/1/938 961/1/961 939/1/939
f 939/1/939 961/1/961 940/1/940
f 940/1/940 961/1/961 941/1/941
f 941/1/941 961/1/961 942/1/942
f 942/1/942 961/1/961 943/1/943
f 943/1/943 961/1/961 944/1/944
f 944/1/944 961/1/961 945/1/945
f 945/1/945 961/1/961 946/1/946
f 946/1/946 961/1/961 947/1/947
f 947/1/947 961/1/961 948/1/948
f 948/1/948 961/1/961 949/1/949
f 949/1/949 961/1/961 950/1/950
f 950/1/950 961/1/961 951/1/951
f 951/1/951 961/1/961 952/1/952
f 952/1/952 961/1/961 953/1/953
f 953/1/953 961/1/961 954/1/954
f 954/1/954 961/1/961 955/1/955
f 955/1/955 961/1/961 956/1/956
f 956/1/956 961/1/961 957/1/957
f 957/1/957 961/1/961 958/1/958
f 958/1/958 961/1/961 959/1/959
f 959/1/959 961/1/961 960/1/960
f 960/1/960 961/1/961 913/1/913
f 1/1/962 2/1/962 962/1/962
f 2/1/962 3/1/962 962/1/962
f 3/1/962 4/1/962 962/1/962
f 4/1/962 5/1/962 962/1/962
f 5/1/962 6/1/962 962/1/962
f 6/1/962 7/1/962 962/1/962
f 7/1/962 8/1/962 962/1/962
f 8/1/962 9/1/962 962/1/962
f 9/1/962 10/1/962 962/1/962
f 10/1/962 11/1/962 962/1/962
f 11/1/962 12/1/962 962/1/962
f 12/1/962 13/1/962 962/1/962
f 13/1/962 14/1/962 962/1/962
f 14/1/962 15/1/962 962/1/962
f 15/1/962 16/1/962 962/1/962
f 16/1/962 17/1/962 962/1/962
f 17/1/962 18/1/962 962/1/962
f 18/1/962 19/1/962 962/1/962
f 19/1/962 20/1/962 962/1/962
f 20/1/962 21/1/962 962/1/962
f 21/1/962 22/1/962 962/1/962
f 22/1/962 23/1/962 962/1/962
f 23/1/962 24/1/962 962/1/962
f 24/1/962 25/1/962 962/1/962
f 25/1/962 26/1/962 962/1/962
f 26/1/962 27/1/962 962/1/962
f 27/1/962 28/1/962 962/1/962
f 28/1/962 29/1/962 962/1/962
f 29/1/962 30/1/962 962/1/962
f 30/1/962 31/1/962 962/1/962
f 31/1/962 32/1/962 962/1/962
f 32/1/962 33/1/962 962/1/962
f 33/1/962 34/1/962 962/1/962
f 34/1/962 35/1/962 962/1/962
f 35/1/962 36/1/962 962/1/962
f 36/1/962 37/1/962 962/1/962
f 37/1/962 38/1/962 962/1/962
f 38/1/962 39/1/962 962/1/962
f 39/1/962 40/1/962 962/1/962
f 40/1/962 41/1/962 962/1/962
f 41/1/962 42/1/962 962/1/962
f 42/1/962 43/1/962 962/1/962
f 43/1/962 44/1/962 962/1/962
f 44/1/962 45/1/962 962/1/962
f 45/1/962 46/1/962 962/1/962
f 46/1/962 47/1/962 962/1/962
f 47/1/962 48/1/962 962/1/962
f 48/1/962 1/1/962 962/1/962
