# Y-up, meters; smooth background hill
mtllib hills.mtl
o hill_ridge
v 6.000000 0.000000 0.000000
v 5.948669 0.000000 0.365473
v 5.795555 0.000000 0.724693
v 5.543277 0.000000 1.071514
v 5.196152 0.000000 1.400000
v 4.760120 0.000000 1.704532
v 4.242641 0.000000 1.979899
v 3.652569 0.000000 2.221389
v 3.000000 0.000000 2.424871
v 2.296101 0.000000 2.586863
v 1.552914 0.000000 2.704592
v 0.783157 0.000000 2.776046
v 0.000000 0.000000 2.800000
v -0.783157 0.000000 2.776046
v -1.552914 0.000000 2.704592
v -2.296101 0.000000 2.586863
v -3.000000 0.000000 2.424871
v -3.652569 0.000000 2.221389
v -4.242641 0.000000 1.979899
v -4.760120 0.000000 1.704532
v -5.196152 0.000000 1.400000
v -5.543277 0.000000 1.071514
v -5.795555 0.000000 0.724693
v -5.948669 0.000000 0.365473
v -6.000000 0.000000 0.000000
v -5.948669 0.000000 -0.365473
v -5.795555 0.000000 -0.724693
v -5.543277 0.000000 -1.071514
v -5.196152 0.000000 -1.400000
v -4.760120 0.000000 -1.704532
v -4.242641 0.000000 -1.979899
v -3.652569 0.000000 -2.221389
v -3.000000 0.000000 -2.424871
v -2.296101 0.000000 -2.586863
v -1.552914 0.000000 -2.704592
v -0.783157 0.000000 -2.776046
v -0.000000 0.000000 -2.800000
v 0.783157 0.000000 -2.776046
v 1.552914 0.000000 -2.704592
v 2.296101 0.000000 -2.586863
v 3.000000 0.000000 -2.424871
v 3.652569 0.000000 -2.221389
v 4.242641 0.000000 -1.979899
v 4.760120 0.000000 -1.704532
v 5.196152 0.000000 -1.400000
v 5.543277 0.000000 -1.071514
v 5.795555 0.000000 -0.724693
v 5.948669 0.000000 -0.365473
v 5.974733 0.156918 0.000000
v 5.923560 0.156918 0.364347
v 5.770918 0.156918 0.722459
v 5.519418 0.156918 1.068210
v 5.173363 0.156918 1.395684
v 4.738675 0.156918 1.699277
v 4.222791 0.156918 1.973796
v 3.634538 0.156918 2.214542
v 2.983981 0.156918 2.417396
v 2.282251 0.156918 2.578888
v 1.541356 0.156918 2.696255
v 0.773972 0.156918 2.767488
v -0.006771 0.156918 2.791369
v -0.787514 0.156918 2.767488
v -1.554899 0.156918 2.696255
v -2.295794 0.156918 2.578888
v -2.997523 0.156918 2.417396
v -3.648080 0.156918 2.214542
v -4.236333 0.156918 1.973796
v -4.752218 0.156918 1.699277
v -5.186906 0.156918 1.395684
v -5.532961 0.156918 1.068210
v -5.784461 0.156918 0.722459
v -5.937103 0.156918 0.364347
v -5.988275 0.156918 0.000000
v -5.937103 0.156918 -0.364347
v -5.784461 0.156918 -0.722459
v -5.532961 0.156918 -1.068210
v -5.186906 0.156918 -1.395684
v -4.752218 0.156918 -1.699277
v -4.236333 0.156918 -1.973796
v -3.648080 0.156918 -2.214542
v -2.997523 0.156918 -2.417396
v -2.295794 0.156918 -2.578888
v -1.554899 0.156918 -2.696255
v -0.787514 0.156918 -2.767488
v -0.006771 0.156918 -2.791369
v 0.773972 0.156918 -2.767488
v 1.541356 0.156918 -2.696255
v 2.282251 0.156918 -2.578888
v 2.983981 0.156918 -2.417396
v 3.634538 0.156918 -2.214542
v 4.222791 0.156918 -1.973796
v 4.738675 0.156918 -1.699277
v 5.173363 0.156918 -1.395684
v 5.519418 0.156918 -1.068210
v 5.770918 0.156918 -0.722459
v 5.923560 0.156918 -0.364347
v 5.899211 0.312869 0.000000
v 5.848512 0.312869 0.360974
v 5.697283 0.312869 0.715771
v 5.448111 0.312869 1.058322
v 5.105260 0.312869 1.382764
v 4.674596 0.312869 1.683546
v 4.163488 0.312869 1.955523
v 3.580680 0.312869 2.194040
v 2.936146 0.312869 2.395017
v 2.240913 0.312869 2.555014
v 1.506876 0.312869 2.671294
v 0.746596 0.312869 2.741868
v -0.026919 0.312869 2.765527
v -0.800434 0.312869 2.741868
v -1.560714 0.312869 2.671294
v -2.294751 0.312869 2.555014
v -2.989984 0.312869 2.395017
v -3.634518 0.312869 2.194040
v -4.217326 0.312869 1.955523
v -4.728434 0.312869 1.683546
v -5.159098 0.312869 1.382764
v -5.501949 0.312869 1.058322
v -5.751121 0.312869 0.715771
v -5.902350 0.312869 0.360974
v -5.953049 0.312869 0.000000
v -5.902350 0.312869 -0.360974
v -5.751121 0.312869 -0.715771
v -5.501949 0.312869 -1.058322
v -5.159098 0.312869 -1.382764
v -4.728434 0.312869 -1.683546
v -4.217326 0.312869 -1.955523
v -3.634518 0.312869 -2.194040
v -2.989984 0.312869 -2.395017
v -2.294751 0.312869 -2.555014
v -1.560714 0.312869 -2.671294
v -0.800434 0.312869 -2.741868
v -0.026919 0.312869 -2.765527
v 0.746596 0.312869 -2.741868
v 1.506876 0.312869 -2.671294
v 2.240913 0.312869 -2.555014
v 2.936146 0.312869 -2.395017
v 3.580680 0.312869 -2.194040
v 4.163488 0.312869 -1.955523
v 4.674596 0.312869 -1.683546
v 5.105260 0.312869 -1.382764
v 5.448111 0.312869 -1.058322
v 5.697283 0.312869 -0.715771
v 5.848512 0.312869 -0.360974
v 5.774273 0.466891 0.000000
v 5.724361 0.466891 0.355375
v 5.575477 0.466891 0.704670
v 5.330170 0.466891 1.041908
v 4.992636 0.466891 1.361318
v 4.568651 0.466891 1.657436
v 4.065470 0.466891 1.925194
v 3.491701 0.466891 2.160012
v 2.857163 0.466891 2.357872
v 2.172713 0.466891 2.515387
v 1.450061 0.466891 2.629864
v 0.701572 0.466891 2.699343
v -0.059946 0.466891 2.722636
v -0.821465 0.466891 2.699343
v -1.569954 0.466891 2.629864
v -2.292606 0.466891 2.515387
v -2.977056 0.466891 2.357872
v -3.611594 0.466891 2.160012
v -4.185363 0.466891 1.925194
v -4.688544 0.466891 1.657436
v -5.112529 0.466891 1.361318
v -5.450062 0.466891 1.041908
v -5.695370 0.466891 0.704670
v -5.844253 0.466891 0.355375
v -5.894166 0.466891 0.000000
v -5.844253 0.466891 -0.355375
v -5.695370 0.466891 -0.704670
v -5.450062 0.466891 -1.041908
v -5.112529 0.466891 -1.361318
v -4.688544 0.466891 -1.657436
v -4.185363 0.466891 -1.925194
v -3.611594 0.466891 -2.160012
v -2.977056 0.466891 -2.357872
v -2.292606 0.466891 -2.515387
v -1.569954 0.466891 -2.629864
v -0.821465 0.466891 -2.699343
v -0.059946 0.466891 -2.722636
v 0.701572 0.466891 -2.699343
v 1.450061 0.466891 -2.629864
v 2.172713 0.466891 -2.515387
v 2.857163 0.466891 -2.357872
v 3.491701 0.466891 -2.160012
v 4.065470 0.466891 -1.925194
v 4.568651 0.466891 -1.657436
v 4.992636 0.466891 -1.361318
v 5.330170 0.466891 -1.041908
v 5.575477 0.466891 -0.704670
v 5.724361 0.466891 -0.355375
v 5.601298 0.618034 0.000000
v 5.552480 0.618034 0.347586
v 5.406860 0.618034 0.689224
v 5.166929 0.618034 1.019070
v 4.836794 0.618034 1.331479
v 4.422103 0.618034 1.621106
v 3.929950 0.618034 1.882996
v 3.368758 0.618034 2.112667
v 2.748129 0.618034 2.306189
v 2.078681 0.618034 2.460253
v 1.371869 0.618034 2.572220
v 0.639786 0.618034 2.640176
v -0.105041 0.618034 2.662958
v -0.849867 0.618034 2.640176
v -1.581950 0.618034 2.572220
v -2.288762 0.618034 2.460253
v -2.958210 0.618034 2.306189
v -3.578840 0.618034 2.112667
v -4.140032 0.618034 1.882996
v -4.632184 0.618034 1.621106
v -5.046875 0.618034 1.331479
v -5.377011 0.618034 1.019070
v -5.616941 0.618034 0.689224
v -5.762561 0.618034 0.347586
v -5.811380 0.618034 0.000000
v -5.762561 0.618034 -0.347586
v -5.616941 0.618034 -0.689224
v -5.377011 0.618034 -1.019070
v -5.046875 0.618034 -1.331479
v -4.632184 0.618034 -1.621106
v -4.140032 0.618034 -1.882996
v -3.578840 0.618034 -2.112667
v -2.958210 0.618034 -2.306189
v -2.288762 0.618034 -2.460253
v -1.581950 0.618034 -2.572220
v -0.849867 0.618034 -2.640176
v -0.105041 0.618034 -2.662958
v 0.639786 0.618034 -2.640176
v 1.371869 0.618034 -2.572220
v 2.078681 0.618034 -2.460253
v 2.748129 0.618034 -2.306189
v 3.368758 0.618034 -2.112667
v 3.929950 0.618034 -1.882996
v 4.422103 0.618034 -1.621106
v 4.836794 0.618034 -1.331479
v 5.166929 0.618034 -1.019070
v 5.406860 0.618034 -0.689224
v 5.552480 0.618034 -0.347586
v 5.382186 0.765367 0.000000
v 5.334762 0.765367 0.337653
v 5.193303 0.765367 0.669529
v 4.960229 0.765367 0.989949
v 4.639528 0.765367 1.293431
v 4.236686 0.765367 1.574782
v 3.758598 0.765367 1.829188
v 3.213442 0.765367 2.052296
v 2.610547 0.765367 2.240289
v 1.960229 0.765367 2.389949
v 1.273614 0.765367 2.498717
v 0.562452 0.765367 2.564732
v -0.161091 0.765367 2.586863
v -0.884634 0.765367 2.564732
v -1.595797 0.765367 2.498717
v -2.282412 0.765367 2.389949
v -2.932730 0.765367 2.240289
v -3.535625 0.765367 2.052296
v -4.080780 0.765367 1.829188
v -4.558869 0.765367 1.574782
v -4.961710 0.765367 1.293431
v -5.282412 0.765367 0.989949
v -5.515486 0.765367 0.669529
v -5.656945 0.765367 0.337653
v -5.704368 0.765367 0.000000
v -5.656945 0.765367 -0.337653
v -5.515486 0.765367 -0.669529
v -5.282412 0.765367 -0.989949
v -4.961710 0.765367 -1.293431
v -4.558869 0.765367 -1.574782
v -4.080780 0.765367 -1.829188
v -3.535625 0.765367 -2.052296
v -2.932730 0.765367 -2.240289
v -2.282412 0.765367 -2.389949
v -1.595797 0.765367 -2.498717
v -0.884634 0.765367 -2.564732
v -0.161091 0.765367 -2.586863
v 0.562452 0.765367 -2.564732
v 1.273614 0.765367 -2.498717
v 1.960229 0.765367 -2.389949
v 2.610547 0.765367 -2.240289
v 3.213442 0.765367 -2.052296
v 3.758598 0.765367 -1.829188
v 4.236686 0.765367 -1.574782
v 4.639528 0.765367 -1.293431
v 4.960229 0.765367 -0.989949
v 5.193303 0.765367 -0.669529
v 5.334762 0.765367 -0.337653
v 5.119321 0.907981 0.000000
v 5.073585 0.907981 0.325639
v 4.937159 0.907981 0.645706
v 4.712378 0.907981 0.954726
v 4.403088 0.907981 1.247409
v 4.014580 0.907981 1.518749
v 3.553502 0.907981 1.764103
v 3.027744 0.907981 1.979272
v 2.446301 0.907981 2.160576
v 1.819122 0.907981 2.304912
v 1.156939 0.907981 2.409809
v 0.471080 0.907981 2.473475
v -0.226718 0.907981 2.494818
v -0.924516 0.907981 2.473475
v -1.610375 0.907981 2.409809
v -2.272559 0.907981 2.304912
v -2.899738 0.907981 2.160576
v -3.481181 0.907981 1.979272
v -4.006939 0.907981 1.764103
v -4.468016 0.907981 1.518749
v -4.856524 0.907981 1.247409
v -5.165814 0.907981 0.954726
v -5.390595 0.907981 0.645706
v -5.527021 0.907981 0.325639
v -5.572757 0.907981 0.000000
v -5.527021 0.907981 -0.325639
v -5.390595 0.907981 -0.645706
v -5.165814 0.907981 -0.954726
v -4.856524 0.907981 -1.247409
v -4.468016 0.907981 -1.518749
v -4.006939 0.907981 -1.764103
v -3.481181 0.907981 -1.979272
v -2.899738 0.907981 -2.160576
v -2.272559 0.907981 -2.304912
v -1.610375 0.907981 -2.409809
v -0.924516 0.907981 -2.473475
v -0.226718 0.907981 -2.494818
v 0.471080 0.907981 -2.473475
v 1.156939 0.907981 -2.409809
v 1.819122 0.907981 -2.304912
v 2.446301 0.907981 -2.160576
v 3.027744 0.907981 -1.979272
v 3.553502 0.907981 -1.764103
v 4.014580 0.907981 -1.518749
v 4.403088 0.907981 -1.247409
v 4.712378 0.907981 -0.954726
v 4.937159 0.907981 -0.645706
v 5.073585 0.907981 -0.325639
v 4.815536 1.044997 0.000000
v 4.771769 1.044997 0.311617
v 4.641218 1.044997 0.617903
v 4.426116 1.044997 0.913616
v 4.130143 1.044997 1.193696
v 3.758364 1.044997 1.453352
v 3.317141 1.044997 1.688141
v 2.814021 1.044997 1.894046
v 2.257615 1.044997 2.067543
v 1.657442 1.044997 2.205663
v 1.023772 1.044997 2.306044
v 0.367446 1.044997 2.366968
v -0.300305 1.044997 2.387392
v -0.968056 1.044997 2.366968
v -1.624382 1.044997 2.306044
v -2.258053 1.044997 2.205663
v -2.858226 1.044997 2.067543
v -3.414632 1.044997 1.894046
v -3.917751 1.044997 1.688141
v -4.358975 1.044997 1.453352
v -4.730753 1.044997 1.193696
v -5.026726 1.044997 0.913616
v -5.241828 1.044997 0.617903
v -5.372379 1.044997 0.311617
v -5.416146 1.044997 0.000000
v -5.372379 1.044997 -0.311617
v -5.241828 1.044997 -0.617903
v -5.026726 1.044997 -0.913616
v -4.730753 1.044997 -1.193696
v -4.358975 1.044997 -1.453352
v -3.917751 1.044997 -1.688141
v -3.414632 1.044997 -1.894046
v -2.858226 1.044997 -2.067543
v -2.258053 1.044997 -2.205663
v -1.624382 1.044997 -2.306044
v -0.968056 1.044997 -2.366968
v -0.300305 1.044997 -2.387392
v 0.367446 1.044997 -2.366968
v 1.023772 1.044997 -2.306044
v 1.657442 1.044997 -2.205663
v 2.257615 1.044997 -2.067543
v 2.814021 1.044997 -1.894046
v 3.317141 1.044997 -1.688141
v 3.758364 1.044997 -1.453352
v 4.130143 1.044997 -1.193696
v 4.426116 1.044997 -0.913616
v 4.641218 1.044997 -0.617903
v 4.771769 1.044997 -0.311617
v 4.474061 1.175571 0.000000
v 4.432534 1.175571 0.295674
v 4.308662 1.175571 0.586289
v 4.104565 1.175571 0.866873
v 3.823735 1.175571 1.132624
v 3.470977 1.175571 1.378995
v 3.052328 1.175571 1.601772
v 2.574949 1.175571 1.797142
v 2.047010 1.175571 1.961762
v 1.477544 1.175571 2.092816
v 0.876293 1.175571 2.188061
v 0.253547 1.175571 2.245868
v -0.380041 1.175571 2.265248
v -1.013628 1.175571 2.245868
v -1.636375 1.175571 2.188061
v -2.237625 1.175571 2.092816
v -2.807092 1.175571 1.961762
v -3.335031 1.175571 1.797142
v -3.812409 1.175571 1.601772
v -4.231059 1.175571 1.378995
v -4.583816 1.175571 1.132624
v -4.864646 1.175571 0.866873
v -5.068743 1.175571 0.586289
v -5.192615 1.175571 0.295674
v -5.234143 1.175571 0.000000
v -5.192615 1.175571 -0.295674
v -5.068743 1.175571 -0.586289
v -4.864646 1.175571 -0.866873
v -4.583816 1.175571 -1.132624
v -4.231059 1.175571 -1.378995
v -3.812409 1.175571 -1.601772
v -3.335031 1.175571 -1.797142
v -2.807092 1.175571 -1.961762
v -2.237625 1.175571 -2.092816
v -1.636375 1.175571 -2.188061
v -1.013628 1.175571 -2.245868
v -0.380041 1.175571 -2.265248
v 0.253547 1.175571 -2.245868
v 0.876293 1.175571 -2.188061
v 1.477544 1.175571 -2.092816
v 2.047010 1.175571 -1.961762
v 2.574949 1.175571 -1.797142
v 3.052328 1.175571 -1.601772
v 3.470977 1.175571 -1.378995
v 3.823735 1.175571 -1.132624
v 4.104565 1.175571 -0.866873
v 4.308662 1.175571 -0.586289
v 4.432534 1.175571 -0.295674
v 4.098475 1.298896 0.000000
v 4.059442 1.298896 0.277908
v 3.943014 1.298896 0.551061
v 3.751180 1.298896 0.814785
v 3.487224 1.298896 1.064568
v 3.155663 1.298896 1.296136
v 2.762168 1.298896 1.505527
v 2.313474 1.298896 1.689158
v 1.817257 1.298896 1.843886
v 1.282008 1.298896 1.967066
v 0.716884 1.298896 2.056588
v 0.131556 1.298896 2.110922
v -0.463961 1.298896 2.129137
v -1.059478 1.298896 2.110922
v -1.644806 1.298896 2.056588
v -2.209930 1.298896 1.967066
v -2.745179 1.298896 1.843886
v -3.241396 1.298896 1.689158
v -3.690090 1.298896 1.505527
v -4.083585 1.298896 1.296136
v -4.415146 1.298896 1.064568
v -4.679102 1.298896 0.814785
v -4.870936 1.298896 0.551061
v -4.987365 1.298896 0.277908
v -5.026397 1.298896 0.000000
v -4.987365 1.298896 -0.277908
v -4.870936 1.298896 -0.551061
v -4.679102 1.298896 -0.814785
v -4.415146 1.298896 -1.064568
v -4.083585 1.298896 -1.296136
v -3.690090 1.298896 -1.505527
v -3.241396 1.298896 -1.689158
v -2.745179 1.298896 -1.843886
v -2.209930 1.298896 -1.967066
v -1.644806 1.298896 -2.056588
v -1.059478 1.298896 -2.110922
v -0.463961 1.298896 -2.129137
v 0.131556 1.298896 -2.110922
v 0.716884 1.298896 -2.056588
v 1.282008 1.298896 -1.967066
v 1.817257 1.298896 -1.843886
v 2.313474 1.298896 -1.689158
v 2.762168 1.298896 -1.505527
v 3.155663 1.298896 -1.296136
v 3.487224 1.298896 -1.064568
v 3.751180 1.298896 -0.814785
v 3.943014 1.298896 -0.551061
v 4.059442 1.298896 -0.277908
v 3.692641 1.414214 0.000000
v 3.656344 1.414214 0.258429
v 3.548076 1.414214 0.512436
v 3.369689 1.414214 0.757675
v 3.124235 1.414214 0.989949
v 2.815913 1.414214 1.205286
v 2.450000 1.414214 1.400000
v 2.032756 1.414214 1.570759
v 1.571320 1.414214 1.714643
v 1.073588 1.414214 1.829188
v 0.548076 1.414214 1.912436
v 0.003776 1.414214 1.962961
v -0.550000 1.414214 1.979899
v -1.103776 1.414214 1.962961
v -1.648076 1.414214 1.912436
v -2.173588 1.414214 1.829188
v -2.671320 1.414214 1.714643
v -3.132756 1.414214 1.570759
v -3.550000 1.414214 1.400000
v -3.915913 1.414214 1.205286
v -4.224235 1.414214 0.989949
v -4.469689 1.414214 0.757675
v -4.648076 1.414214 0.512436
v -4.756344 1.414214 0.258429
v -4.792641 1.414214 0.000000
v -4.756344 1.414214 -0.258429
v -4.648076 1.414214 -0.512436
v -4.469689 1.414214 -0.757675
v -4.224235 1.414214 -0.989949
v -3.915913 1.414214 -1.205286
v -3.550000 1.414214 -1.400000
v -3.132756 1.414214 -1.570759
v -2.671320 1.414214 -1.714643
v -2.173588 1.414214 -1.829188
v -1.648076 1.414214 -1.912436
v -1.103776 1.414214 -1.962961
v -0.550000 1.414214 -1.979899
v 0.003776 1.414214 -1.962961
v 0.548076 1.414214 -1.912436
v 1.073588 1.414214 -1.829188
v 1.571320 1.414214 -1.714643
v 2.032756 1.414214 -1.570759
v 2.450000 1.414214 -1.400000
v 2.815913 1.414214 -1.205286
v 3.124235 1.414214 -0.989949
v 3.369689 1.414214 -0.757675
v 3.548076 1.414214 -0.512436
v 3.656344 1.414214 -0.258429
v 3.260649 1.520812 0.000000
v 3.227313 1.520812 0.237356
v 3.127873 1.520812 0.470651
v 2.964032 1.520812 0.695892
v 2.738592 1.520812 0.909227
v 2.455412 1.520812 1.107005
v 2.119336 1.520812 1.285842
v 1.736115 1.520812 1.442677
v 1.312305 1.520812 1.574828
v 0.855159 1.520812 1.680033
v 0.372498 1.520812 1.756492
v -0.127419 1.520812 1.802897
v -0.636039 1.520812 1.818455
v -1.144659 1.520812 1.802897
v -1.644576 1.520812 1.756492
v -2.127237 1.520812 1.680033
v -2.584383 1.520812 1.574828
v -3.008192 1.520812 1.442677
v -3.391414 1.520812 1.285842
v -3.727490 1.520812 1.107005
v -4.010670 1.520812 0.909227
v -4.236110 1.520812 0.695892
v -4.399951 1.520812 0.470651
v -4.499391 1.520812 0.237356
v -4.532727 1.520812 0.000000
v -4.499391 1.520812 -0.237356
v -4.399951 1.520812 -0.470651
v -4.236110 1.520812 -0.695892
v -4.010670 1.520812 -0.909227
v -3.727490 1.520812 -1.107005
v -3.391414 1.520812 -1.285842
v -3.008192 1.520812 -1.442677
v -2.584383 1.520812 -1.574828
v -2.127237 1.520812 -1.680033
v -1.644576 1.520812 -1.756492
v -1.144659 1.520812 -1.802897
v -0.636039 1.520812 -1.818455
v -0.127419 1.520812 -1.802897
v 0.372498 1.520812 -1.756492
v 0.855159 1.520812 -1.680033
v 1.312305 1.520812 -1.574828
v 1.736115 1.520812 -1.442677
v 2.119336 1.520812 -1.285842
v 2.455412 1.520812 -1.107005
v 2.738592 1.520812 -0.909227
v 2.964032 1.520812 -0.695892
v 3.127873 1.520812 -0.470651
v 3.227313 1.520812 -0.237356
v 2.806752 1.618034 0.000000
v 2.776581 1.618034 0.214820
v 2.686582 1.618034 0.425964
v 2.538297 1.618034 0.629820
v 2.334262 1.618034 0.822899
v 2.077969 1.618034 1.001899
v 1.773802 1.618034 1.163755
v 1.426967 1.618034 1.305700
v 1.043396 1.618034 1.425303
v 0.629655 1.618034 1.520520
v 0.192821 1.618034 1.589719
v -0.259631 1.618034 1.631719
v -0.719959 1.618034 1.645799
v -1.180288 1.618034 1.631719
v -1.632739 1.618034 1.589719
v -2.069573 1.618034 1.520520
v -2.483315 1.618034 1.425303
v -2.866885 1.618034 1.305700
v -3.213721 1.618034 1.163755
v -3.517888 1.618034 1.001899
v -3.774181 1.618034 0.822899
v -3.978216 1.618034 0.629820
v -4.126501 1.618034 0.425964
v -4.216499 1.618034 0.214820
v -4.246671 1.618034 0.000000
v -4.216499 1.618034 -0.214820
v -4.126501 1.618034 -0.425964
v -3.978216 1.618034 -0.629820
v -3.774181 1.618034 -0.822899
v -3.517888 1.618034 -1.001899
v -3.213721 1.618034 -1.163755
v -2.866885 1.618034 -1.305700
v -2.483315 1.618034 -1.425303
v -2.069573 1.618034 -1.520520
v -1.632739 1.618034 -1.589719
v -1.180288 1.618034 -1.631719
v -0.719959 1.618034 -1.645799
v -0.259631 1.618034 -1.631719
v 0.192821 1.618034 -1.589719
v 0.629655 1.618034 -1.520520
v 1.043396 1.618034 -1.425303
v 1.426967 1.618034 -1.305700
v 1.773802 1.618034 -1.163755
v 2.077969 1.618034 -1.001899
v 2.334262 1.618034 -0.822899
v 2.538297 1.618034 -0.629820
v 2.686582 1.618034 -0.425964
v 2.776581 1.618034 -0.214820
v 2.335297 1.705280 0.000000
v 2.308476 1.705280 0.190959
v 2.228474 1.705280 0.378651
v 2.096660 1.705280 0.559864
v 1.915287 1.705280 0.731498
v 1.687461 1.705280 0.890616
v 1.417079 1.705280 1.034494
v 1.108767 1.705280 1.160673
v 0.767801 1.705280 1.266992
v 0.400014 1.705280 1.351632
v 0.011701 1.705280 1.413146
v -0.390496 1.705280 1.450480
v -0.799695 1.705280 1.462996
v -1.208893 1.705280 1.450480
v -1.611090 1.705280 1.413146
v -1.999404 1.705280 1.351632
v -2.367190 1.705280 1.266992
v -2.708157 1.705280 1.160673
v -3.016468 1.705280 1.034494
v -3.286851 1.705280 0.890616
v -3.514677 1.705280 0.731498
v -3.696049 1.705280 0.559864
v -3.827864 1.705280 0.378651
v -3.907866 1.705280 0.190959
v -3.934686 1.705280 0.000000
v -3.907866 1.705280 -0.190959
v -3.827864 1.705280 -0.378651
v -3.696049 1.705280 -0.559864
v -3.514677 1.705280 -0.731498
v -3.286851 1.705280 -0.890616
v -3.016468 1.705280 -1.034494
v -2.708157 1.705280 -1.160673
v -2.367190 1.705280 -1.266992
v -1.999404 1.705280 -1.351632
v -1.611090 1.705280 -1.413146
v -1.208893 1.705280 -1.450480
v -0.799695 1.705280 -1.462996
v -0.390496 1.705280 -1.450480
v 0.011701 1.705280 -1.413146
v 0.400014 1.705280 -1.351632
v 0.767801 1.705280 -1.266992
v 1.108767 1.705280 -1.160673
v 1.417079 1.705280 -1.034494
v 1.687461 1.705280 -0.890616
v 1.915287 1.705280 -0.731498
v 2.096660 1.705280 -0.559864
v 2.228474 1.705280 -0.378651
v 2.308476 1.705280 -0.190959
v 1.850661 1.782013 0.000000
v 1.827357 1.782013 0.165921
v 1.757845 1.782013 0.329004
v 1.643313 1.782013 0.486457
v 1.485722 1.782013 0.635587
v 1.287767 1.782013 0.773841
v 1.052837 1.782013 0.898855
v 0.784950 1.782013 1.008490
v 0.488690 1.782013 1.100868
v 0.169126 1.782013 1.174411
v -0.168274 1.782013 1.227859
v -0.517736 1.782013 1.260298
v -0.873282 1.782013 1.271173
v -1.228828 1.782013 1.260298
v -1.578290 1.782013 1.227859
v -1.915690 1.782013 1.174411
v -2.235253 1.782013 1.100868
v -2.531513 1.782013 1.008490
v -2.799400 1.782013 0.898855
v -3.034331 1.782013 0.773841
v -3.232286 1.782013 0.635587
v -3.389877 1.782013 0.486457
v -3.504409 1.782013 0.329004
v -3.573921 1.782013 0.165921
v -3.597225 1.782013 0.000000
v -3.573921 1.782013 -0.165921
v -3.504409 1.782013 -0.329004
v -3.389877 1.782013 -0.486457
v -3.232286 1.782013 -0.635587
v -3.034331 1.782013 -0.773841
v -2.799400 1.782013 -0.898855
v -2.531513 1.782013 -1.008490
v -2.235253 1.782013 -1.100868
v -1.915690 1.782013 -1.174411
v -1.578290 1.782013 -1.227859
v -1.228828 1.782013 -1.260298
v -0.873282 1.782013 -1.271173
v -0.517736 1.782013 -1.260298
v -0.168274 1.782013 -1.227859
v 0.169126 1.782013 -1.174411
v 0.488690 1.782013 -1.100868
v 0.784950 1.782013 -1.008490
v 1.052837 1.782013 -0.898855
v 1.287767 1.782013 -0.773841
v 1.485722 1.782013 -0.635587
v 1.643313 1.782013 -0.486457
v 1.757845 1.782013 -0.329004
v 1.827357 1.782013 -0.165921
v 1.357192 1.847759 0.000000
v 1.337548 1.847759 0.139861
v 1.278954 1.847759 0.277328
v 1.182412 1.847759 0.410051
v 1.049573 1.847759 0.535757
v 0.882710 1.847759 0.652296
v 0.684680 1.847759 0.757675
v 0.458869 1.847759 0.850089
v 0.209142 1.847759 0.927958
v -0.060229 1.847759 0.989949
v -0.344634 1.847759 1.035003
v -0.639207 1.847759 1.062347
v -0.938909 1.847759 1.071514
v -1.238610 1.847759 1.062347
v -1.533183 1.847759 1.035003
v -1.817588 1.847759 0.989949
v -2.086959 1.847759 0.927958
v -2.336686 1.847759 0.850089
v -2.562497 1.847759 0.757675
v -2.760528 1.847759 0.652296
v -2.927390 1.847759 0.535757
v -3.060229 1.847759 0.410051
v -3.156772 1.847759 0.277328
v -3.215366 1.847759 0.139861
v -3.235009 1.847759 0.000000
v -3.215366 1.847759 -0.139861
v -3.156772 1.847759 -0.277328
v -3.060229 1.847759 -0.410051
v -2.927390 1.847759 -0.535757
v -2.760528 1.847759 -0.652296
v -2.562497 1.847759 -0.757675
v -2.336686 1.847759 -0.850089
v -2.086959 1.847759 -0.927958
v -1.817588 1.847759 -0.989949
v -1.533183 1.847759 -1.035003
v -1.238610 1.847759 -1.062347
v -0.938909 1.847759 -1.071514
v -0.639207 1.847759 -1.062347
v -0.344634 1.847759 -1.035003
v -0.060229 1.847759 -0.989949
v 0.209142 1.847759 -0.927958
v 0.458869 1.847759 -0.850089
v 0.684680 1.847759 -0.757675
v 0.882710 1.847759 -0.652296
v 1.049573 1.847759 -0.535757
v 1.182412 1.847759 -0.410051
v 1.278954 1.847759 -0.277328
v 1.337548 1.847759 -0.139861
v 0.859143 1.902113 0.000000
v 0.843281 1.902113 0.112937
v 0.795966 1.902113 0.223943
v 0.718008 1.902113 0.331116
v 0.610740 1.902113 0.432624
v 0.475999 1.902113 0.526729
v 0.316089 1.902113 0.611822
v 0.133746 1.902113 0.686447
v -0.067908 1.902113 0.749326
v -0.285425 1.902113 0.799385
v -0.515082 1.902113 0.835765
v -0.752950 1.902113 0.857845
v -0.994959 1.902113 0.865248
v -1.236968 1.902113 0.857845
v -1.474836 1.902113 0.835765
v -1.704493 1.902113 0.799385
v -1.922010 1.902113 0.749326
v -2.123665 1.902113 0.686447
v -2.306007 1.902113 0.611822
v -2.465917 1.902113 0.526729
v -2.600659 1.902113 0.432624
v -2.707926 1.902113 0.331116
v -2.785884 1.902113 0.223943
v -2.833199 1.902113 0.112937
v -2.849061 1.902113 0.000000
v -2.833199 1.902113 -0.112937
v -2.785884 1.902113 -0.223943
v -2.707926 1.902113 -0.331116
v -2.600659 1.902113 -0.432624
v -2.465917 1.902113 -0.526729
v -2.306007 1.902113 -0.611822
v -2.123665 1.902113 -0.686447
v -1.922010 1.902113 -0.749326
v -1.704493 1.902113 -0.799385
v -1.474836 1.902113 -0.835765
v -1.236968 1.902113 -0.857845
v -0.994959 1.902113 -0.865248
v -0.752950 1.902113 -0.857845
v -0.515082 1.902113 -0.835765
v -0.285425 1.902113 -0.799385
v -0.067908 1.902113 -0.749326
v 0.133746 1.902113 -0.686447
v 0.316089 1.902113 -0.611822
v 0.475999 1.902113 -0.526729
v 0.610740 1.902113 -0.432624
v 0.718008 1.902113 -0.331116
v 0.795966 1.902113 -0.223943
v 0.843281 1.902113 -0.112937
v 0.360619 1.944740 0.000000
v 0.348636 1.944740 0.085318
v 0.312892 1.944740 0.169176
v 0.253999 1.944740 0.250140
v 0.172964 1.944740 0.326824
v 0.071174 1.944740 0.397915
v -0.049629 1.944740 0.462198
v -0.187378 1.944740 0.518573
v -0.339717 1.944740 0.566075
v -0.504040 1.944740 0.603891
v -0.677533 1.944740 0.631375
v -0.857229 1.944740 0.648055
v -1.040054 1.944740 0.653647
v -1.222878 1.944740 0.648055
v -1.402574 1.944740 0.631375
v -1.576068 1.944740 0.603891
v -1.740390 1.944740 0.566075
v -1.892729 1.944740 0.518573
v -2.030478 1.944740 0.462198
v -2.151282 1.944740 0.397915
v -2.253071 1.944740 0.326824
v -2.334106 1.944740 0.250140
v -2.392999 1.944740 0.169176
v -2.428743 1.944740 0.085318
v -2.440726 1.944740 0.000000
v -2.428743 1.944740 -0.085318
v -2.392999 1.944740 -0.169176
v -2.334106 1.944740 -0.250140
v -2.253071 1.944740 -0.326824
v -2.151282 1.944740 -0.397915
v -2.030478 1.944740 -0.462198
v -1.892729 1.944740 -0.518573
v -1.740390 1.944740 -0.566075
v -1.576068 1.944740 -0.603891
v -1.402574 1.944740 -0.631375
v -1.222878 1.944740 -0.648055
v -1.040054 1.944740 -0.653647
v -0.857229 1.944740 -0.648055
v -0.677533 1.944740 -0.631375
v -0.504040 1.944740 -0.603891
v -0.339717 1.944740 -0.566075
v -0.187378 1.944740 -0.518573
v -0.049629 1.944740 -0.462198
v 0.071174 1.944740 -0.397915
v 0.172964 1.944740 -0.326824
v 0.253999 1.944740 -0.250140
v 0.312892 1.944740 -0.169176
v 0.348636 1.944740 -0.085318
v -0.134474 1.975377 0.000000
v -0.142504 1.975377 0.057173
v -0.166457 1.975377 0.113367
v -0.205921 1.975377 0.167622
v -0.260224 1.975377 0.219008
v -0.328434 1.975377 0.266648
v -0.409386 1.975377 0.309724
v -0.501693 1.975377 0.347502
v -0.603778 1.975377 0.379333
v -0.713892 1.975377 0.404674
v -0.830152 1.975377 0.423091
v -0.950568 1.975377 0.434269
v -1.073081 1.975377 0.438017
v -1.195594 1.975377 0.434269
v -1.316010 1.975377 0.423091
v -1.432270 1.975377 0.404674
v -1.542384 1.975377 0.379333
v -1.644469 1.975377 0.347502
v -1.736776 1.975377 0.309724
v -1.817728 1.975377 0.266648
v -1.885938 1.975377 0.219008
v -1.940241 1.975377 0.167622
v -1.979706 1.975377 0.113367
v -2.003658 1.975377 0.057173
v -2.011688 1.975377 0.000000
v -2.003658 1.975377 -0.057173
v -1.979706 1.975377 -0.113367
v -1.940241 1.975377 -0.167622
v -1.885938 1.975377 -0.219008
v -1.817728 1.975377 -0.266648
v -1.736776 1.975377 -0.309724
v -1.644469 1.975377 -0.347502
v -1.542384 1.975377 -0.379333
v -1.432270 1.975377 -0.404674
v -1.316010 1.975377 -0.423091
v -1.195594 1.975377 -0.434269
v -1.073081 1.975377 -0.438017
v -0.950568 1.975377 -0.434269
v -0.830152 1.975377 -0.423091
v -0.713892 1.975377 -0.404674
v -0.603778 1.975377 -0.379333
v -0.501693 1.975377 -0.347502
v -0.409386 1.975377 -0.309724
v -0.328434 1.975377 -0.266648
v -0.260224 1.975377 -0.219008
v -0.205921 1.975377 -0.167622
v -0.166457 1.975377 -0.113367
v -0.142504 1.975377 -0.057173
v -0.622474 1.993835 0.000000
v -0.626501 1.993835 0.028675
v -0.638515 1.993835 0.056859
v -0.658308 1.993835 0.084070
v -0.685543 1.993835 0.109843
v -0.719754 1.993835 0.133736
v -0.760355 1.993835 0.155341
v -0.806651 1.993835 0.174288
v -0.857851 1.993835 0.190253
v -0.913079 1.993835 0.202963
v -0.971388 1.993835 0.212200
v -1.031783 1.993835 0.217806
v -1.093229 1.993835 0.219685
v -1.154674 1.993835 0.217806
v -1.215069 1.993835 0.212200
v -1.273379 1.993835 0.202963
v -1.328606 1.993835 0.190253
v -1.379806 1.993835 0.174288
v -1.426102 1.993835 0.155341
v -1.466703 1.993835 0.133736
v -1.500914 1.993835 0.109843
v -1.528149 1.993835 0.084070
v -1.547943 1.993835 0.056859
v -1.559956 1.993835 0.028675
v -1.563983 1.993835 0.000000
v -1.559956 1.993835 -0.028675
v -1.547943 1.993835 -0.056859
v -1.528149 1.993835 -0.084070
v -1.500914 1.993835 -0.109843
v -1.466703 1.993835 -0.133736
v -1.426102 1.993835 -0.155341
v -1.379806 1.993835 -0.174288
v -1.328606 1.993835 -0.190253
v -1.273379 1.993835 -0.202963
v -1.215069 1.993835 -0.212200
v -1.154674 1.993835 -0.217806
v -1.093229 1.993835 -0.219685
v -1.031783 1.993835 -0.217806
v -0.971388 1.993835 -0.212200
v -0.913079 1.993835 -0.202963
v -0.857851 1.993835 -0.190253
v -0.806651 1.993835 -0.174288
v -0.760355 1.993835 -0.155341
v -0.719754 1.993835 -0.133736
v -0.685543 1.993835 -0.109843
v -0.658308 1.993835 -0.084070
v -0.638515 1.993835 -0.056859
v -0.626501 1.993835 -0.028675
v -1.100000 2.000000 0.000000
v 0.000000 0.000000 0.000000
vt 0.5 0.5
vn 0.986234 0.158806 0.046077
vn 0.938596 0.152411 0.309530
vn 0.839897 0.139337 0.524555
vn 0.721972 0.124105 0.680701
vn 0.605955 0.109673 0.787903
vn 0.500293 0.097183 0.860385
vn 0.406358 0.086782 0.909583
vn 0.322764 0.078250 0.943239
vn 0.247401 0.071287 0.966287
vn 0.178184 0.065621 0.981807
vn 0.113252 0.061032 0.991690
vn 0.050966 0.057358 0.997052
vn -0.010159 0.054483 0.998463
vn -0.071536 0.052335 0.996064
vn -0.134597 0.050877 0.989593
vn -0.200880 0.050111 0.978333
vn -0.272115 0.050072 0.960961
vn -0.350281 0.050833 0.935264
vn -0.437576 0.052502 0.897647
vn -0.536097 0.055205 0.842350
vn -0.646778 0.059025 0.760391
vn -0.766646 0.063852 0.638887
vn -0.883505 0.069061 0.463304
vn -0.970930 0.073203 0.227895
vn -0.996140 0.074429 -0.046540
vn -0.947222 0.072062 -0.312374
vn -0.846245 0.067355 -0.528519
vn -0.726190 0.062156 -0.684678
vn -0.608619 0.057629 -0.791367
vn -0.501934 0.054183 -0.863207
vn -0.407348 0.051838 -0.911801
vn -0.323344 0.050485 -0.944934
vn -0.247722 0.050000 -0.967540
vn -0.178343 0.050288 -0.982683
vn -0.113314 0.051286 -0.992235
vn -0.050978 0.052972 -0.997294
vn 0.010159 0.055357 -0.998415
vn 0.071512 0.058488 -0.995723
vn 0.134508 0.062452 -0.988942
vn 0.200675 0.067379 -0.977338
vn 0.271721 0.073450 -0.959569
vn 0.349585 0.080903 -0.933405
vn 0.436401 0.090025 -0.895237
vn 0.534164 0.101107 -0.839313
vn 0.643662 0.114292 -0.756727
vn 0.761776 0.129191 -0.634829
vn 0.876371 0.144139 -0.459563
vn 0.961699 0.155506 -0.225728
vn 0.951922 0.306339 -0.000413
vn 0.918967 0.297485 0.258847
vn 0.833925 0.275084 0.478433
vn 0.724885 0.247066 0.643040
vn 0.613468 0.219453 0.758615
vn 0.509802 0.194989 0.837903
vn 0.416549 0.174327 0.892243
vn 0.333055 0.157225 0.929707
vn 0.257585 0.143187 0.955588
vn 0.188237 0.131713 0.973252
vn 0.123242 0.122387 0.984801
vn 0.061011 0.114888 0.991503
vn 0.000094 0.108986 0.994043
vn -0.060891 0.104532 0.992656
vn -0.123338 0.101450 0.987165
vn -0.188736 0.099732 0.976950
vn -0.258751 0.099441 0.960812
vn -0.335285 0.100711 0.936718
vn -0.420464 0.103744 0.901359
vn -0.516378 0.108787 0.849423
vn -0.624196 0.116031 0.772603
vn -0.741802 0.125347 0.658801
vn -0.859018 0.135719 0.493628
vn -0.952213 0.144573 0.269052
vn -0.988949 0.148254 0.000429
vn -0.952397 0.144824 -0.268263
vn -0.859309 0.136174 -0.492996
vn -0.742120 0.125946 -0.658328
vn -0.624498 0.116724 -0.772255
vn -0.516652 0.109540 -0.849160
vn -0.420708 0.104537 -0.901153
vn -0.335506 0.101529 -0.936551
vn -0.258955 0.100275 -0.960670
vn -0.188928 0.100575 -0.976827
vn -0.123524 0.102297 -0.987055
vn -0.061076 0.105379 -0.992555
vn -0.000094 0.109829 -0.993950
vn 0.060815 0.115723 -0.991418
vn 0.123033 0.123210 -0.984724
vn 0.188009 0.132518 -0.973186
vn 0.257331 0.143967 -0.955539
vn 0.332767 0.157971 -0.929683
vn 0.416219 0.175026 -0.892260
vn 0.509425 0.195625 -0.837984
vn 0.613043 0.220004 -0.758799
vn 0.724435 0.247506 -0.643377
vn 0.833514 0.275390 -0.478972
vn 0.918709 0.297640 -0.259585
vn 0.839967 0.542638 -0.000733
vn 0.816075 0.530425 0.229500
vn 0.752185 0.498296 0.431183
vn 0.665960 0.455956 0.590425
vn 0.573126 0.411955 0.708392
vn 0.482801 0.371157 0.793187
vn 0.398651 0.335437 0.853557
vn 0.321295 0.305053 0.896500
vn 0.249997 0.279596 0.926999
vn 0.183541 0.258469 0.948423
vn 0.120610 0.241103 0.962976
vn 0.059908 0.227027 0.972044
vn 0.000186 0.215889 0.976418
vn -0.059800 0.207463 0.976413
vn -0.121333 0.201639 0.971916
vn -0.185806 0.198428 0.962342
vn -0.254781 0.197963 0.946519
vn -0.330031 0.200505 0.922430
vn -0.413500 0.206433 0.886794
vn -0.507020 0.216188 0.834382
vn -0.611407 0.230074 0.757131
vn -0.724205 0.247744 0.643545
vn -0.835353 0.267171 0.480422
vn -0.922723 0.283535 0.261131
vn -0.956957 0.290228 0.000836
vn -0.923071 0.283820 -0.259590
vn -0.835907 0.267675 -0.479176
vn -0.724818 0.248386 -0.642607
vn -0.611996 0.230795 -0.756436
vn -0.507557 0.216951 -0.833858
vn -0.413984 0.207217 -0.886385
vn -0.330470 0.201298 -0.922100
vn -0.255186 0.198758 -0.946243
vn -0.186189 0.199218 -0.962105
vn -0.121703 0.202420 -0.971707
vn -0.060166 0.208229 -0.976228
vn -0.000186 0.216636 -0.976252
vn 0.059523 0.227748 -0.971899
vn 0.120202 0.241792 -0.962854
vn 0.183101 0.259118 -0.948331
vn 0.249513 0.280192 -0.926950
vn 0.320757 0.305585 -0.896511
vn 0.398050 0.335888 -0.853660
vn 0.482133 0.371511 -0.793427
vn 0.572405 0.412199 -0.708834
vn 0.665234 0.456086 -0.591143
vn 0.751558 0.498335 -0.432230
vn 0.815699 0.530422 -0.230843
vn 0.715933 0.698169 -0.000947
vn 0.699863 0.686717 0.196498
vn 0.655340 0.655470 0.375352
vn 0.591933 0.611992 0.524482
vn 0.519530 0.564035 0.641836
vn 0.445184 0.517060 0.731068
vn 0.372740 0.473996 0.797742
vn 0.303738 0.435993 0.847144
vn 0.238382 0.403229 0.883505
vn 0.176199 0.375437 0.909945
vn 0.116408 0.352215 0.928652
vn 0.058094 0.333168 0.941076
vn 0.000273 0.317983 0.948096
vn -0.058094 0.306458 0.950110
vn -0.118131 0.298520 0.947064
vn -0.181080 0.294234 0.938422
vn -0.248340 0.293817 0.923038
vn -0.321480 0.297643 0.898921
vn -0.402162 0.306222 0.862841
vn -0.491821 0.320098 0.809722
vn -0.590759 0.339560 0.731917
vn -0.696070 0.363916 0.618912
vn -0.797983 0.390195 0.459316
vn -0.876680 0.411921 0.248503
vn -0.907205 0.420687 0.001201
vn -0.877153 0.412251 -0.246275
vn -0.798752 0.390765 -0.457492
vn -0.696936 0.364620 -0.617521
vn -0.591606 0.340321 -0.730879
vn -0.492603 0.320876 -0.808938
vn -0.402873 0.306994 -0.862234
vn -0.322129 0.298400 -0.898438
vn -0.248942 0.294552 -0.922641
vn -0.181649 0.294942 -0.938090
vn -0.118681 0.299198 -0.946782
vn -0.058636 0.307101 -0.949869
vn -0.000273 0.318585 -0.947894
vn 0.057532 0.333721 -0.940914
vn 0.115820 0.352711 -0.928537
vn 0.175574 0.375865 -0.909890
vn 0.237710 0.403575 -0.883528
vn 0.303009 0.436246 -0.847275
vn 0.371952 0.474141 -0.798024
vn 0.444344 0.517091 -0.731557
vn 0.518669 0.563955 -0.642602
vn 0.591116 0.611830 -0.525591
vn 0.654675 0.655287 -0.376828
vn 0.699482 0.686594 -0.198275
vn 0.606139 0.795358 -0.001086
vn 0.595293 0.785994 0.166855
vn 0.564392 0.759702 0.322978
vn 0.518418 0.721461 0.459061
vn 0.463172 0.677036 0.571921
vn 0.403523 0.631234 0.662354
vn 0.342748 0.587275 0.733234
vn 0.282661 0.546952 0.788001
vn 0.224013 0.511077 0.829830
vn 0.166886 0.479882 0.861314
vn 0.110960 0.453315 0.884417
vn 0.055684 0.431223 0.900526
vn 0.000355 0.413455 0.910524
vn -0.055843 0.399932 0.914842
vn -0.113840 0.390677 0.913462
vn -0.174691 0.385846 0.905873
vn -0.239587 0.385747 0.890953
vn -0.309833 0.390839 0.866746
vn -0.386736 0.401697 0.830106
vn -0.471246 0.418861 0.776198
vn -0.563081 0.442457 0.697977
vn -0.658910 0.471348 0.586232
vn -0.749518 0.501773 0.431795
vn -0.817933 0.526357 0.232239
vn -0.844132 0.536133 0.001512
vn -0.818489 0.526730 -0.229415
vn -0.750440 0.502411 -0.429445
vn -0.659976 0.472118 -0.584411
vn -0.564146 0.443265 -0.696603
vn -0.472247 0.419656 -0.775159
vn -0.387658 0.402455 -0.829308
vn -0.310682 0.391552 -0.866120
vn -0.240378 0.386410 -0.890452
vn -0.175440 0.386457 -0.905468
vn -0.114563 0.391232 -0.913133
vn -0.056553 0.400428 -0.914581
vn -0.000355 0.413886 -0.910329
vn 0.054961 0.431581 -0.900399
vn 0.110214 0.453592 -0.884368
vn 0.166107 0.480067 -0.861362
vn 0.223195 0.511161 -0.829999
vn 0.281801 0.546927 -0.788327
vn 0.341851 0.587136 -0.733764
vn 0.402608 0.630990 -0.663143
vn 0.462280 0.676711 -0.573027
vn 0.517616 0.721106 -0.460522
vn 0.563771 0.759391 -0.324787
vn 0.594950 0.785810 -0.168927
vn 0.515929 0.856631 -0.001178
vn 0.508341 0.849329 0.142229
vn 0.486277 0.828396 0.278019
vn 0.452373 0.796934 0.400317
vn 0.409986 0.758879 0.505979
vn 0.362288 0.717949 0.594388
vn 0.311759 0.677057 0.666634
vn 0.260053 0.638187 0.724631
vn 0.208101 0.602543 0.770478
vn 0.156288 0.570775 0.806096
vn 0.104613 0.543194 0.833065
vn 0.052811 0.519935 0.852572
vn 0.000430 0.501073 0.865405
vn -0.053130 0.486696 0.871954
vn -0.108596 0.476964 0.872188
vn -0.166816 0.472139 0.865597
vn -0.228740 0.472610 0.851069
vn -0.295375 0.478886 0.826694
vn -0.367630 0.491530 0.789459
vn -0.445945 0.510972 0.734874
vn -0.529480 0.537056 0.656675
vn -0.614627 0.568171 0.547188
vn -0.693014 0.600038 0.399609
vn -0.750739 0.625135 0.213537
vn -0.772538 0.634966 0.001764
vn -0.751337 0.625541 -0.210217
vn -0.694028 0.600730 -0.396797
vn -0.615833 0.568999 -0.544968
vn -0.530717 0.537907 -0.654978
vn -0.447132 0.511784 -0.733587
vn -0.368741 0.492276 -0.788476
vn -0.296409 0.479555 -0.825935
vn -0.229709 0.473199 -0.850480
vn -0.167736 0.472648 -0.865141
vn -0.109483 0.477391 -0.871844
vn -0.053997 0.487039 -0.871709
vn -0.000430 0.501328 -0.865257
vn 0.051946 0.520097 -0.852526
vn 0.103734 0.543256 -0.833134
vn 0.155388 0.570733 -0.806300
vn 0.207178 0.602392 -0.770845
vn 0.259110 0.637927 -0.725197
vn 0.310810 0.676697 -0.667442
vn 0.361358 0.717511 -0.595482
vn 0.409116 0.758401 -0.507396
vn 0.451625 0.796476 -0.402071
vn 0.485720 0.828030 -0.280078
vn 0.508042 0.849124 -0.144505
vn 0.442967 0.896537 -0.001244
vn 0.437426 0.890919 0.122154
vn 0.421069 0.874563 0.240501
vn 0.395349 0.849395 0.349612
vn 0.362233 0.818025 0.446792
vn 0.323753 0.783157 0.530895
vn 0.281672 0.747165 0.602002
vn 0.237325 0.711900 0.660965
vn 0.191602 0.678688 0.708993
vn 0.144998 0.648420 0.747347
vn 0.097688 0.621672 0.777162
vn 0.049607 0.598830 0.799338
vn 0.000498 0.580180 0.814488
vn -0.050045 0.565986 0.822895
vn -0.102554 0.556540 0.824467
vn -0.157661 0.552206 0.818664
vn -0.216069 0.553429 0.804382
vn -0.278470 0.560718 0.779776
vn -0.345372 0.574558 0.742025
vn -0.416737 0.595179 0.687090
vn -0.491274 0.622089 0.609635
vn -0.565317 0.653274 0.503636
vn -0.631573 0.684273 0.364536
vn -0.679127 0.708049 0.193531
vn -0.696838 0.717226 0.001957
vn -0.679734 0.708470 -0.189820
vn -0.632627 0.684996 -0.361336
vn -0.566606 0.654140 -0.501057
vn -0.492634 0.622972 -0.607633
vn -0.418072 0.596005 -0.685561
vn -0.346643 0.575292 -0.740863
vn -0.279668 0.561346 -0.778894
vn -0.217202 0.553949 -0.803719
vn -0.158740 0.552619 -0.818177
vn -0.103592 0.556847 -0.824130
vn -0.051057 0.566186 -0.822695
vn -0.000498 0.580274 -0.814421
vn 0.048617 0.598815 -0.799410
vn 0.096697 0.621548 -0.777385
vn 0.144003 0.648187 -0.747741
vn 0.190605 0.678351 -0.709584
vn 0.236334 0.711467 -0.661786
vn 0.280703 0.746655 -0.603086
vn 0.322835 0.782601 -0.532271
vn 0.361405 0.817468 -0.448477
vn 0.394659 0.848895 -0.351599
vn 0.420570 0.874182 -0.242748
vn 0.437163 0.890712 -0.124578
vn 0.383500 0.923540 -0.001295
vn 0.379289 0.919221 0.105699
vn 0.366717 0.906499 0.209234
vn 0.346620 0.886590 0.306289
vn 0.320182 0.861226 0.394682
vn 0.288705 0.832325 0.473163
vn 0.253412 0.801723 0.541316
vn 0.215314 0.770998 0.599335
vn 0.175167 0.741416 0.647780
vn 0.133461 0.713942 0.687368
vn 0.090448 0.689302 0.718806
vn 0.046185 0.668046 0.742685
vn 0.000558 0.650621 0.759402
vn -0.046676 0.637431 0.769092
vn -0.095872 0.628877 0.771572
vn -0.147457 0.625390 0.766253
vn -0.201886 0.627436 0.752041
vn -0.259547 0.635478 0.727188
vn -0.320583 0.649863 0.689133
vn -0.384556 0.670580 0.634381
vn -0.449884 0.696817 0.558614
vn -0.513063 0.726311 0.457426
vn -0.568011 0.754752 0.328195
vn -0.606479 0.776011 0.173179
vn -0.620624 0.784106 0.002096
vn -0.607071 0.776430 -0.169177
vn -0.569062 0.755479 -0.324683
vn -0.514386 0.727190 -0.454535
vn -0.451318 0.697716 -0.556332
vn -0.386000 0.671412 -0.632621
vn -0.321985 0.650585 -0.687797
vn -0.260887 0.636072 -0.726189
vn -0.203163 0.627898 -0.751312
vn -0.148679 0.625721 -0.765747
vn -0.097049 0.629080 -0.771259
vn -0.047818 0.637510 -0.768957
vn -0.000558 0.650580 -0.759438
vn 0.045086 0.667887 -0.742896
vn 0.089364 0.689031 -0.719201
vn 0.132391 0.713566 -0.687965
vn 0.174117 0.740945 -0.648602
vn 0.214295 0.770450 -0.600403
vn 0.252442 0.801124 -0.542654
vn 0.287811 0.831711 -0.474786
vn 0.319397 0.860640 -0.396590
vn 0.345982 0.886085 -0.308463
vn 0.366264 0.906126 -0.211627
vn 0.379054 0.919023 -0.108238
vn 0.334206 0.942499 -0.001338
vn 0.330898 0.939171 0.092003
vn 0.320932 0.929275 0.182896
vn 0.304810 0.913600 0.269121
vn 0.283264 0.893310 0.348939
vn 0.257141 0.869764 0.421176
vn 0.227278 0.844345 0.485208
vn 0.194423 0.818336 0.540856
vn 0.159177 0.792857 0.588252
vn 0.121975 0.768841 0.627698
vn 0.083088 0.747056 0.659549
vn 0.042637 0.728133 0.684108
vn 0.000612 0.712616 0.701554
vn -0.043104 0.700994 0.711864
vn -0.088707 0.693731 0.714750
vn -0.136437 0.691289 0.709580
vn -0.186523 0.694110 0.695284
vn -0.239081 0.702569 0.670251
vn -0.293945 0.716847 0.632240
vn -0.350390 0.736693 0.578369
vn -0.406714 0.761055 0.505351
vn -0.459755 0.787611 0.410237
vn -0.504646 0.812474 0.291922
vn -0.535357 0.830614 0.153212
vn -0.546526 0.837439 0.002188
vn -0.535920 0.831016 -0.149008
vn -0.505664 0.813179 -0.288172
vn -0.461072 0.788475 -0.407087
vn -0.408181 0.761947 -0.502817
vn -0.351905 0.737519 -0.576392
vn -0.295445 0.717555 -0.630735
vn -0.240536 0.703136 -0.669135
vn -0.187925 0.694527 -0.694490
vn -0.137786 0.691557 -0.709059
vn -0.090007 0.693855 -0.714468
vn -0.044363 0.700980 -0.711800
vn -0.000612 0.712473 -0.701699
vn 0.041445 0.727869 -0.684463
vn 0.081927 0.746680 -0.660119
vn 0.120847 0.768368 -0.628496
vn 0.158089 0.792303 -0.589291
vn 0.193387 0.817724 -0.542152
vn 0.226313 0.843704 -0.486771
vn 0.256270 0.869131 -0.423009
vn 0.282515 0.892727 -0.351032
vn 0.304213 0.913111 -0.271447
vn 0.320515 0.928921 -0.185408
vn 0.330683 0.938985 -0.094637
vn 0.292511 0.956261 -0.001376
vn 0.289843 0.953693 0.080381
vn 0.281745 0.945995 0.160352
vn 0.268529 0.933695 0.236868
vn 0.250661 0.917589 0.308543
vn 0.228699 0.898648 0.374337
vn 0.203222 0.877907 0.433568
vn 0.174772 0.856384 0.485861
vn 0.143816 0.835027 0.531081
vn 0.110719 0.814678 0.569246
vn 0.075740 0.796078 0.600436
vn 0.039033 0.779872 0.624720
vn 0.000658 0.766636 0.642082
vn -0.039400 0.756888 0.652356
vn -0.081204 0.751112 0.655162
vn -0.124834 0.749752 0.649838
vn -0.170320 0.753192 0.635368
vn -0.217556 0.761692 0.610323
vn -0.266148 0.775264 0.572827
vn -0.315201 0.793465 0.520636
vn -0.363042 0.815116 0.451428
vn -0.406965 0.838016 0.363467
vn -0.443214 0.858869 0.256719
vn -0.467510 0.873753 0.134129
vn -0.476267 0.879298 0.002241
vn -0.468035 0.874125 -0.129799
vn -0.444182 0.859531 -0.252801
vn -0.408246 0.838841 -0.360112
vn -0.364508 0.815979 -0.448678
vn -0.316751 0.794272 -0.518461
vn -0.267714 0.775955 -0.571160
vn -0.219100 0.762236 -0.609091
vn -0.171823 0.753577 -0.634507
vn -0.126289 0.749976 -0.649297
vn -0.082611 0.751182 -0.654905
vn -0.040760 0.756813 -0.652360
vn -0.000658 0.766426 -0.642333
vn 0.037760 0.779540 -0.625213
vn 0.074512 0.795639 -0.601171
vn 0.109541 0.814150 -0.570229
vn 0.142696 0.834431 -0.532318
vn 0.173724 0.855747 -0.487357
vn 0.202262 0.877258 -0.435325
vn 0.227847 0.898024 -0.376349
vn 0.249940 0.917027 -0.310791
vn 0.267963 0.933232 -0.239322
vn 0.281354 0.945665 -0.162967
vn 0.289643 0.953521 -0.083099
vn 0.256484 0.966548 -0.001412
vn 0.254290 0.964569 0.070314
vn 0.247587 0.958595 0.140698
vn 0.236572 0.948988 0.208457
vn 0.221553 0.936307 0.272477
vn 0.202903 0.921250 0.331857
vn 0.181026 0.904595 0.385925
vn 0.156317 0.887140 0.434220
vn 0.129134 0.869665 0.476452
vn 0.099777 0.852901 0.512449
vn 0.068483 0.837519 0.542100
vn 0.035420 0.824130 0.565292
vn 0.000698 0.813289 0.581859
vn -0.035620 0.805502 0.591521
vn -0.073492 0.801224 0.593834
vn -0.112861 0.800848 0.588136
vn -0.153603 0.804675 0.573502
vn -0.195444 0.812842 0.548716
vn -0.237846 0.825217 0.512296
vn -0.279854 0.841233 0.462610
vn -0.319937 0.859708 0.398173
vn -0.355883 0.878697 0.318181
vn -0.384889 0.895551 0.223267
vn -0.403988 0.907350 0.116234
vn -0.410826 0.911711 0.002262
vn -0.404474 0.907685 -0.111842
vn -0.385797 0.896155 -0.219240
vn -0.357112 0.879462 -0.314671
vn -0.321376 0.860523 -0.395244
vn -0.281409 0.842005 -0.460256
vn -0.239448 0.825882 -0.510473
vn -0.197049 0.813365 -0.547366
vn -0.155183 0.805038 -0.572566
vn -0.114403 0.801048 -0.587566
vn -0.074988 0.801264 -0.593593
vn -0.037067 0.805394 -0.591580
vn -0.000698 0.813045 -0.582201
vn 0.034078 0.823765 -0.565906
vn 0.067198 0.837052 -0.542981
vn 0.098557 0.852354 -0.513595
vn 0.127987 0.869061 -0.477862
vn 0.155257 0.886507 -0.435890
vn 0.180068 0.903963 -0.387849
vn 0.202064 0.920652 -0.334020
vn 0.220852 0.935777 -0.274857
vn 0.236027 0.948557 -0.211022
vn 0.247213 0.958291 -0.143404
vn 0.254100 0.964411 -0.073109
vn 0.224678 0.974432 -0.001448
vn 0.222851 0.972916 0.061408
vn 0.217230 0.968311 0.123229
vn 0.207947 0.960868 0.183005
vn 0.195206 0.950987 0.239830
vn 0.179265 0.939179 0.292928
vn 0.160408 0.926029 0.341671
vn 0.138928 0.912160 0.385568
vn 0.115100 0.898202 0.424247
vn 0.089173 0.884767 0.457423
vn 0.061358 0.872439 0.484856
vn 0.031830 0.861764 0.506310
vn 0.000732 0.853242 0.521515
vn -0.031812 0.847328 0.530116
vn -0.065679 0.844419 0.531641
vn -0.100709 0.844834 0.525464
vn -0.136666 0.848778 0.510781
vn -0.173168 0.856280 0.486618
vn -0.209611 0.867104 0.451877
vn -0.245070 0.880641 0.405477
vn -0.278221 0.895800 0.346605
vn -0.307328 0.910970 0.275108
vn -0.330358 0.924128 0.191968
vn -0.345299 0.933184 0.099678
vn -0.350625 0.936513 0.002260
vn -0.345746 0.933479 -0.095273
vn -0.331204 0.924664 -0.187883
vn -0.308492 0.911661 -0.271491
vn -0.279614 0.896550 -0.343533
vn -0.246606 0.881364 -0.402968
vn -0.211224 0.867736 -0.449909
vn -0.174809 0.856781 -0.485148
vn -0.138301 0.849126 -0.509762
vn -0.102318 0.845022 -0.524851
vn -0.067248 0.844450 -0.531397
vn -0.033332 0.847211 -0.530211
vn -0.000733 0.852990 -0.521926
vn 0.030427 0.861395 -0.507023
vn 0.060023 0.871974 -0.485858
vn 0.087914 0.884228 -0.458706
vn 0.113928 0.897615 -0.425802
vn 0.137855 0.911553 -0.387385
vn 0.159448 0.925431 -0.343736
vn 0.178432 0.938619 -0.295222
vn 0.194516 0.950496 -0.242326
vn 0.207414 0.960472 -0.185669
vn 0.216868 0.968033 -0.126020
vn 0.222668 0.972773 -0.064278
vn 0.195997 0.980603 -0.001484
vn 0.194465 0.979457 0.053364
vn 0.189718 0.975948 0.107394
vn 0.181846 0.970256 0.159795
vn 0.170989 0.962672 0.209821
vn 0.157329 0.953572 0.256803
vn 0.141072 0.943397 0.300167
vn 0.122436 0.932629 0.339428
vn 0.101640 0.921769 0.374180
vn 0.078889 0.911318 0.404074
vn 0.054377 0.901762 0.428798
vn 0.028279 0.893565 0.448043
vn 0.000761 0.887152 0.461478
vn -0.028011 0.882905 0.468716
vn -0.057853 0.881144 0.469295
vn -0.088539 0.882105 0.462658
vn -0.119761 0.885901 0.448148
vn -0.151088 0.892479 0.425034
vn -0.181912 0.901550 0.392576
vn -0.211398 0.912528 0.350147
vn -0.238460 0.924485 0.297430
vn -0.261781 0.936159 0.234683
vn -0.279928 0.946082 0.163002
vn -0.291559 0.952813 0.084500
vn -0.295696 0.955279 0.002239
vn -0.291969 0.953066 -0.080120
vn -0.280712 0.946547 -0.158902
vn -0.262877 0.936768 -0.231001
vn -0.239794 0.925157 -0.294252
vn -0.212898 0.913188 -0.347507
vn -0.183514 0.902138 -0.390474
vn -0.152742 0.892953 -0.423444
vn -0.121430 0.886236 -0.447036
vn -0.090196 0.882289 -0.461986
vn -0.059478 0.881178 -0.469028
vn -0.029590 0.882796 -0.468823
vn -0.000762 0.886914 -0.461934
vn 0.026822 0.893215 -0.448828
vn 0.052996 0.901322 -0.429895
vn 0.077594 0.910810 -0.405467
vn 0.100442 0.921219 -0.375854
vn 0.121347 0.932064 -0.341368
vn 0.140104 0.942844 -0.302352
vn 0.156495 0.953058 -0.259209
vn 0.170303 0.962224 -0.212419
vn 0.181320 0.969897 -0.162550
vn 0.189362 0.975697 -0.110265
vn 0.194285 0.979328 -0.056308
vn 0.169588 0.985514 -0.001521
vn 0.168303 0.984664 0.045945
vn 0.164290 0.982041 0.092754
vn 0.157611 0.977777 0.138242
vn 0.148367 0.972081 0.181786
vn 0.136689 0.965231 0.222811
vn 0.122730 0.957560 0.260800
vn 0.106659 0.949435 0.295292
vn 0.088652 0.941247 0.325877
vn 0.068885 0.933392 0.352186
vn 0.047534 0.926261 0.373873
vn 0.024774 0.920227 0.390600
vn 0.000785 0.915633 0.402015
vn -0.024241 0.912776 0.407740
vn -0.050085 0.911896 0.407353
vn -0.076481 0.913146 0.400393
vn -0.103093 0.916568 0.386361
vn -0.129486 0.922055 0.364758
vn -0.155097 0.929313 0.335146
vn -0.179218 0.937831 0.297246
vn -0.200993 0.946870 0.251074
vn -0.219459 0.955504 0.197102
vn -0.233629 0.962712 0.136393
vn -0.242624 0.967544 0.070663
vn -0.245825 0.969312 0.002205
vn -0.242999 0.967756 -0.066337
vn -0.234354 0.963106 -0.132310
vn -0.220486 0.956026 -0.193390
vn -0.202262 0.947457 -0.247821
vn -0.180668 0.938418 -0.294501
vn -0.156671 0.929847 -0.332925
vn -0.131135 0.922495 -0.363053
vn -0.104777 0.916887 -0.385150
vn -0.078168 0.913330 -0.399647
vn -0.051751 0.911942 -0.407042
vn -0.025867 0.912690 -0.407834
vn -0.000786 0.915425 -0.402489
vn 0.023271 0.919914 -0.391429
vn 0.046111 0.925862 -0.375037
vn 0.067555 0.932930 -0.353662
vn 0.087426 0.940747 -0.327646
vn 0.105550 0.948922 -0.297331
vn 0.121750 0.957060 -0.263086
vn 0.135849 0.964768 -0.225315
vn 0.147680 0.971678 -0.184477
vn 0.157086 0.977456 -0.141083
vn 0.163935 0.981818 -0.095706
vn 0.168124 0.984549 -0.048965
vn 0.144772 0.989464 -0.001560
vn 0.143703 0.988853 0.038966
vn 0.140331 0.986952 0.078956
vn 0.134700 0.983852 0.117863
vn 0.126886 0.979706 0.155163
vn 0.116986 0.974719 0.190361
vn 0.105118 0.969134 0.222999
vn 0.091417 0.963229 0.252653
vn 0.076028 0.957296 0.278933
vn 0.059106 0.951640 0.301476
vn 0.040812 0.946559 0.319937
vn 0.021317 0.942338 0.333982
vn 0.000806 0.939234 0.343276
vn -0.020519 0.937464 0.347476
vn -0.042424 0.937190 0.346231
vn -0.064634 0.938496 0.339186
vn -0.086817 0.941376 0.325998
vn -0.108569 0.945701 0.306371
vn -0.129405 0.951209 0.280100
vn -0.148754 0.957491 0.247148
vn -0.165971 0.964003 0.207728
vn -0.180375 0.970101 0.162383
vn -0.191303 0.975114 0.112054
vn -0.198190 0.978441 0.058086
vn -0.200648 0.979661 0.002162
vn -0.198535 0.978614 -0.053834
vn -0.191974 0.975438 -0.108013
vn -0.181335 0.970537 -0.158669
vn -0.167174 0.964501 -0.204429
vn -0.150147 0.957999 -0.244322
vn -0.130939 0.951681 -0.277775
vn -0.110197 0.946099 -0.304555
vn -0.088498 0.941673 -0.324683
vn -0.066336 0.938678 -0.338353
vn -0.044118 0.937250 -0.345856
vn -0.022182 0.937405 -0.347533
vn -0.000807 0.939064 -0.343740
vn 0.019772 0.942072 -0.334828
vn 0.039350 0.946214 -0.321139
vn 0.057740 0.951237 -0.303009
vn 0.074773 0.956857 -0.280773
vn 0.090284 0.962777 -0.254772
vn 0.104120 0.968694 -0.225369
vn 0.116134 0.974311 -0.192951
vn 0.126190 0.979353 -0.157938
vn 0.134170 0.983569 -0.120787
vn 0.139973 0.986755 -0.081988
vn 0.143523 0.988753 -0.042064
vn 0.120993 0.992652 -0.001601
vn 0.120121 0.992235 0.032272
vn 0.117331 0.990917 0.065708
vn 0.112657 0.988764 0.098253
vn 0.106156 0.985885 0.129469
vn 0.097904 0.982423 0.158933
vn 0.087996 0.978554 0.186248
vn 0.076540 0.974477 0.211037
vn 0.063660 0.970404 0.232945
vn 0.049493 0.966555 0.251638
vn 0.034187 0.963145 0.266801
vn 0.017903 0.960377 0.278128
vn 0.000822 0.958430 0.285327
vn -0.016857 0.957447 0.288116
vn -0.034908 0.957526 0.286225
vn -0.053069 0.958704 0.279410
vn -0.071040 0.960945 0.267466
vn -0.088472 0.964129 0.250254
vn -0.104973 0.968048 0.227737
vn -0.120106 0.972402 0.200024
vn -0.133407 0.976819 0.167410
vn -0.144410 0.980885 0.130423
vn -0.152683 0.984184 0.089836
vn -0.157871 0.986357 0.046664
vn -0.159735 0.987158 0.002113
vn -0.158189 0.986494 -0.042500
vn -0.153305 0.984442 -0.085854
vn -0.145308 0.981237 -0.126729
vn -0.134543 0.977227 -0.164089
vn -0.121439 0.972825 -0.197138
vn -0.106459 0.968450 -0.225326
vn -0.090068 0.964477 -0.248337
vn -0.072707 0.961214 -0.266047
vn -0.054773 0.958879 -0.278481
vn -0.036618 0.957598 -0.285771
vn -0.018546 0.957416 -0.288116
vn -0.000823 0.958302 -0.285758
vn 0.016322 0.960163 -0.278964
vn 0.032687 0.962860 -0.268015
vn 0.048092 0.966217 -0.253204
vn 0.062372 0.970033 -0.234833
vn 0.075379 0.974093 -0.213217
vn 0.086974 0.978178 -0.188689
vn 0.097034 0.982074 -0.161599
vn 0.105447 0.985582 -0.132323
vn 0.112117 0.988522 -0.101258
vn 0.116967 0.990748 -0.068821
vn 0.119938 0.992148 -0.035451
vn 0.097795 0.995205 -0.001643
vn 0.097108 0.994941 0.025737
vn 0.094867 0.994091 0.052766
vn 0.091099 0.992698 0.079072
vn 0.085847 0.990835 0.104294
vn 0.079172 0.988599 0.128080
vn 0.071151 0.986108 0.150095
vn 0.061875 0.983497 0.170017
vn 0.051449 0.980908 0.187542
vn 0.039991 0.978489 0.202385
vn 0.027636 0.976383 0.214274
vn 0.014529 0.974720 0.222957
vn 0.000835 0.973614 0.228201
vn -0.013263 0.973149 0.229794
vn -0.027563 0.973376 0.227553
vn -0.041837 0.974301 0.221331
vn -0.055834 0.975883 0.211034
vn -0.069276 0.978026 0.196635
vn -0.081864 0.980584 0.178197
vn -0.093285 0.983359 0.155891
vn -0.103220 0.986123 0.130025
vn -0.111365 0.988629 0.101047
vn -0.117448 0.990640 0.069555
vn -0.121252 0.991958 0.036281
vn -0.122636 0.992450 0.002061
vn -0.121546 0.992063 -0.032214
vn -0.118025 0.990838 -0.065646
vn -0.112204 0.988901 -0.097391
vn -0.104293 0.986443 -0.126703
vn -0.094556 0.983697 -0.152967
vn -0.083297 0.980911 -0.175716
vn -0.070832 0.978316 -0.194628
vn -0.057476 0.976115 -0.209514
vn -0.043532 0.974460 -0.220302
vn -0.029278 0.973453 -0.227007
vn -0.014969 0.973142 -0.229718
vn -0.000836 0.973526 -0.228575
vn 0.012915 0.974559 -0.223758
vn 0.026100 0.976160 -0.215476
vn 0.038554 0.978220 -0.203959
vn 0.050126 0.980608 -0.189458
vn 0.060682 0.983184 -0.172241
vn 0.070101 0.985800 -0.152592
vn 0.078278 0.988312 -0.130813
vn 0.085119 0.990585 -0.107223
vn 0.090545 0.992498 -0.082156
vn 0.094494 0.993951 -0.055962
vn 0.096920 0.994870 -0.029001
vn 0.074812 0.997196 -0.001688
vn 0.074306 0.997049 0.019260
vn 0.072602 0.996561 0.039936
vn 0.069720 0.995758 0.060049
vn 0.065694 0.994683 0.079312
vn 0.060573 0.993396 0.097445
vn 0.054418 0.991968 0.114181
vn 0.047304 0.990481 0.129263
vn 0.039319 0.989021 0.142448
vn 0.030561 0.987674 0.153510
vn 0.021144 0.986525 0.162239
vn 0.011192 0.985647 0.168447
vn 0.000845 0.985102 0.171967
vn -0.009746 0.984933 0.172660
vn -0.020415 0.985160 0.170419
vn -0.030982 0.985777 0.165176
vn -0.041255 0.986751 0.156911
vn -0.051032 0.988017 0.145662
vn -0.060103 0.989488 0.131532
vn -0.068258 0.991052 0.114702
vn -0.075295 0.992584 0.095432
vn -0.081024 0.993956 0.074068
vn -0.085284 0.995049 0.051036
vn -0.087950 0.995763 0.026833
vn -0.088940 0.996035 0.002006
vn -0.088224 0.995838 -0.022867
vn -0.085823 0.995191 -0.047208
vn -0.081811 0.994154 -0.070463
vn -0.076308 0.992819 -0.092125
vn -0.069469 0.991304 -0.111757
vn -0.061480 0.989737 -0.128999
vn -0.052543 0.988243 -0.143576
vn -0.042865 0.986937 -0.155297
vn -0.032658 0.985912 -0.164046
vn -0.022126 0.985235 -0.169774
vn -0.011461 0.984944 -0.172495
vn -0.000846 0.985050 -0.172267
vn 0.009550 0.985537 -0.169194
vn 0.019575 0.986364 -0.163408
vn 0.029087 0.987475 -0.155072
vn 0.037958 0.988795 -0.144372
vn 0.046075 0.990243 -0.131515
vn 0.053336 0.991731 -0.116723
vn 0.059650 0.993174 -0.100237
vn 0.064942 0.994489 -0.082311
vn 0.069148 0.995602 -0.063211
vn 0.072217 0.996452 -0.043216
vn 0.074112 0.996994 -0.022611
vn 0.051855 0.998653 -0.001734
vn 0.051533 0.998589 0.012789
vn 0.050368 0.998362 0.027123
vn 0.048376 0.997985 0.041056
vn 0.045582 0.997479 0.054380
vn 0.042023 0.996875 0.066892
vn 0.037746 0.996207 0.078399
vn 0.032807 0.995517 0.088716
vn 0.027272 0.994845 0.097671
vn 0.021219 0.994235 0.105106
vn 0.014734 0.993725 0.110880
vn 0.007910 0.993349 0.114870
vn 0.000852 0.993135 0.116975
vn -0.006330 0.993098 0.117118
vn -0.013516 0.993244 0.115252
vn -0.020582 0.993567 0.111359
vn -0.027399 0.994046 0.105459
vn -0.033837 0.994649 0.097609
vn -0.039765 0.995334 0.087911
vn -0.045057 0.996050 0.076509
vn -0.049597 0.996743 0.063591
vn -0.053278 0.997358 0.049390
vn -0.056013 0.997845 0.034177
vn -0.057734 0.998165 0.018255
vn -0.058399 0.998291 0.001953
vn -0.057990 0.998213 -0.014391
vn -0.056517 0.997938 -0.030434
vn -0.054018 0.997487 -0.045844
vn -0.050555 0.996898 -0.060312
vn -0.046211 0.996220 -0.073558
vn -0.041088 0.995504 -0.085341
vn -0.035300 0.994807 -0.095460
vn -0.028973 0.994180 -0.103760
vn -0.022234 0.993668 -0.110132
vn -0.015216 0.993306 -0.114506
vn -0.008047 0.993116 -0.116855
vn -0.000853 0.993109 -0.117188
vn 0.006245 0.993283 -0.115544
vn 0.013134 0.993622 -0.111996
vn 0.019709 0.994103 -0.106637
vn 0.025873 0.994693 -0.099586
vn 0.031538 0.995353 -0.090979
vn 0.036626 0.996043 -0.080972
vn 0.041067 0.996720 -0.069733
vn 0.044802 0.997343 -0.057443
vn 0.047781 0.997875 -0.044295
vn 0.049967 0.998285 -0.030488
vn 0.051331 0.998550 -0.016231
vn 0.029618 0.999560 -0.001779
vn 0.029477 0.999544 0.006521
vn 0.028846 0.999475 0.014719
vn 0.027734 0.999358 0.022687
vn 0.026157 0.999199 0.030299
vn 0.024138 0.999008 0.037434
vn 0.021705 0.998797 0.043975
vn 0.018896 0.998580 0.049815
vn 0.015752 0.998370 0.054854
vn 0.012320 0.998182 0.059004
vn 0.008655 0.998027 0.062188
vn 0.004812 0.997916 0.064341
vn 0.000856 0.997858 0.065417
vn -0.003150 0.997855 0.065382
vn -0.007137 0.997910 0.064223
vn -0.011036 0.998019 0.061945
vn -0.014776 0.998174 0.058574
vn -0.018290 0.998365 0.054154
vn -0.021511 0.998579 0.048753
vn -0.024376 0.998801 0.042458
vn -0.026829 0.999014 0.035377
vn -0.028821 0.999203 0.027633
vn -0.030309 0.999353 0.019369
vn -0.031265 0.999453 0.010738
vn -0.031666 0.999497 0.001902
vn -0.031505 0.999479 -0.006970
vn -0.030785 0.999403 -0.015709
vn -0.029522 0.999272 -0.024150
vn -0.027741 0.999099 -0.032134
vn -0.025480 0.998894 -0.039515
vn -0.022785 0.998674 -0.046161
vn -0.019709 0.998455 -0.051957
vn -0.016312 0.998252 -0.056806
vn -0.012661 0.998080 -0.060633
vn -0.008821 0.997950 -0.063384
vn -0.004863 0.997872 -0.065023
vn -0.000857 0.997850 -0.065539
vn 0.003129 0.997885 -0.064936
vn 0.007028 0.997974 -0.063239
vn 0.010776 0.998111 -0.060490
vn 0.014315 0.998286 -0.056745
vn 0.017588 0.998488 -0.052076
vn 0.020546 0.998704 -0.046567
vn 0.023145 0.998919 -0.040314
vn 0.025345 0.999120 -0.033419
vn 0.027114 0.999294 -0.025997
vn 0.028428 0.999431 -0.018167
vn 0.029266 0.999521 -0.010051
vn 0.000000 1.000000 0.000000
vn 0.000000 -1.000000 0.000000
usemtl hill_grass
s 1
f 1/1/1 50/1/50 2/1/2
f 1/1/1 49/1/49 50/1/50
f 2/1/2 51/1/51 3/1/3
f 2/1/2 50/1/50 51/1/51
f 3/1/3 52/1/52 4/1/4
f 3/1/3 51/1/51 52/1/52
f 4/1/4 53/1/53 5/1/5
f 4/1/4 52/1/52 53/1/53
f 5/1/5 54/1/54 6/1/6
f 5/1/5 53/1/53 54/1/54
f 6/1/6 55/1/55 7/1/7
f 6/1/6 54/1/54 55/1/55
f 7/1/7 56/1/56 8/1/8
f 7/1/7 55/1/55 56/1/56
f 8/1/8 57/1/57 9/1/9
f 8/1/8 56/1/56 57/1/57
f 9/1/9 58/1/58 10/1/10
f 9/1/9 57/1/57 58/1/58
f 10/1/10 59/1/59 11/1/11
f 10/1/10 58/1/58 59/1/59
f 11/1/11 60/1/60 12/1/12
f 11/1/11 59/1/59 60/1/60
f 12/1/12 61/1/61 13/1/13
f 12/1/12 60/1/60 61/1/61
f 13/1/13 62/1/62 14/1/14
f 13/1/13 61/1/61 62/1/62
f 14/1/14 63/1/63 15/1/15
f 14/1/14 62/1/62 63/1/63
f 15/1/15 64/1/64 16/1/16
f 15/1/15 63/1/63 64/1/64
f 16/1/16 65/1/65 17/1/17
f 16/1/16 64/1/64 65/1/65
f 17/1/17 66/1/66 18/1/18
f 17/1/17 65/1/65 66/1/66
f 18/1/18 67/1/67 19/1/19
f 18/1/18 66/1/66 67/1/67
f 19/1/19 68/1/68 20/1/20
f 19/1/19 67/1/67 68/1/68
f 20/1/20 69/1/69 21/1/21
f 20/1/20 68/1/68 69/1/69
f 21/1/21 70/1/70 22/1/22
f 21/1/21 69/1/69 70/1/70
f 22/1/22 71/1/71 23/1/23
f 22/1/22 70/1/70 71/1/71
f 23/1/23 72/1/72 24/1/24
f 23/1/23 71/1/71 72/1/72
f 24/1/24 73/1/73 25/1/25
f 24/1/24 72/1/72 73/1/73
f 25/1/25 74/1/74 26/1/26
f 25/1/25 73/1/73 74/1/74
f 26/1/26 75/1/75 27/1/27
f 26/1/26 74/1/74 75/1/75
f 27/1/27 76/1/76 28/1/28
f 27/1/27 75/1/75 76/1/76
f 28/1/28 77/1/77 29/1/29
f 28/1/28 76/1/76 77/1/77
f 29/1/29 78/1/78 30/1/30
f 29/1/29 77/1/77 78/1/78
f 30/1/30 79/1/79 31/1/31
f 30/1/30 78/1/78 79/1/79
f 31/1/31 80/1/80 32/1/32
f 31/1/31 79/1/79 80/1/80
f 32/1/32 81/1/81 33/1/33
f 32/1/32 80/1/80 81/1/81
f 33/1/33 82/1/82 34/1/34
f 33/1/33 81/1/81 82/1/82
f 34/1/34 83/1/83 35/1/35
f 34/1/34 82/1/82 83/1/83
f 35/1/35 84/1/84 36/1/36
f 35/1/35 83/1/83 84/1/84
f 36/1/36 85/1/85 37/1/37
f 36/1/36 84/1/84 85/1/85
f 37/1/37 86/1/86 38/1/38
f 37/1/37 85/1/85 86/1/86
f 38/1/38 87/1/87 39/1/39
f 38/1/38 86/1/86 87/1/87
f 39/1/39 88/1/88 40/1/40
f 39/1/39 87/1/87 88/1/88
f 40/1/40 89/1/89 41/1/41
f 40/1/40 88/1/88 89/1/89
f 41/1/41 90/1/90 42/1/42
f 41/1/41 89/1/89 90/1/90
f 42/1/42 91/1/91 43/1/43
f 42/1/42 90/1/90 91/1/91
f 43/1/43 92/1/92 44/1/44
f 43/1/43 91/1/91 92/1/92
f 44/1/44 93/1/93 45/1/45
f 44/1/44 92/1/92 93/1/93
f 45/1/45 94/1/94 46/1/46
f 45/1/45 93/1/93 94/1/94
f 46/1/46 95/1/95 47/1/47
f 46/1/46 94/1/94 95/1/95
f 47/1/47 96/1/96 48/1/48
f 47/1/47 95/1/95 96/1/96
f 48/1/48 49/1/49 1/1/1
f 48/1/48 96/1/96 49/1/49
f 49/1/49 98/1/98 50/1/50
f 49/1/49 97/1/97 98/1/98
f 50/1/50 99/1/99 51/1/51
f 50/1/50 98/1/98 99/1/99
f 51/1/51 100/1/100 52/1/52
f 51/1/51 99/1/99 100/1/100
f 52/1/52 101/1/101 53/1/53
f 52/1/52 100/1/100 101/1/101
f 53/1/53 102/1/102 54/1/54
f 53/1/53 101/1/101 102/1/102
f 54/1/54 103/1/103 55/1/55
f 54/1/54 102/1/102 103/1/103
f 55/1/55 104/1/104 56/1/56
f 55/1/55 103/1/103 104/1/104
f 56/1/56 105/1/105 57/1/57
f 56/1/56 104/1/104 105/1/105
f 57/1/57 106/1/106 58/1/58
f 57/1/57 105/1/105 106/1/106
f 58/1/58 107/1/107 59/1/59
f 58/1/58 106/1/106 107/1/107
f 59/1/59 108/1/108 60/1/60
f 59/1/59 107/1/107 108/1/108
f 60/1/60 109/1/109 61/1/61
f 60/1/60 108/1/108 109/1/109
f 61/1/61 110/1/110 62/1/62
f 61/1/61 109/1/109 110/1/110
f 62/1/62 111/1/111 63/1/63
f 62/1/62 110/1/110 111/1/111
f 63/1/63 112/1/112 64/1/64
f 63/1/63 111/1/111 112/1/112
f 64/1/64 113/1/113 65/1/65
f 64/1/64 112/1/112 113/1/113
f 65/1/65 114/1/114 66/1/66
f 65/1/65 113/1/113 114/1/114
f 66/1/66 115/1/115 67/1/67
f 66/1/66 114/1/114 115/1/115
f 67/1/67 116/1/116 68/1/68
f 67/1/67 115/1/115 116/1/116
f 68/1/68 117/1/117 69/1/69
f 68/1/68 116/1/116 117/1/117
f 69/1/69 118/1/118 70/1/70
f 69/1/69 117/1/117 118/1/118
f 70/1/70 119/1/119 71/1/71
f 70/1/70 118/1/118 119/1/119
f 71/1/71 120/1/120 72/1/72
f 71/1/71 119/1/119 120/1/120
f 72/1/72 121/1/121 73/1/73
f 72/1/72 120/1/120 121/1/121
f 73/1/73 122/1/122 74/1/74
f 73/1/73 121/1/121 122/1/122
f 74/1/74 123/1/123 75/1/75
f 74/1/74 122/1/122 123/1/123
f 75/1/75 124/1/124 76/1/76
f 75/1/75 123/1/123 124/1/124
f 76/1/76 125/1/125 77/1/77
f 76/1/76 124/1/124 125/1/125
f 77/1/77 126/1/126 78/1/78
f 77/1/77 125/1/125 126/1/126
f 78/1/78 127/1/127 79/1/79
f 78/1/78 126/1/126 127/1/127
f 79/1/79 128/1/128 80/1/80
f 79/1/79 127/1/127 128/1/128
f 80/1/80 129/1/129 81/1/81
f 80/1/80 128/1/128 129/1/129
f 81/1/81 130/1/130 82/1/82
f 81/1/81 129/1/129 130/1/130
f 82/1/82 131/1/131 83/1/83
f 82/1/82 130/1/130 131/1/131
f 83/1/83 132/1/132 84/1/84
f 83/1/83 131/1/131 132/1/132
f 84/1/84 133/1/133 85/1/85
f 84/1/84 132/1/132 133/1/133
f 85/1/85 134/1/134 86/1/86
f 85/1/85 133/1/133 134/1/134
f 86/1/86 135/1/135 87/1/87
f 86/1/86 134/1/134 135/1/135
f 87/1/87 136/1/136 88/1/88
f 87/1/87 135/1/135 136/1/136
f 88/1/88 137/1/137 89/1/89
f 88/1/88 136/1/136 137/1/137
f 89/1/89 138/1/138 90/1/90
f 89/1/89 137/1/137 138/1/138
f 90/1/90 139/1/139 91/1/91
f 90/1/90 138/1/138 139/1/139
f 91/1/91 140/1/140 92/1/92
f 91/1/91 139/1/139 140/1/140
f 92/1/92 141/1/141 93/1/93
f 92/1/92 140/1/140 141/1/141
f 93/1/93 142/1/142 94/1/94
f 93/1/93 141/1/141 142/1/142
f 94/1/94 143/1/143 95/1/95
f 94/1/94 142/1/142 143/1/143
f 95/1/95 144/1/144 96/1/96
f 95/1/95 143/1/143 144/1/144
f 96/1/96 97/1/97 49/1/49
f 96/1/96 144/1/144 97/1/97
f 97/1/97 146/1/146 98/1/98
f 97/1/97 145/1/145 146/1/146
f 98/1/98 147/1/147 99/1/99
f 98/1/98 146/1/146 147/1/147
f 99/1/99 148/1/148 100/1/100
f 99/1/99 147/1/147 148/1/148
f 100/1/100 149/1/149 101/1/101
f 100/1/100 148/1/148 149/1/149
f 101/1/101 150/1/150 102/1/102
f 101/1/101 149/1/149 150/1/150
f 102/1/102 151/1/151 103/1/103
f 102/1/102 150/1/150 151/1/151
f 103/1/103 152/1/152 104/1/104
f 103/1/103 151/1/151 152/1/152
f 104/1/104 153/1/153 105/1/105
f 104/1/104 152/1/152 153/1/153
f 105/1/105 154/1/154 106/1/106
f 105/1/105 153/1/153 154/1/154
f 106/1/106 155/1/155 107/1/107
f 106/1/106 154/1/154 155/1/155
f 107/1/107 156/1/156 108/1/108
f 107/1/107 155/1/155 156/1/156
f 108/1/108 157/1/157 109/1/109
f 108/1/108 156/1/156 157/1/157
f 109/1/109 158/1/158 110/1/110
f 109/1/109 157/1/157 158/1/158
f 110/1/110 159/1/159 111/1/111
f 110/1/110 158/1/158 159/1/159
f 111/1/111 160/1/160 112/1/112
f 111/1/111 159/1/159 160/1/160
f 112/1/112 161/1/161 113/1/113
f 112/1/112 160/1/160 161/1/161
f 113/1/113 162/1/162 114/1/114
f 113/1/113 161/1/161 162/1/162
f 114/1/114 163/1/163 115/1/115
f 114/1/114 162/1/162 163/1/163
f 115/1/115 164/1/164 116/1/116
f 115/1/115 163/1/163 164/1/164
f 116/1/116 165/1/165 117/1/117
f 116/1/116 164/1/164 165/1/165
f 117/1/117 166/1/166 118/1/118
f 117/1/117 165/1/165 166/1/166
f 118/1/118 167/1/167 119/1/119
f 118/1/118 166/1/166 167/1/167
f 119/1/119 168/1/168 120/1/120
f 119/1/119 167/1/167 168/1/168
f 120/1/120 169/1/169 121/1/121
f 120/1/120 168/1/168 169/1/169
f 121/1/121 170/1/170 122/1/122
f 121/1/121 169/1/169 170/1/170
f 122/1/122 171/1/171 123/1/123
f 122/1/122 170/1/170 171/1/171
f 123/1/123 172/1/172 124/1/124
f 123/1/123 171/1/171 172/1/172
f 124/1/124 173/1/173 125/1/125
f 124/1/124 172/1/172 173/1/173
f 125/1/125 174/1/174 126/1/126
f 125/1/125 173/1/173 174/1/174
f 126/1/126 175/1/175 127/1/127
f 126/1/126 174/1/174 175/1/175
f 127/1/127 176/1/176 128/1/128
f 127/1/127 175/1/175 176/1/176
f 128/1/128 177/1/177 129/1/129
f 128/1/128 176/1/176 177/1/177
f 129/1/129 178/1/178 130/1/130
f 129/1/129 177/1/177 178/1/178
f 130/1/130 179/1/179 131/1/131
f 130/1/130 178/1/178 179/1/179
f 131/1/131 180/1/180 132/1/132
f 131/1/131 179/1/179 180/1/180
f 132/1/132 181/1/181 133/1/133
f 132/1/132 180/1/180 181/1/181
f 133/1/133 182/1/182 134/1/134
f 133/1/133 181/1/181 182/1/182
f 134/1/134 183/1/183 135/1/135
f 134/1/134 182/1/182 183/1/183
f 135/1/135 184/1/184 136/1/136
f 135/1/135 183/1/183 184/1/184
f 136/1/136 185/1/185 137/1/137
f 136/1/136 184/1/184 185/1/185
f 137/1/137 186/1/186 138/1/138
f 137/1/137 185/1/185 186/1/186
f 138/1/138 187/1/187 139/1/139
f 138/1/138 186/1/186 187/1/187
f 139/1/139 188/1/188 140/1/140
f 139/1/139 187/1/187 188/1/188
f 140/1/140 189/1/189 141/1/141
f 140/1/140 188/1/188 189/1/189
f 141/1/141 190/1/190 142/1/142
f 141/1/141 189/1/189 190/1/190
f 142/1/142 191/1/191 143/1/143
f 142/1/142 190/1/190 191/1/191
f 143/1/143 192/1/192 144/1/144
f 143/1/143 191/1/191 192/1/192
f 144/1/144 145/1/145 97/1/97
f 144/1/144 192/1/192 145/1/145
f 145/1/145 194/1/194 146/1/146
f 145/1/145 193/1/193 194/1/194
f 146/1/146 195/1/195 147/1/147
f 146/1/146 194/1/194 195/1/195
f 147/1/147 196/1/196 148/1/148
f 147/1/147 195/1/195 196/1/196
f 148/1/148 197/1/197 149/1/149
f 148/1/148 196/1/196 197/1/197
f 149/1/149 198/1/198 150/1/150
f 149/1/149 197/1/197 198/1/198
f 150/1/150 199/1/199 151/1/151
f 150/1/150 198/1/198 199/1/199
f 151/1/151 200/1/200 152/1/152
f 151/1/151 199/1/199 200/1/200
f 152/1/152 201/1/201 153/1/153
f 152/1/152 200/1/200 201/1/201
f 153/1/153 202/1/202 154/1/154
f 153/1/153 201/1/201 202/1/202
f 154/1/154 203/1/203 155/1/155
f 154/1/154 202/1/202 203/1/203
f 155/1/155 204/1/204 156/1/156
f 155/1/155 203/1/203 204/1/204
f 156/1/156 205/1/205 157/1/157
f 156/1/156 204/1/204 205/1/205
f 157/1/157 206/1/206 158/1/158
f 157/1/157 205/1/205 206/1/206
f 158/1/158 207/1/207 159/1/159
f 158/1/158 206/1/206 207/1/207
f 159/1/159 208/1/208 160/1/160
f 159/1/159 207/1/207 208/1/208
f 160/1/160 209/1/209 161/1/161
f 160/1/160 208/1/208 209/1/209
f 161/1/161 210/1/210 162/1/162
f 161/1/161 209/1/209 210/1/210
f 162/1/162 211/1/211 163/1/163
f 162/1/162 210/1/210 211/1/211
f 163/1/163 212/1/212 164/1/164
f 163/1/163 211/1/211 212/1/212
f 164/1/164 213/1/213 165/1/165
f 164/1/164 212/1/212 213/1/213
f 165/1/165 214/1/214 166/1/166
f 165/1/165 213/1/213 214/1/214
f 166/1/166 215/1/215 167/1/167
f 166/1/166 214/1/214 215/1/215
f 167/1/167 216/1/216 168/1/168
f 167/1/167 215/1/215 216/1/216
f 168/1/168 217/1/217 169/1/169
f 168/1/168 216/1/216 217/1/217
f 169/1/169 218/1/218 170/1/170
f 169/1/169 217/1/217 218/1/218
f 170/1/170 219/1/219 171/1/171
f 170/1/170 218/1/218 219/1/219
f 171/1/171 220/1/220 172/1/172
f 171/1/171 219/1/219 220/1/220
f 172/1/172 221/1/221 173/1/173
f 172/1/172 220/1/220 221/1/221
f 173/1/173 222/1/222 174/1/174
f 173/1/173 221/1/221 222/1/222
f 174/1/174 223/1/223 175/1/175
f 174/1/174 222/1/222 223/1/223
f 175/1/175 224/1/224 176/1/176
f 175/1/175 223/1/223 224/1/224
f 176/1/176 225/1/225 177/1/177
f 176/1/176 224/1/224 225/1/225
f 177/1/177 226/1/226 178/1/178
f 177/1/177 225/1/225 226/1/226
f 178/1/178 227/1/227 179/1/179
f 178/1/178 226/1/226 227/1/227
f 179/1/179 228/1/228 180/1/180
f 179/1/179 227/1/227 228/1/228
f 180/1/180 229/1/229 181/1/181
f 180/1/180 228/1/228 229/1/229
f 181/1/181 230/1/230 182/1/182
f 181/1/181 229/1/229 230/1/230
f 182/1/182 231/1/231 183/1/183
f 182/1/182 230/1/230 231/1/231
f 183/1/183 232/1/232 184/1/184
f 183/1/183 231/1/231 232/1/232
f 184/1/184 233/1/233 185/1/185
f 184/1/184 232/1/232 233/1/233
f 185/1/185 234/1/234 186/1/186
f 185/1/185 233/1/233 234/1/234
f 186/1/186 235/1/235 187/1/187
f 186/1/186 234/1/234 235/1/235
f 187/1/187 236/1/236 188/1/188
f 187/1/187 235/1/235 236/1/236
f 188/1/188 237/1/237 189/1/189
f 188/1/188 236/1/236 237/1/237
f 189/1/189 238/1/238 190/1/190
f 189/1/189 237/1/237 238/1/238
f 190/1/190 239/1/239 191/1/191
f 190/1/190 238/1/238 239/1/239
f 191/1/191 240/1/240 192/1/192
f 191/1/191 239/1/239 240/1/240
f 192/1/192 193/1/193 145/1/145
f 192/1/192 240/1/240 193/1/193
f 193/1/193 242/1/242 194/1/194
f 193/1/193 241/1/241 242/1/242
f 194/1/194 243/1/243 195/1/195
f 194/1/194 242/1/242 243/1/243
f 195/1/195 244/1/244 196/1/196
f 195/1/195 243/1/243 244/1/244
f 196/1/196 245/1/245 197/1/197
f 196/1/196 244/1/244 245/1/245
f 197/1/197 246/1/246 198/1/198
f 197/1/197 245/1/245 246/1/246
f 198/1/198 247/1/247 199/1/199
f 198/1/198 246/1/246 247/1/247
f 199/1/199 248/1/248 200/1/200
f 199/1/199 247/1/247 248/1/248
f 200/1/200 249/1/249 201/1/201
f 200/1/200 248/1/248 249/1/249
f 201/1/201 250/1/250 202/1/202
f 201/1/201 249/1/249 250/1/250
f 202/1/202 251/1/251 203/1/203
f 202/1/202 250/1/250 251/1/251
f 203/1/203 252/1/252 204/1/204
f 203/1/203 251/1/251 252/1/252
f 204/1/204 253/1/253 205/1/205
f 204/1/204 252/1/252 253/1/253
f 205/1/205 254/1/254 206/1/206
f 205/1/205 253/1/253 254/1/254
f 206/1/206 255/1/255 207/1/207
f 206/1/206 254/1/254 255/1/255
f 207/1/207 256/1/256 208/1/208
f 207/1/207 255/1/255 256/1/256
f 208/1/208 257/1/257 209/1/209
f 208/1/208 256/1/256 257/1/257
f 209/1/209 258/1/258 210/1/210
f 209/1/209 257/1/257 258/1/258
f 210/1/210 259/1/259 211/1/211
f 210/1/210 258/1/258 259/1/259
f 211/1/211 260/1/260 212/1/212
f 211/1/211 259/1/259 260/1/260
f 212/1/212 261/1/261 213/1/213
f 212/1/212 260/1/260 261/1/261
f 213/1/213 262/1/262 214/1/214
f 213/1/213 261/1/261 262/1/262
f 214/1/214 263/1/263 215/1/215
f 214/1/214 262/1/262 263/1/263
f 215/1/215 264/1/264 216/1/216
f 215/1/215 263/1/263 264/1/264
f 216/1/216 265/1/265 217/1/217
f 216/1/216 264/1/264 265/1/265
f 217/1/217 266/1/266 218/1/218
f 217/1/217 265/1/265 266/1/266
f 218/1/218 267/1/267 219/1/219
f 218/1/218 266/1/266 267/1/267
f 219/1/219 268/1/268 220/1/220
f 219/1/219 267/1/267 268/1/268
f 220/1/220 269/1/269 221/1/221
f 220/1/220 268/1/268 269/1/269
f 221/1/221 270/1/270 222/1/222
f 221/1/221 269/1/269 270/1/270
f 222/1/222 271/1/271 223/1/223
f 222/1/222 270/1/270 271/1/271
f 223/1/223 272/1/272 224/1/224
f 223/1/223 271/1/271 272/1/272
f 224/1/224 273/1/273 225/1/225
f 224/1/224 272/1/272 273/1/273
f 225/1/225 274/1/274 226/1/226
f 225/1/225 273/1/273 274/1/274
f 226/1/226 275/1/275 227/1/227
f 226/1/226 274/1/274 275/1/275
f 227/1/227 276/1/276 228/1/228
f 227/1/227 275/1/275 276/1/276
f 228/1/228 277/1/277 229/1/229
f 228/1/228 276/1/276 277/1/277
f 229/1/229 278/1/278 230/1/230
f 229/1/229 277/1/277 278/1/278
f 230/1/230 279/1/279 231/1/231
f 230/1/230 278/1/278 279/1/279
f 231/1/231 280/1/280 232/1/232
f 231/1/231 279/1/279 280/1/280
f 232/1/232 281/1/281 233/1/233
f 232/1/232 280/1/280 281/1/281
f 233/1/233 282/1/282 234/1/234
f 233/1/233 281/1/281 282/1/282
f 234/1/234 283/1/283 235/1/235
f 234/1/234 282/1/282 283/1/283
f 235/1/235 284/1/284 236/1/236
f 235/1/235 283/1/283 284/1/284
f 236/1/236 285/1/285 237/1/237
f 236/1/236 284/1/284 285/1/285
f 237/1/237 286/1/286 238/1/238
f 237/1/237 285/1/285 286/1/286
f 238/1/238 287/1/287 239/1/239
f 238/1/238 286/1/286 287/1/287
f 239/1/239 288/1/288 240/1/240
f 239/1/239 287/1/287 288/1/288
f 240/1/240 241/1/241 193/1/193
f 240/1/240 288/1/288 241/1/241
f 241/1/241 290/1/290 242/1/242
f 241/1/241 289/1/289 290/1/290
f 242/1/242 291/1/291 243/1/243
f 242/1/242 290/1/290 291/1/291
f 243/1/243 292/1/292 244/1/244
f 243/1/243 291/1/291 292/1/292
f 244/1/244 293/1/293 245/1/245
f 244/1/244 292/1/292 293/1/293
f 245/1/245 294/1/294 246/1/246
f 245/1/245 293/1/293 294/1/294
f 246/1/246 295/1/295 247/1/247
f 246/1/246 294/1/294 295/1/295
f 247/1/247 296/1/296 248/1/248
f 247/1/247 295/1/295 296/1/296
f 248/1/248 297/1/297 249/1/249
f 248/1/248 296/1/296 297/1/297
f 249/1/249 298/1/298 250/1/250
f 249/1/249 297/1/297 298/1/298
f 250/1/250 299/1/299 251/1/251
f 250/1/250 298/1/298 299/1/299
f 251/1/251 300/1/300 252/1/252
f 251/1/251 299/1/299 300/1/300
f 252/1/252 301/1/301 253/1/253
f 252/1/252 300/1/300 301/1/301
f 253/1/253 302/1/302 254/1/254
f 253/1/253 301/1/301 302/1/302
f 254/1/254 303/1/303 255/1/255
f 254/1/254 302/1/302 303/1/303
f 255/1/255 304/1/304 256/1/256
f 255/1/255 303/1/303 304/1/304
f 256/1/256 305/1/305 257/1/257
f 256/1/256 304/1/304 305/1/305
f 257/1/257 306/1/306 258/1/258
f 257/1/257 305/1/305 306/1/306
f 258/1/258 307/1/307 259/1/259
f 258/1/258 306/1/306 307/1/307
f 259/1/259 308/1/308 260/1/260
f 259/1/259 307/1/307 308/1/308
f 260/1/260 309/1/309 261/1/261
f 260/1/260 308/1/308 309/1/309
f 261/1/261 310/1/310 262/1/262
f 261/1/261 309/1/309 310/1/310
f 262/1/262 311/1/311 263/1/263
f 262/1/262 310/1/310 311/1/311
f 263/1/263 312/1/312 264/1/264
f 263/1/263 311/1/311 312/1/312
f 264/1/264 313/1/313 265/1/265
f 264/1/264 312/1/312 313/1/313
f 265/1/265 314/1/314 266/1/266
f 265/1/265 313/1/313 314/1/314
f 266/1/266 315/1/315 267/1/267
f 266/1/266 314/1/314 315/1/315
f 267/1/267 316/1/316 268/1/268
f 267/1/267 315/1/315 316/1/316
f 268/1/268 317/1/317 269/1/269
f 268/1/268 316/1/316 317/1/317
f 269/1/269 318/1/318 270/1/270
f 269/1/269 317/1/317 318/1/318
f 270/1/270 319/1/319 271/1/271
f 270/1/270 318/1/318 319/1/319
f 271/1/271 320/1/320 272/1/272
f 271/1/271 319/1/319 320/1/320
f 272/1/272 321/1/321 273/1/273
f 272/1/272 320/1/320 321/1/321
f 273/1/273 322/1/322 274/1/274
f 273/1/273 321/1/321 322/1/322
f 274/1/274 323/1/323 275/1/275
f 274/1/274 322/1/322 323/1/323
f 275/1/275 324/1/324 276/1/276
f 275/1/275 323/1/323 324/1/324
f 276/1/276 325/1/325 277/1/277
f 276/1/276 324/1/324 325/1/325
f 277/1/277 326/1/326 278/1/278
f 277/1/277 325/1/325 326/1/326
f 278/1/278 327/1/327 279/1/279
f 278/1/278 326/1/326 327/1/327
f 279/1/279 328/1/328 280/1/280
f 279/1/279 327/1/327 328/1/328
f 280/1/280 329/1/329 281/1/281
f 280/1/280 328/1/328 329/1/329
f 281/1/281 330/1/330 282/1/282
f 281/1/281 329/1/329 330/1/330
f 282/1/282 331/1/331 283/1/283
f 282/1/282 330/1/330 331/1/331
f 283/1/283 332/1/332 284/1/284
f 283/1/283 331/1/331 332/1/332
f 284/1/284 333/1/333 285/1/285
f 284/1/284 332/1/332 333/1/333
f 285/1/285 334/1/334 286/1/286
f 285/1/285 333/1/333 334/1/334
f 286/1/286 335/1/335 287/1/287
f 286/1/286 334/1/334 335/1/335
f 287/1/287 336/1/336 288/1/288
f 287/1/287 335/1/335 336/1/336
f 288/1/288 289/1/289 241/1/241
f 288/1/288 336/1/336 289/1/289
f 289/1/289 338/1/338 290/1/290
f 289/1/289 337/1/337 338/1/338
f 290/1/290 339/1/339 291/1/291
f 290/1/290 338/1/338 339/1/339
f 291/1/291 340/1/340 292/1/292
f 291/1/291 339/1/339 340/1/340
f 292/1/292 341/1/341 293/1/293
f 292/1/292 340/1/340 341/1/341
f 293/1/293 342/1/342 294/1/294
f 293/1/293 341/1/341 342/1/342
f 294/1/294 343/1/343 295/1/295
f 294/1/294 342/1/342 343/1/343
f 295/1/295 344/1/344 296/1/296
f 295/1/295 343/1/343 344/1/344
f 296/1/296 345/1/345 297/1/297
f 296/1/296 344/1/344 345/1/345
f 297/1/297 346/1/346 298/1/298
f 297/1/297 345/1/345 346/1/346
f 298/1/298 347/1/347 299/1/299
f 298/1/298 346/1/346 347/1/347
f 299/1/299 348/1/348 300/1/300
f 299/1/299 347/1/347 348/1/348
f 300/1/300 349/1/349 301/1/301
f 300/1/300 348/1/348 349/1/349
f 301/1/301 350/1/350 302/1/302
f 301/1/301 349/1/349 350/1/350
f 302/1/302 351/1/351 303/1/303
f 302/1/302 350/1/350 351/1/351
f 303/1/303 352/1/352 304/1/304
f 303/1/303 351/1/351 352/1/352
f 304/1/304 353/1/353 305/1/305
f 304/1/304 352/1/352 353/1/353
f 305/1/305 354/1/354 306/1/306
f 305/1/305 353/1/353 354/1/354
f 306/1/306 355/1/355 307/1/307
f 306/1/306 354/1/354 355/1/355
f 307/1/307 356/1/356 308/1/308
f 307/1/307 355/1/355 356/1/356
f 308/1/308 357/1/357 309/1/309
f 308/1/308 356/1/356 357/1/357
f 309/1/309 358/1/358 310/1/310
f 309/1/309 357/1/357 358/1/358
f 310/1/310 359/1/359 311/1/311
f 310/1/310 358/1/358 359/1/359
f 311/1/311 360/1/360 312/1/312
f 311/1/311 359/1/359 360/1/360
f 312/1/312 361/1/361 313/1/313
f 312/1/312 360/1/360 361/1/361
f 313/1/313 362/1/362 314/1/314
f 313/1/313 361/1/361 362/1/362
f 314/1/314 363/1/363 315/1/315
f 314/1/314 362/1/362 363/1/363
f 315/1/315 364/1/364 316/1/316
f 315/1/315 363/1/363 364/1/364
f 316/1/316 365/1/365 317/1/317
f 316/1/316 364/1/364 365/1/365
f 317/1/317 366/1/366 318/1/318
f 317/1/317 365/1/365 366/1/366
f 318/1/318 367/1/367 319/1/319
f 318/1/318 366/1/366 367/1/367
f 319/1/319 368/1/368 320/1/320
f 319/1/319 367/1/367 368/1/368
f 320/1/320 369/1/369 321/1/321
f 320/1/320 368/1/368 369/1/369
f 321/1/321 370/1/370 322/1/322
f 321/1/321 369/1/369 370/1/370
f 322/1/322 371/1/371 323/1/323
f 322/1/322 370/1/370 371/1/371
f 323/1/323 372/1/372 324/1/324
f 323/1/323 371/1/371 372/1/372
f 324/1/324 373/1/373 325/1/325
f 324/1/324 372/1/372 373/1/373
f 325/1/325 374/1/374 326/1/326
f 325/1/325 373/1/373 374/1/374
f 326/1/326 375/1/375 327/1/327
f 326/1/326 374/1/374 375/1/375
f 327/1/327 376/1/376 328/1/328
f 327/1/327 375/1/375 376/1/376
f 328/1/328 377/1/377 329/1/329
f 328/1/328 376/1/376 377/1/377
f 329/1/329 378/1/378 330/1/330
f 329/1/329 377/1/377 378/1/378
f 330/1/330 379/1/379 331/1/331
f 330/1/330 378/1/378 379/1/379
f 331/1/331 380/1/380 332/1/332
f 331/1/331 379/1/379 380/1/380
f 332/1/332 381/1/381 333/1/333
f 332/1/332 380/1/380 381/1/381
f 333/1/333 382/1/382 334/1/334
f 333/1/333 381/1/381 382/1/382
f 334/1/334 383/1/383 335/1/335
f 334/1/334 382/1/382 383/1/383
f 335/1/335 384/1/384 336/1/336
f 335/1/335 383/1/383 384/1/384
f 336/1/336 337/1/337 289/1/289
f 336/1/336 384/1/384 337/1/337
f 337/1/337 386/1/386 338/1/338
f 337/1/337 385/1/385 386/1/386
f 338/1/338 387/1/387 339/1/339
f 338/1/338 386/1/386 387/1/387
f 339/1/339 388/1/388 340/1/340
f 339/1/339 387/1/387 388/1/388
f 340/1/340 389/1/389 341/1/341
f 340/1/340 388/1/388 389/1/389
f 341/1/341 390/1/390 342/1/342
f 341/1/341 389/1/389 390/1/390
f 342/1/342 391/1/391 343/1/343
f 342/1/342 390/1/390 391/1/391
f 343/1/343 392/1/392 344/1/344
f 343/1/343 391/1/391 392/1/392
f 344/1/344 393/1/393 345/1/345
f 344/1/344 392/1/392 393/1/393
f 345/1/345 394/1/394 346/1/346
f 345/1/345 393/1/393 394/1/394
f 346/1/346 395/1/395 347/1/347
f 346/1/346 394/1/394 395/1/395
f 347/1/347 396/1/396 348/1/348
f 347/1/347 395/1/395 396/1/396
f 348/1/348 397/1/397 349/1/349
f 348/1/348 396/1/396 397/1/397
f 349/1/349 398/1/398 350/1/350
f 349/1/349 397/1/397 398/1/398
f 350/1/350 399/1/399 351/1/351
f 350/1/350 398/1/398 399/1/399
f 351/1/351 400/1/400 352/1/352
f 351/1/351 399/1/399 400/1/400
f 352/1/352 401/1/401 353/1/353
f 352/1/352 400/1/400 401/1/401
f 353/1/353 402/1/402 354/1/354
f 353/1/353 401/1/401 402/1/402
f 354/1/354 403/1/403 355/1/355
f 354/1/354 402/1/402 403/1/403
f 355/1/355 404/1/404 356/1/356
f 355/1/355 403/1/403 404/1/404
f 356/1/356 405/1/405 357/1/357
f 356/1/356 404/1/404 405/1/405
f 357/1/357 406/1/406 358/1/358
f 357/1/357 405/1/405 406/1/406
f 358/1/358 407/1/407 359/1/359
f 358/1/358 406/1/406 407/1/407
f 359/1/359 408/1/408 360/1/360
f 359/1/359 407/1/407 408/1/408
f 360/1/360 409/1/409 361/1/361
f 360/1/360 408/1/408 409/1/409
f 361/1/361 410/1/410 362/1/362
f 361/1/361 409/1/409 410/1/410
f 362/1/362 411/1/411 363/1/363
f 362/1/362 410/1/410 411/1/411
f 363/1/363 412/1/412 364/1/364
f 363/1/363 411/1/411 412/1/412
f 364/1/364 413/1/413 365/1/365
f 364/1/364 412/1/412 413/1/413
f 365/1/365 414/1/414 366/1/366
f 365/1/365 413/1/413 414/1/414
f 366/1/366 415/1/415 367/1/367
f 366/1/366 414/1/414 415/1/415
f 367/1/367 416/1/416 368/1/368
f 367/1/367 415/1/415 416/1/416
f 368/1/368 417/1/417 369/1/369
f 368/1/368 416/1/416 417/1/417
f 369/1/369 418/1/418 370/1/370
f 369/1/369 417/1/417 418/1/418
f 370/1/370 419/1/419 371/1/371
f 370/1/370 418/1/418 419/1/419
f 371/1/371 420/1/420 372/1/372
f 371/1/371 419/1/419 420/1/420
f 372/1/372 421/1/421 373/1/373
f 372/1/372 420/1/420 421/1/421
f 373/1/373 422/1/422 374/1/374
f 373/1/373 421/1/421 422/1/422
f 374/1/374 423/1/423 375/1/375
f 374/1/374 422/1/422 423/1/423
f 375/1/375 424/1/424 376/1/376
f 375/1/375 423/1/423 424/1/424
f 376/1/376 425/1/425 377/1/377
f 376/1/376 424/1/424 425/1/425
f 377/1/377 426/1/426 378/1/378
f 377/1/377 425/1/425 426/1/426
f 378/1/378 427/1/427 379/1/379
f 378/1/378 426/1/426 427/1/427
f 379/1/379 428/1/428 380/1/380
f 379/1/379 427/1/427 428/1/428
f 380/1/380 429/1/429 381/1/381
f 380/1/380 428/1/428 429/1/429
f 381/1/381 430/1/430 382/1/382
f 381/1/381 429/1/429 430/1/430
f 382/1/382 431/1/431 383/1/383
f 382/1/382 430/1/430 431/1/431
f 383/1/383 432/1/432 384/1/384
f 383/1/383 431/1/431 432/1/432
f 384/1/384 385/1/385 337/1/337
f 384/1/384 432/1/432 385/1/385
f 385/1/385 434/1/434 386/1/386
f 385/1/385 433/1/433 434/1/434
f 386/1/386 435/1/435 387/1/387
f 386/1/386 434/1/434 435/1/435
f 387/1/387 436/1/436 388/1/388
f 387/1/387 435/1/435 436/1/436
f 388/1/388 437/1/437 389/1/389
f 388/1/388 436/1/436 437/1/437
f 389/1/389 438/1/438 390/1/390
f 389/1/389 437/1/437 438/1/438
f 390/1/390 439/1/439 391/1/391
f 390/1/390 438/1/438 439/1/439
f 391/1/391 440/1/440 392/1/392
f 391/1/391 439/1/439 440/1/440
f 392/1/392 441/1/441 393/1/393
f 392/1/392 440/1/440 441/1/441
f 393/1/393 442/1/442 394/1/394
f 393/1/393 441/1/441 442/1/442
f 394/1/394 443/1/443 395/1/395
f 394/1/394 442/1/442 443/1/443
f 395/1/395 444/1/444 396/1/396
f 395/1/395 443/1/443 444/1/444
f 396/1/396 445/1/445 397/1/397
f 396/1/396 444/1/444 445/1/445
f 397/1/397 446/1/446 398/1/398
f 397/1/397 445/1/445 446/1/446
f 398/1/398 447/1/447 399/1/399
f 398/1/398 446/1/446 447/1/447
f 399/1/399 448/1/448 400/1/400
f 399/1/399 447/1/447 448/1/448
f 400/1/400 449/1/449 401/1/401
f 400/1/400 448/1/448 449/1/449
f 401/1/401 450/1/450 402/1/402
f 401/1/401 449/1/449 450/1/450
f 402/1/402 451/1/451 403/1/403
f 402/1/402 450/1/450 451/1/451
f 403/1/403 452/1/452 404/1/404
f 403/1/403 451/1/451 452/1/452
f 404/1/404 453/1/453 405/1/405
f 404/1/404 452/1/452 453/1/453
f 405/1/405 454/1/454 406/1/406
f 405/1/405 453/1/453 454/1/454
f 406/1/406 455/1/455 407/1/407
f 406/1/406 454/1/454 455/1/455
f 407/1/407 456/1/456 408/1/408
f 407/1/407 455/1/455 456/1/456
f 408/1/408 457/1/457 409/1/409
f 408/1/408 456/1/456 457/1/457
f 409/1/409 458/1/458 410/1/410
f 409/1/409 457/1/457 458/1/458
f 410/1/410 459/1/459 411/1/411
f 410/1/410 458/1/458 459/1/459
f 411/1/411 460/1/460 412/1/412
f 411/1/411 459/1/459 460/1/460
f 412/1/412 461/1/461 413/1/413
f 412/1/412 460/1/460 461/1/461
f 413/1/413 462/1/462 414/1/414
f 413/1/413 461/1/461 462/1/462
f 414/1/414 463/1/463 415/1/415
f 414/1/414 462/1/462 463/1/463
f 415/1/415 464/1/464 416/1/416
f 415/1/415 463/1/463 464/1/464
f 416/1/416 465/1/465 417/1/417
f 416/1/416 464/1/464 465/1/465
f 417/1/417 466/1/466 418/1/418
f 417/1/417 465/1/465 466/1/466
f 418/1/418 467/1/467 419/1/419
f 418/1/418 466/1/466 467/1/467
f 419/1/419 468/1/468 420/1/420
f 419/1/419 467/1/467 468/1/468
f 420/1/420 469/1/469 421/1/421
f 420/1/420 468/1/468 469/1/469
f 421/1/421 470/1/470 422/1/422
f 421/1/421 469/1/469 470/1/470
f 422/1/422 471/1/471 423/1/423
f 422/1/422 470/1/470 471/1/471
f 423/1/423 472/1/472 424/1/424
f 423/1/423 471/1/471 472/1/472
f 424/1/424 473/1/473 425/1/425
f 424/1/424 472/1/472 473/1/473
f 425/1/425 474/1/474 426/1/426
f 425/1/425 473/1/473 474/1/474
f 426/1/426 475/1/475 427/1/427
f 426/1/426 474/1/474 475/1/475
f 427/1/427 476/1/476 428/1/428
f 427/1/427 475/1/475 476/1/476
f 428/1/428 477/1/477 429/1/429
f 428/1/428 476/1/476 477/1/477
f 429/1/429 478/1/478 430/1/430
f 429/1/429 477/1/477 478/1/478
f 430/1/430 479/1/479 431/1/431
f 430/1/430 478/1/478 479/1/479
f 431/1/431 480/1/480 432/1/432
f 431/1/431 479/1/479 480/1/480
f 432/1/432 433/1/433 385/1/385
f 432/1/432 480/1/480 433/1/433
f 433/1/433 482/1/482 434/1/434
f 433/1/433 481/1/481 482/1/482
f 434/1/434 483/1/483 435/1/435
f 434/1/434 482/1/482 483/1/483
f 435/1/435 484/1/484 436/1/436
f 435/1/435 483/1/483 484/1/484
f 436/1/436 485/1/485 437/1/437
f 436/1/436 484/1/484 485/1/485
f 437/1/437 486/1/486 438/1/438
f 437/1/437 485/1/485 486/1/486
f 438/1/438 487/1/487 439/1/439
f 438/1/438 486/1/486 487/1/487
f 439/1/439 488/1/488 440/1/440
f 439/1/439 487/1/487 488/1/488
f 440/1/440 489/1/489 441/1/441
f 440/1/440 488/1/488 489/1/489
f 441/1/441 490/1/490 442/1/442
f 441/1/441 489/1/489 490/1/490
f 442/1/442 491/1/491 443/1/443
f 442/1/442 490/1/490 491/1/491
f 443/1/443 492/1/492 444/1/444
f 443/1/443 491/1/491 492/1/492
f 444/1/444 493/1/493 445/1/445
f 444/1/444 492/1/492 493/1/493
f 445/1/445 494/1/494 446/1/446
f 445/1/445 493/1/493 494/1/494
f 446/1/446 495/1/495 447/1/447
f 446/1/446 494/1/494 495/1/495
f 447/1/447 496/1/496 448/1/448
f 447/1/447 495/1/495 496/1/496
f 448/1/448 497/1/497 449/1/449
f 448/1/448 496/1/496 497/1/497
f 449/1/449 498/1/498 450/1/450
f 449/1/449 497/1/497 498/1/498
f 450/1/450 499/1/499 451/1/451
f 450/1/450 498/1/498 499/1/499
f 451/1/451 500/1/500 452/1/452
f 451/1/451 499/1/499 500/1/500
f 452/1/452 501/1/501 453/1/453
f 452/1/452 500/1/500 501/1/501
f 453/1/453 502/1/502 454/1/454
f 453/1/453 501/1/501 502/1/502
f 454/1/454 503/1/503 455/1/455
f 454/1/454 502/1/502 503/1/503
f 455/1/455 504/1/504 456/1/456
f 455/1/455 503/1/503 504/1/504
f 456/1/456 505/1/505 457/1/457
f 456/1/456 504/1/504 505/1/505
f 457/1/457 506/1/506 458/1/458
f 457/1/457 505/1/505 506/1/506
f 458/1/458 507/1/507 459/1/459
f 458/1/458 506/1/506 507/1/507
f 459/1/459 508/1/508 460/1/460
f 459/1/459 507/1/507 508/1/508
f 460/1/460 509/1/509 461/1/461
f 460/1/460 508/1/508 509/1/509
f 461/1/461 510/1/510 462/1/462
f 461/1/461 509/1/509 510/1/510
f 462/1/462 511/1/511 463/1/463
f 462/1/462 510/1/510 511/1/511
f 463/1/463 512/1/512 464/1/464
f 463/1/463 511/1/511 512/1/512
f 464/1/464 513/1/513 465/1/465
f 464/1/464 512/1/512 513/1/513
f 465/1/465 514/1/514 466/1/466
f 465/1/465 513/1/513 514/1/514
f 466/1/466 515/1/515 467/1/467
f 466/1/466 514/1/514 515/1/515
f 467/1/467 516/1/516 468/1/468
f 467/1/467 515/1/515 516/1/516
f 468/1/468 517/1/517 469/1/469
f 468/1/468 516/1/516 517/1/517
f 469/1/469 518/1/518 470/1/470
f 469/1/469 517/1/517 518/1/518
f 470/1/470 519/1/519 471/1/471
f 470/1/470 518/1/518 519/1/519
f 471/1/471 520/1/520 472/1/472
f 471/1/471 519/1/519 520/1/520
f 472/1/472 521/1/521 473/1/473
f 472/1/472 520/1/520 521/1/521
f 473/1/473 522/1/522 474/1/474
f 473/1/473 521/1/521 522/1/522
f 474/1/474 523/1/523 475/1/475
f 474/1/474 522/1/522 523/1/523
f 475/1/475 524/1/524 476/1/476
f 475/1/475 523/1/523 524/1/524
f 476/1/476 525/1/525 477/1/477
f 476/1/476 524/1/524 525/1/525
f 477/1/477 526/1/526 478/1/478
f 477/1/477 525/1/525 526/1/526
f 478/1/478 527/1/527 479/1/479
f 478/1/478 526/1/526 527/1/527
f 479/1/479 528/1/528 480/1/480
f 479/1/479 527/1/527 528/1/528
f 480/1/480 481/1/481 433/1/433
f 480/1/480 528/1/528 481/1/481
f 481/1/481 530/1/530 482/1/482
f 481/1/481 529/1/529 530/1/530
f 482/1/482 531/1/531 483/1/483
f 482/1/482 530/1/530 531/1/531
f 483/1/483 532/1/532 484/1/484
f 483/1/483 531/1/531 532/1/532
f 484/1/484 533/1/533 485/1/485
f 484/1/484 532/1/532 533/1/533
f 485/1/485 534/1/534 486/1/486
f 485/1/485 533/1/533 534/1/534
f 486/1/486 535/1/535 487/1/487
f 486/1/486 534/1/534 535/1/535
f 487/1/487 536/1/536 488/1/488
f 487/1/487 535/1/535 536/1/536
f 488/1/488 537/1/537 489/1/489
f 488/1/488 536/1/536 537/1/537
f 489/1/489 538/1/538 490/1/490
f 489/1/489 537/1/537 538/1/538
f 490/1/490 539/1/539 491/1/491
f 490/1/490 538/1/538 539/1/539
f 491/1/491 540/1/540 492/1/492
f 491/1/491 539/1/539 540/1/540
f 492/1/492 541/1/541 493/1/493
f 492/1/492 540/1/540 541/1/541
f 493/1/493 542/1/542 494/1/494
f 493/1/493 541/1/541 542/1/542
f 494/1/494 543/1/543 495/1/495
f 494/1/494 542/1/542 543/1/543
f 495/1/495 544/1/544 496/1/496
f 495/1/495 543/1/543 544/1/544
f 496/1/496 545/1/545 497/1/497
f 496/1/496 544/1/544 545/1/545
f 497/1/497 546/1/546 498/1/498
f 497/1/497 545/1/545 546/1/546
f 498/1/498 547/1/547 499/1/499
f 498/1/498 546/1/546 547/1/547
f 499/1/499 548/1/548 500/1/500
f 499/1/499 547/1/547 548/1/548
f 500/1/500 549/1/549 501/1/501
f 500/1/500 548/1/548 549/1/549
f 501/1/501 550/1/550 502/1/502
f 501/1/501 549/1/549 550/1/550
f 502/1/502 551/1/551 503/1/503
f 502/1/502 550/1/550 551/1/551
f 503/1/503 552/1/552 504/1/504
f 503/1/503 551/1/551 552/1/552
f 504/1/504 553/1/553 505/1/505
f 504/1/504 552/1/552 553/1/553
f 505/1/505 554/1/554 506/1/506
f 505/1/505 553/1/553 554/1/554
f 506/1/506 555/1/555 507/1/507
f 506/1/506 554/1/554 555/1/555
f 507/1/507 556/1/556 508/1/508
f 507/1/507 555/1/555 556/1/556
f 508/1/508 557/1/557 509/1/509
f 508/1/508 556/1/556 557/1/557
f 509/1/509 558/1/558 510/1/510
f 509/1/509 557/1/557 558/1/558
f 510/1/510 559/1/559 511/1/511
f 510/1/510 558/1/558 559/1/559
f 511/1/511 560/1/560 512/1/512
f 511/1/511 559/1/559 560/1/560
f 512/1/512 561/1/561 513/1/513
f 512/1/512 560/1/560 561/1/561
f 513/1/513 562/1/562 514/1/514
f 513/1/513 561/1/561 562/1/562
f 514/1/514 563/1/563 515/1/515
f 514/1/514 562/1/562 563/1/563
f 515/1/515 564/1/564 516/1/516
f 515/1/515 563/1/563 564/1/564
f 516/1/516 565/1/565 517/1/517
f 516/1/516 564/1/564 565/1/565
f 517/1/517 566/1/566 518/1/518
f 517/1/517 565/1/565 566/1/566
f 518/1/518 567/1/567 519/1/519
f 518/1/518 566/1/566 567/1/567
f 519/1/519 568/1/568 520/1/520
f 519/1/519 567/1/567 568/1/568
f 520/1/520 569/1/569 521/1/521
f 520/1/520 568/1/568 569/1/569
f 521/1/521 570/1/570 522/1/522
f 521/1/521 569/1/569 570/1/570
f 522/1/522 571/1/571 523/1/523
f 522/1/522 570/1/570 571/1/571
f 523/1/523 572/1/572 524/1/524
f 523/1/523 571/1/571 572/1/572
f 524/1/524 573/1/573 525/1/525
f 524/1/524 572/1/572 573/1/573
f 525/1/525 574/1/574 526/1/526
f 525/1/525 573/1/573 574/1/574
f 526/1/526 575/1/575 527/1/527
f 526/1/526 574/1/574 575/1/575
f 527/1/527 576/1/576 528/1/528
f 527/1/527 575/1/575 576/1/576
f 528/1/528 529/1/529 481/1/481
f 528/1/528 576/1/576 529/1/529
f 529/1/529 578/1/578 530/1/530
f 529/1/529 577/1/577 578/1/578
f 530/1/530 579/1/579 531/1/531
f 530/1/530 578/1/578 579/1/579
f 531/1/531 580/1/580 532/1/532
f 531/1/531 579/1/579 580/1/580
f 532/1/532 581/1/581 533/1/533
f 532/1/532 580/1/580 581/1/581
f 533/1/533 582/1/582 534/1/534
f 533/1/533 581/1/581 582/1/582
f 534/1/534 583/1/583 535/1/535
f 534/1/534 582/1/582 583/1/583
f 535/1/535 584/1/584 536/1/536
f 535/1/535 583/1/583 584/1/584
f 536/1/536 585/1/585 537/1/537
f 536/1/536 584/1/584 585/1/585
f 537/1/537 586/1/586 538/1/538
f 537/1/537 585/1/585 586/1/586
f 538/1/538 587/1/587 539/1/539
f 538/1/538 586/1/586 587/1/587
f 539/1/539 588/1/588 540/1/540
f 539/1/539 587/1/587 588/1/588
f 540/1/540 589/1/589 541/1/541
f 540/1/540 588/1/588 589/1/589
f 541/1/541 590/1/590 542/1/542
f 541/1/541 589/1/589 590/1/590
f 542/1/542 591/1/591 543/1/543
f 542/1/542 590/1/590 591/1/591
f 543/1/543 592/1/592 544/1/544
f 543/1/543 591/1/591 592/1/592
f 544/1/544 593/1/593 545/1/545
f 544/1/544 592/1/592 593/1/593
f 545/1/545 594/1/594 546/1/546
f 545/1/545 593/1/593 594/1/594
f 546/1/546 595/1/595 547/1/547
f 546/1/546 594/1/594 595/1/595
f 547/1/547 596/1/596 548/1/548
f 547/1/547 595/1/595 596/1/596
f 548/1/548 597/1/597 549/1/549
f 548/1/548 596/1/596 597/1/597
f 549/1/549 598/1/598 550/1/550
f 549/1/549 597/1/597 598/1/598
f 550/1/550 599/1/599 551/1/551
f 550/1/550 598/1/598 599/1/599
f 551/1/551 600/1/600 552/1/552
f 551/1/551 599/1/599 600/1/600
f 552/1/552 601/1/601 553/1/553
f 552/1/552 600/1/600 601/1/601
f 553/1/553 602/1/602 554/1/554
f 553/1/553 601/1/601 602/1/602
f 554/1/554 603/1/603 555/1/555
f 554/1/554 602/1/602 603/1/603
f 555/1/555 604/1/604 556/1/556
f 555/1/555 603/1/603 604/1/604
f 556/1/556 605/1/605 557/1/557
f 556/1/556 604/1/604 605/1/605
f 557/1/557 606/1/606 558/1/558
f 557/1/557 605/1/605 606/1/606
f 558/1/558 607/1/607 559/1/559
f 558/1/558 606/1/606 607/1/607
f 559/1/559 608/1/608 560/1/560
f 559/1/559 607/1/607 608/1/608
f 560/1/560 609/1/609 561/1/561
f 560/1/560 608/1/608 609/1/609
f 561/1/561 610/1/610 562/1/562
f 561/1/561 609/1/609 610/1/610
f 562/1/562 611/1/611 563/1/563
f 562/1/562 610/1/610 611/1/611
f 563/1/563 612/1/612 564/1/564
f 563/1/563 611/1/611 612/1/612
f 564/1/564 613/1/613 565/1/565
f 564/1/564 612/1/612 613/1/613
f 565/1/565 614/1/614 566/1/566
f 565/1/565 613/1/613 614/1/614
f 566/1/566 615/1/615 567/1/567
f 566/1/566 614/1/614 615/1/615
f 567/1/567 616/1/616 568/1/568
f 567/1/567 615/1/615 616/1/616
f 568/1/568 617/1/617 569/1/569
f 568/1/568 616/1/616 617/1/617
f 569/1/569 618/1/618 570/1/570
f 569/1/569 617/1/617 618/1/618
f 570/1/570 619/1/619 571/1/571
f 570/1/570 618/1/618 619/1/619
f 571/1/571 620/1/620 572/1/572
f 571/1/571 619/1/619 620/1/620
f 572/1/572 621/1/621 573/1/573
f 572/1/572 620/1/620 621/1/621
f 573/1/573 622/1/622 574/1/574
f 573/1/573 621/1/621 622/1/622
f 574/1/574 623/1/623 575/1/575
f 574/1/574 622/1/622 623/1/623
f 575/1/575 624/1/624 576/1/576
f 575/1/575 623/1/623 624/1/624
f 576/1/576 577/1/577 529/1/529
f 576/1/576 624/1/624 577/1/577
f 577/1/577 626/1/626 578/1/578
f 577/1/577 625/1/625 626/1/626
f 578/1/578 627/1/627 579/1/579
f 578/1/578 626/1/626 627/1/627
f 579/1/579 628/1/628 580/1/580
f 579/1/579 627/1/627 628/1/628
f 580/1/580 629/1/629 581/1/581
f 580/1/580 628/1/628 629/1/629
f 581/1/581 630/1/630 582/1/582
f 581/1/581 629/1/629 630/1/630
f 582/1/582 631/1/631 583/1/583
f 582/1/582 630/1/630 631/1/631
f 583/1/583 632/1/632 584/1/584
f 583/1/583 631/1/631 632/1/632
f 584/1/584 633/1/633 585/1/585
f 584/1/584 632/1/632 633/1/633
f 585/1/585 634/1/634 586/1/586
f 585/1/585 633/1/633 634/1/634
f 586/1/586 635/1/635 587/1/587
f 586/1/586 634/1/634 635/1/635
f 587/1/587 636/1/636 588/1/588
f 587/1/587 635/1/635 636/1/636
f 588/1/588 637/1/637 589/1/589
f 588/1/588 636/1/636 637/1/637
f 589/1/589 638/1/638 590/1/590
f 589/1/589 637/1/637 638/1/638
f 590/1/590 639/1/639 591/1/591
f 590/1/590 638/1/638 639/1/639
f 591/1/591 640/1/640 592/1/592
f 591/1/591 639/1/639 640/1/640
f 592/1/592 641/1/641 593/1/593
f 592/1/592 640/1/640 641/1/641
f 593/1/593 642/1/642 594/1/594
f 593/1/593 641/1/641 642/1/642
f 594/1/594 643/1/643 595/1/595
f 594/1/594 642/1/642 643/1/643
f 595/1/595 644/1/644 596/1/596
f 595/1/595 643/1/643 644/1/644
f 596/1/596 645/1/645 597/1/597
f 596/1/596 644/1/644 645/1/645
f 597/1/597 646/1/646 598/1/598
f 597/1/597 645/1/645 646/1/646
f 598/1/598 647/1/647 599/1/599
f 598/1/598 646/1/646 647/1/647
f 599/1/599 648/1/648 600/1/600
f 599/1/599 647/1/647 648/1/648
f 600/1/600 649/1/649 601/1/601
f 600/1/600 648/1/648 649/1/649
f 601/1/601 650/1/650 602/1/602
f 601/1/601 649/1/649 650/1/650
f 602/1/602 651/1/651 603/1/603
f 602/1/602 650/1/650 651/1/651
f 603/1/603 652/1/652 604/1/604
f 603/1/603 651/1/651 652/1/652
f 604/1/604 653/1/653 605/1/605
f 604/1/604 652/1/652 653/1/653
f 605/1/605 654/1/654 606/1/606
f 605/1/605 653/1/653 654/1/654
f 606/1/606 655/1/655 607/1/607
f 606/1/606 654/1/654 655/1/655
f 607/1/607 656/1/656 608/1/608
f 607/1/607 655/1/655 656/1/656
f 608/1/608 657/1/657 609/1/609
f 608/1/608 656/1/656 657/1/657
f 609/1/609 658/1/658 610/1/610
f 609/1/609 657/1/657 658/1/658
f 610/1/610 659/1/659 611/1/611
f 610/1/610 658/1/658 659/1/659
f 611/1/611 660/1/660 612/1/612
f 611/1/611 659/1/659 660/1/660
f 612/1/612 661/1/661 613/1/613
f 612/1/612 660/1/660 661/1/661
f 613/1/613 662/1/662 614/1/614
f 613/1/613 661/1/661 662/1/662
f 614/1/614 663/1/663 615/1/615
f 614/1/614 662/1/662 663/1/663
f 615/1/615 664/1/664 616/1/616
f 615/1/615 663/1/663 664/1/664
f 616/1/616 665/1/665 617/1/617
f 616/1/616 664/1/664 665/1/665
f 617/1/617 666/1/666 618/1/618
f 617/1/617 665/1/665 666/1/666
f 618/1/618 667/1/667 619/1/619
f 618/1/618 666/1/666 667/1/667
f 619/1/619 668/1/668 620/1/620
f 619/1/619 667/1/667 668/1/668
f 620/1/620 669/1/669 621/1/621
f 620/1/620 668/1/668 669/1/669
f 621/1/621 670/1/670 622/1/622
f 621/1/621 669/1/669 670/1/670
f 622/1/622 671/1/671 623/1/623
f 622/1/622 670/1/670 671/1/671
f 623/1/623 672/1/672 624/1/624
f 623/1/623 671/1/671 672/1/672
f 624/1/624 625/1/625 577/1/577
f 624/1/624 672/1/672 625/1/625
f 625/1/625 674/1/674 626/1/626
f 625/1/625 673/1/673 674/1/674
f 626/1/626 675/1/675 627/1/627
f 626/1/626 674/1/674 675/1/675
f 627/1/627 676/1/676 628/1/628
f 627/1/627 675/1/675 676/1/676
f 628/1/628 677/1/677 629/1/629
f 628/1/628 676/1/676 677/1/677
f 629/1/629 678/1/678 630/1/630
f 629/1/629 677/1/677 678/1/678
f 630/1/630 679/1/679 631/1/631
f 630/1/630 678/1/678 679/1/679
f 631/1/631 680/1/680 632/1/632
f 631/1/631 679/1/679 680/1/680
f 632/1/632 681/1/681 633/1/633
f 632/1/632 680/1/680 681/1/681
f 633/1/633 682/1/682 634/1/634
f 633/1/633 681/1/681 682/1/682
f 634/1/634 683/1/683 635/1/635
f 634/1/634 682/1/682 683/1/683
f 635/1/635 684/1/684 636/1/636
f 635/1/635 683/1/683 684/1/684
f 636/1/636 685/1/685 637/1/637
f 636/1/636 684/1/684 685/1/685
f 637/1/637 686/1/686 638/1/638
f 637/1/637 685/1/685 686/1/686
f 638/1/638 687/1/687 639/1/639
f 638/1/638 686/1/686 687/1/687
f 639/1/639 688/1/688 640/1/640
f 639/1/639 687/1/687 688/1/688
f 640/1/640 689/1/689 641/1/641
f 640/1/640 688/1/688 689/1/689
f 641/1/641 690/1/690 642/1/642
f 641/1/641 689/1/689 690/1/690
f 642/1/642 691/1/691 643/1/643
f 642/1/642 690/1/690 691/1/691
f 643/1/643 692/1/692 644/1/644
f 643/1/643 691/1/691 692/1/692
f 644/1/644 693/1/693 645/1/645
f 644/1/644 692/1/692 693/1/693
f 645/1/645 694/1/694 646/1/646
f 645/1/645 693/1/693 694/1/694
f 646/1/646 695/1/695 647/1/647
f 646/1/646 694/1/694 695/1/695
f 647/1/647 696/1/696 648/1/648
f 647/1/647 695/1/695 696/1/696
f 648/1/648 697/1/697 649/1/649
f 648/1/648 696/1/696 697/1/697
f 649/1/649 698/1/698 650/1/650
f 649/1/649 697/1/697 698/1/698
f 650/1/650 699/1/699 651/1/651
f 650/1/650 698/1/698 699/1/699
f 651/1/651 700/1/700 652/1/652
f 651/1/651 699/1/699 700/1/700
f 652/1/652 701/1/701 653/1/653
f 652/1/652 700/1/700 701/1/701
f 653/1/653 702/1/702 654/1/654
f 653/1/653 701/1/701 702/1/702
f 654/1/654 703/1/703 655/1/655
f 654/1/654 702/1/702 703/1/703
f 655/1/655 704/1/704 656/1/656
f 655/1/655 703/1/703 704/1/704
f 656/1/656 705/1/705 657/1/657
f 656/1/656 704/1/704 705/1/705
f 657/1/657 706/1/706 658/1/658
f 657/1/657 705/1/705 706/1/706
f 658/1/658 707/1/707 659/1/659
f 658/1/658 706/1/706 707/1/707
f 659/1/659 708/1/708 660/1/660
f 659/1/659 707/1/707 708/1/708
f 660/1/660 709/1/709 661/1/661
f 660/1/660 708/1/708 709/1/709
f 661/1/661 710/1/710 662/1/662
f 661/1/661 709/1/709 710/1/710
f 662/1/662 711/1/711 663/1/663
f 662/1/662 710/1/710 711/1/711
f 663/1/663 712/1/712 664/1/664
f 663/1/663 711/1/711 712/1/712
f 664/1/664 713/1/713 665/1/665
f 664/1/664 712/1/712 713/1/713
f 665/1/665 714/1/714 666/1/666
f 665/1/665 713/1/713 714/1/714
f 666/1/666 715/1/715 667/1/667
f 666/1/666 714/1/714 715/1/715
f 667/1/667 716/1/716 668/1/668
f 667/1/667 715/1/715 716/1/716
f 668/1/668 717/1/717 669/1/669
f 668/1/668 716/1/716 717/1/717
f 669/1/669 718/1/718 670/1/670
f 669/1/669 717/1/717 718/1/718
f 670/1/670 719/1/719 671/1/671
f 670/1/670 718/1/718 719/1/719
f 671/1/671 720/1/720 672/1/672
f 671/1/671 719/1/719 720/1/720
f 672/1/672 673/1/673 625/1/625
f 672/1/672 720/1/720 673/1/673
f 673/1/673 722/1/722 674/1/674
f 673/1/673 721/1/721 722/1/722
f 674/1/674 723/1/723 675/1/675
f 674/1/674 722/1/722 723/1/723
f 675/1/675 724/1/724 676/1/676
f 675/1/675 723/1/723 724/1/724
f 676/1/676 725/1/725 677/1/677
f 676/1/676 724/1/724 725/1/725
f 677/1/677 726/1/726 678/1/678
f 677/1/677 725/1/725 726/1/726
f 678/1/678 727/1/727 679/1/679
f 678/1/678 726/1/726 727/1/727
f 679/1/679 728/1/728 680/1/680
f 679/1/679 727/1/727 728/1/728
f 680/1/680 729/1/729 681/1/681
f 680/1/680 728/1/728 729/1/729
f 681/1/681 730/1/730 682/1/682
f 681/1/681 729/1/729 730/1/730
f 682/1/682 731/1/731 683/1/683
f 682/1/682 730/1/730 731/1/731
f 683/1/683 732/1/732 684/1/684
f 683/1/683 731/1/731 732/1/732
f 684/1/684 733/1/733 685/1/685
f 684/1/684 732/1/732 733/1/733
f 685/1/685 734/1/734 686/1/686
f 685/1/685 733/1/733 734/1/734
f 686/1/686 735/1/735 687/1/687
f 686/1/686 734/1/734 735/1/735
f 687/1/687 736/1/736 688/1/688
f 687/1/687 735/1/735 736/1/736
f 688/1/688 737/1/737 689/1/689
f 688/1/688 736/1/736 737/1/737
f 689/1/689 738/1/738 690/1/690
f 689/1/689 737/1/737 738/1/738
f 690/1/690 739/1/739 691/1/691
f 690/1/690 738/1/738 739/1/739
f 691/1/691 740/1/740 692/1/692
f 691/1/691 739/1/739 740/1/740
f 692/1/692 741/1/741 693/1/693
f 692/1/692 740/1/740 741/1/741
f 693/1/693 742/1/742 694/1/694
f 693/1/693 741/1/741 742/1/742
f 694/1/694 743/1/743 695/1/695
f 694/1/694 742/1/742 743/1/743
f 695/1/695 744/1/744 696/1/696
f 695/1/695 743/1/743 744/1/744
f 696/1/696 745/1/745 697/1/697
f 696/1/696 744/1/744 745/1/745
f 697/1/697 746/1/746 698/1/698
f 697/1/697 745/1/745 746/1/746
f 698/1/698 747/1/747 699/1/699
f 698/1/698 746/1/746 747/1/747
f 699/1/699 748/1/748 700/1/700
f 699/1/699 747/1/747 748/1/748
f 700/1/700 749/1/749 701/1/701
f 700/1/700 748/1/748 749/1/749
f 701/1/701 750/1/750 702/1/702
f 701/1/701 749/1/749 750/1/750
f 702/1/702 751/1/751 703/1/703
f 702/1/702 750/1/750 751/1/751
f 703/1/703 752/1/752 704/1/704
f 703/1/703 751/1/751 752/1/752
f 704/1/704 753/1/753 705/1/705
f 704/1/704 752/1/752 753/1/753
f 705/1/705 754/1/754 706/1/706
f 705/1/705 753/1/753 754/1/754
f 706/1/706 755/1/755 707/1/707
f 706/1/706 754/1/754 755/1/755
f 707/1/707 756/1/756 708/1/708
f 707/1/707 755/1/755 756/1/756
f 708/1/708 757/1/757 709/1/709
f 708/1/708 756/1/756 757/1/757
f 709/1/709 758/1/758 710/1/710
f 709/1/709 757/1/757 758/1/758
f 710/1/710 759/1/759 711/1/711
f 710/1/710 758/1/758 759/1/759
f 711/1/711 760/1/760 712/1/712
f 711/1/711 759/1/759 760/1/760
f 712/1/712 761/1/761 713/1/713
f 712/1/712 760/1/760 761/1/761
f 713/1/713 762/1/762 714/1/714
f 713/1/713 761/1/761 762/1/762
f 714/1/714 763/1/763 715/1/715
f 714/1/714 762/1/762 763/1/763
f 715/1/715 764/1/764 716/1/716
f 715/1/715 763/1/763 764/1/764
f 716/1/716 765/1/765 717/1/717
f 716/1/716 764/1/764 765/1/765
f 717/1/717 766/1/766 718/1/718
f 717/1/717 765/1/765 766/1/766
f 718/1/718 767/1/767 719/1/719
f 718/1/718 766/1/766 767/1/767
f 719/1/719 768/1/768 720/1/720
f 719/1/719 767/1/767 768/1/768
f 720/1/720 721/1/721 673/1/673
f 720/1/720 768/1/768 721/1/721
f 721/1/721 770/1/770 722/1/722
f 721/1/721 769/1/769 770/1/770
f 722/1/722 771/1/771 723/1/723
f 722/1/722 770/1/770 771/1/771
f 723/1/723 772/1/772 724/1/724
f 723/1/723 771/1/771 772/1/772
f 724/1/724 773/1/773 725/1/725
f 724/1/724 772/1/772 773/1/773
f 725/1/725 774/1/774 726/1/726
f 725/1/725 773/1/773 774/1/774
f 726/1/726 775/1/775 727/1/727
f 726/1/726 774/1/774 775/1/775
f 727/1/727 776/1/776 728/1/728
f 727/1/727 775/1/775 776/1/776
f 728/1/728 777/1/777 729/1/729
f 728/1/728 776/1/776 777/1/777
f 729/1/729 778/1/778 730/1/730
f 729/1/729 777/1/777 778/1/778
f 730/1/730 779/1/779 731/1/731
f 730/1/730 778/1/778 779/1/779
f 731/1/731 780/1/780 732/1/732
f 731/1/731 779/1/779 780/1/780
f 732/1/732 781/1/781 733/1/733
f 732/1/732 780/1/780 781/1/781
f 733/1/733 782/1/782 734/1/734
f 733/1/733 781/1/781 782/1/782
f 734/1/734 783/1/783 735/1/735
f 734/1/734 782/1/782 783/1/783
f 735/1/735 784/1/784 736/1/736
f 735/1/735 783/1/783 784/1/784
f 736/1/736 785/1/785 737/1/737
f 736/1/736 784/1/784 785/1/785
f 737/1/737 786/1/786 738/1/738
f 737/1/737 785/1/785 786/1/786
f 738/1/738 787/1/787 739/1/739
f 738/1/738 786/1/786 787/1/787
f 739/1/739 788/1/788 740/1/740
f 739/1/739 787/1/787 788/1/788
f 740/1/740 789/1/789 741/1/741
f 740/1/740 788/1/788 789/1/789
f 741/1/741 790/1/790 742/1/742
f 741/1/741 789/1/789 790/1/790
f 742/1/742 791/1/791 743/1/743
f 742/1/742 790/1/790 791/1/791
f 743/1/743 792/1/792 744/1/744
f 743/1/743 791/1/791 792/1/792
f 744/1/744 793/1/793 745/1/745
f 744/1/744 792/1/792 793/1/793
f 745/1/745 794/1/794 746/1/746
f 745/1/745 793/1/793 794/1/794
f 746/1/746 795/1/795 747/1/747
f 746/1/746 794/1/794 795/1/795
f 747/1/747 796/1/796 748/1/748
f 747/1/747 795/1/795 796/1/796
f 748/1/748 797/1/797 749/1/749
f 748/1/748 796/1/796 797/1/797
f 749/1/749 798/1/798 750/1/750
f 749/1/749 797/1/797 798/1/798
f 750/1/750 799/1/799 751/1/751
f 750/1/750 798/1/798 799/1/799
f 751/1/751 800/1/800 752/1/752
f 751/1/751 799/1/799 800/1/800
f 752/1/752 801/1/801 753/1/753
f 752/1/752 800/1/800 801/1/801
f 753/1/753 802/1/802 754/1/754
f 753/1/753 801/1/801 802/1/802
f 754/1/754 803/1/803 755/1/755
f 754/1/754 802/1/802 803/1/803
f 755/1/755 804/1/804 756/1/756
f 755/1/755 803/1/803 804/1/804
f 756/1/756 805/1/805 757/1/757
f 756/1/756 804/1/804 805/1/805
f 757/1/757 806/1/806 758/1/758
f 757/1/757 805/1/805 806/1/806
f 758/1/758 807/1/807 759/1/759
f 758/1/758 806/1/806 807/1/807
f 759/1/759 808/1/808 760/1/760
f 759/1/759 807/1/807 808/1/808
f 760/1/760 809/1/809 761/1/761
f 760/1/760 808/1/808 809/1/809
f 761/1/761 810/1/810 762/1/762
f 761/1/761 809/1/809 810/1/810
f 762/1/762 811/1/811 763/1/763
f 762/1/762 810/1/810 811/1/811
f 763/1/763 812/1/812 764/1/764
f 763/1/763 811/1/811 812/1/812
f 764/1/764 813/1/813 765/1/765
f 764/1/764 812/1/812 813/1/813
f 765/1/765 814/1/814 766/1/766
f 765/1/765 813/1/813 814/1/814
f 766/1/766 815/1/815 767/1/767
f 766/1/766 814/1/814 815/1/815
f 767/1/767 816/1/816 768/1/768
f 767/1/767 815/1/815 816/1/816
f 768/1/768 769/1/769 721/1/721
f 768/1/768 816/1/816 769/1/769
f 769/1/769 818/1/818 770/1/770
f 769/1/769 817/1/817 818/1/818
f 770/1/770 819/1/819 771/1/771
f 770/1/770 818/1/818 819/1/819
f 771/1/771 820/1/820 772/1/772
f 771/1/771 819/1/819 820/1/820
f 772/1/772 821/1/821 773/1/773
f 772/1/772 820/1/820 821/1/821
f 773/1/773 822/1/822 774/1/774
f 773/1/773 821/1/821 822/1/822
f 774/1/774 823/1/823 775/1/775
f 774/1/774 822/1/822 823/1/823
f 775/1/775 824/1/824 776/1/776
f 775/1/775 823/1/823 824/1/824
f 776/1/776 825/1/825 777/1/777
f 776/1/776 824/1/824 825/1/825
f 777/1/777 826/1/826 778/1/778
f 777/1/777 825/1/825 826/1/826
f 778/1/778 827/1/827 779/1/779
f 778/1/778 826/1/826 827/1/827
f 779/1/779 828/1/828 780/1/780
f 779/1/779 827/1/827 828/1/828
f 780/1/780 829/1/829 781/1/781
f 780/1/780 828/1/828 829/1/829
f 781/1/781 830/1/830 782/1/782
f 781/1/781 829/1/829 830/1/830
f 782/1/782 831/1/831 783/1/783
f 782/1/782 830/1/830 831/1/831
f 783/1/783 832/1/832 784/1/784
f 783/1/783 831/1/831 832/1/832
f 784/1/784 833/1/833 785/1/785
f 784/1/784 832/1/832 833/1/833
f 785/1/785 834/1/834 786/1/786
f 785/1/785 833/1/833 834/1/834
f 786/1/786 835/1/835 787/1/787
f 786/1/786 834/1/834 835/1/835
f 787/1/787 836/1/836 788/1/788
f 787/1/787 835/1/835 836/1/836
f 788/1/788 837/1/837 789/1/789
f 788/1/788 836/1/836 837/1/837
f 789/1/789 838/1/838 790/1/790
f 789/1/789 837/1/837 838/1/838
f 790/1/790 839/1/839 791/1/791
f 790/1/790 838/1/838 839/1/839
f 791/1/791 840/1/840 792/1/792
f 791/1/791 839/1/839 840/1/840
f 792/1/792 841/1/841 793/1/793
f 792/1/792 840/1/840 841/1/841
f 793/1/793 842/1/842 794/1/794
f 793/1/793 841/1/841 842/1/842
f 794/1/794 843/1/843 795/1/795
f 794/1/794 842/1/842 843/1/843
f 795/1/795 844/1/844 796/1/796
f 795/1/795 843/1/843 844/1/844
f 796/1/796 845/1/845 797/1/797
f 796/1/796 844/1/844 845/1/845
f 797/1/797 846/1/846 798/1/798
f 797/1/797 845/1/845 846/1/846
f 798/1/798 847/1/847 799/1/799
f 798/1/798 846/1/846 847/1/847
f 799/1/799 848/1/848 800/1/800
f 799/1/799 847/1/847 848/1/848
f 800/1/800 849/1/849 801/1/801
f 800/1/800 848/1/848 849/1/849
f 801/1/801 850/1/850 802/1/802
f 801/1/801 849/1/849 850/1/850
f 802/1/802 851/1/851 803/1/803
f 802/1/802 850/1/850 851/1/851
f 803/1/803 852/1/852 804/1/804
f 803/1/803 851/1/851 852/1/852
f 804/1/804 853/1/853 805/1/805
f 804/1/804 852/1/852 853/1/853
f 805/1/805 854/1/854 806/1/806
f 805/1/805 853/1/853 854/1/854
f 806/1/806 855/1/855 807/1/807
f 806/1/806 854/1/854 855/1/855
f 807/1/807 856/1/856 808/1/808
f 807/1/807 855/1/855 856/1/856
f 808/1/808 857/1/857 809/1/809
f 808/1/808 856/1/856 857/1/857
f 809/1/809 858/1/858 810/1/810
f 809/1/809 857/1/857 858/1/858
f 810/1/810 859/1/859 811/1/811
f 810/1/810 858/1/858 859/1/859
f 811/1/811 860/1/860 812/1/812
f 811/1/811 859/1/859 860/1/860
f 812/1/812 861/1/861 813/1/813
f 812/1/812 860/1/860 861/1/861
f 813/1/813 862/1/862 814/1/814
f 813/1/813 861/1/861 862/1/862
f 814/1/814 863/1/863 815/1/815
f 814/1/814 862/1/862 863/1/863
f 815/1/815 864/1/864 816/1/816
f 815/1/815 863/1/863 864/1/864
f 816/1/816 817/1/817 769/1/769
f 816/1/816 864/1/864 817/1/817
f 817/1/817 866/1/866 818/1/818
f 817/1/817 865/1/865 866/1/866
f 818/1/818 867/1/867 819/1/819
f 818/1/818 866/1/866 867/1/867
f 819/1/819 868/1/868 820/1/820
f 819/1/819 867/1/867 868/1/868
f 820/1/820 869/1/869 821/1/821
f 820/1/820 868/1/868 869/1/869
f 821/1/821 870/1/870 822/1/822
f 821/1/821 869/1/869 870/1/870
f 822/1/822 871/1/871 823/1/823
f 822/1/822 870/1/870 871/1/871
f 823/1/823 872/1/872 824/1/824
f 823/1/823 871/1/871 872/1/872
f 824/1/824 873/1/873 825/1/825
f 824/1/824 872/1/872 873/1/873
f 825/1/825 874/1/874 826/1/826
f 825/1/825 873/1/873 874/1/874
f 826/1/826 875/1/875 827/1/827
f 826/1/826 874/1/874 875/1/875
f 827/1/827 876/1/876 828/1/828
f 827/1/827 875/1/875 876/1/876
f 828/1/828 877/1/877 829/1/829
f 828/1/828 876/1/876 877/1/877
f 829/1/829 878/1/878 830/1/830
f 829/1/829 877/1/877 878/1/878
f 830/1/830 879/1/879 831/1/831
f 830/1/830 878/1/878 879/1/879
f 831/1/831 880/1/880 832/1/832
f 831/1/831 879/1/879 880/1/880
f 832/1/832 881/1/881 833/1/833
f 832/1/832 880/1/880 881/1/881
f 833/1/833 882/1/882 834/1/834
f 833/1/833 881/1/881 882/1/882
f 834/1/834 883/1/883 835/1/835
f 834/1/834 882/1/882 883/1/883
f 835/1/835 884/1/884 836/1/836
f 835/1/835 883/1/883 884/1/884
f 836/1/836 885/1/885 837/1/837
f 836/1/836 884/1/884 885/1/885
f 837/1/837 886/1/886 838/1/838
f 837/1/837 885/1/885 886/1/886
f 838/1/838 887/1/887 839/1/839
f 838/1/838 886/1/886 887/1/887
f 839/1/839 888/1/888 840/1/840
f 839/1/839 887/1/887 888/1/888
f 840/1/840 889/1/889 841/1/841
f 840/1/840 888/1/888 889/1/889
f 841/1/841 890/1/890 842/1/842
f 841/1/841 889/1/889 890/1/890
f 842/1/842 891/1/891 843/1/843
f 842/1/842 890/1/890 891/1/891
f 843/1/843 892/1/892 844/1/844
f 843/1/843 891/1/891 892/1/892
f 844/1/844 893/1/893 845/1/845
f 844/1/844 892/1/892 893/1/893
f 845/1/845 894/1/894 846/1/846
f 845/1/845 893/1/893 894/1/894
f 846/1/846 895/1/895 847/1/847
f 846/1/846 894/1/894 895/1/895
f 847/1/847 896/1/896 848/1/848
f 847/1/847 895/1/895 896/1/896
f 848/1/848 897/1/897 849/1/849
f 848/1/848 896/1/896 897/1/897
f 849/1/849 898/1/898 850/1/850
f 849/1/849 897/1/897 898/1/898
f 850/1/850 899/1/899 851/1/851
f 850/1/850 898/1/898 899/1/899
f 851/1/851 900/1/900 852/1/852
f 851/1/851 899/1/899 900/1/900
f 852/1/852 901/1/901 853/1/853
f 852/1/852 900/1/900 901/1/901
f 853/1/853 902/1/902 854/1/854
f 853/1/853 901/1/901 902/1/902
f 854/1/854 903/1/903 855/1/855
f 854/1/854 902/1/902 903/1/903
f 855/1/855 904/1/904 856/1/856
f 855/1/855 903/1/903 904/1/904
f 856/1/856 905/1/905 857/1/857
f 856/1/856 904/1/904 905/1/905
f 857/1/857 906/1/906 858/1/858
f 857/1/857 905/1/905 906/1/906
f 858/1/858 907/1/907 859/1/859
f 858/1/858 906/1/906 907/1/907
f 859/1/859 908/1/908 860/1/860
f 859/1/859 907/1/907 908/1/908
f 860/1/860 909/1/909 861/1/861
f 860/1/860 908/1/908 909/1/909
f 861/1/861 910/1/910 862/1/862
f 861/1/861 909/1/909 910/1/910
f 862/1/862 911/1/911 863/1/863
f 862/1/862 910/1/910 911/1/911
f 863/1/863 912/1/912 864/1/864
f 863/1/863 911/1/911 912/1/912
f 864/1/864 865/1/865 817/1/817
f 864/1/864 912/1/912 865/1/865
f 865/1/865 914/1/914 866/1/866
f 865/1/865 913/1/913 914/1/914
f 866/1/866 915/1/915 867/1/867
f 866/1/866 914/1/914 915/1/915
f 867/1/867 916/1/916 868/1/868
f 867/1/867 915/1/915 916/1/916
f 868/1/868 917/1/917 869/1/869
f 868/1/868 916/1/916 917/1/917
f 869/1/869 918/1/918 870/1/870
f 869/1/869 917/1/917 918/1/918
f 870/1/870 919/1/919 871/1/871
f 870/1/870 918/1/918 919/1/919
f 871/1/871 920/1/920 872/1/872
f 871/1/871 919/1/919 920/1/920
f 872/1/872 921/1/921 873/1/873
f 872/1/872 920/1/920 921/1/921
f 873/1/873 922/1/922 874/1/874
f 873/1/873 921/1/921 922/1/922
f 874/1/874 923/1/923 875/1/875
f 874/1/874 922/1/922 923/1/923
f 875/1/875 924/1/924 876/1/876
f 875/1/875 923/1/923 924/1/924
f 876/1/876 925/1/925 877/1/877
f 876/1/876 924/1/924 925/1/925
f 877/1/877 926/1/926 878/1/878
f 877/1/877 925/1/925 926/1/926
f 878/1/878 927/1/927 879/1/879
f 878/1/878 926/1/926 927/1/927
f 879/1/879 928/1/928 880/1/880
f 879/1/879 927/1/927 928/1/928
f 880/1/880 929/1/929 881/1/881
f 880/1/880 928/1/928 929/1/929
f 881/1/881 930/1/930 882/1/882
f 881/1/881 929/1/929 930/1/930
f 882/1/882 931/1/931 883/1/883
f 882/1/882 930/1/930 931/1/931
f 883/1/883 932/1/932 884/1/884
f 883/1/883 931/1/931 932/1/932
f 884/1/884 933/1/933 885/1/885
f 884/1/884 932/1/932 933/1/933
f 885/1/885 934/1/934 886/1/886
f 885/1/885 933/1/933 934/1/934
f 886/1/886 935/1/935 887/1/887
f 886/1/886 934/1/934 935/1/935
f 887/1/887 936/1/936 888/1/888
f 887/1/887 935/1/935 936/1/936
f 888/1/888 937/1/937 889/1/889
f 888/1/888 936/1/936 937/1/937
f 889/1/889 938/1/938 890/1/890
f 889/1/889 937/1/937 938/1/938
f 890/1/890 939/1/939 891/1/891
f 890/1/890 938/1/938 939/1/939
f 891/1/891 940/1/940 892/1/892
f 891/1/891 939/1/939 940/1/940
f 892/1/892 941/1/941 893/1/893
f 892/1/892 940/1/940 941/1/941
f 893/1/893 942/1/942 894/1/894
f 893/1/893 941/1/941 942/1/942
f 894/1/894 943/1/943 895/1/895
f 894/1/894 942/1/942 943/1/943
f 895/1/895 944/1/944 896/1/896
f 895/1/895 943/1/943 944/1/944
f 896/1/896 945/1/945 897/1/897
f 896/1/896 944/1/944 945/1/945
f 897/1/897 946/1/946 898/1/898
f 897/1/897 945/1/945 946/1/946
f 898/1/898 947/1/947 899/1/899
f 898/1/898 946/1/946 947/1/947
f 899/1/899 948/1/948 900/1/900
f 899/1/899 947/1/947 948/1/948
f 900/1/900 949/1/949 901/1/901
f 900/1/900 948/1/948 949/1/949
f 901/1/901 950/1/950 902/1/902
f 901/1/901 949/1/949 950/1/950
f 902/1/902 951/1/951 903/1/903
f 902/1/902 950/1/950 951/1/951
f 903/1/903 952/1/952 904/1/904
f 903/1/903 951/1/951 952/1/952
f 904/1/904 953/1/953 905/1/905
f 904/1/904 952/1/952 953/1/953
f 905/1/905 954/1/954 906/1/906
f 905/1/905 953/1/953 954/1/954
f 906/1/906 955/1/955 907/1/907
f 906/1/906 954/1/954 955/1/955
f 907/1/907 956/1/956 908/1/908
f 907/1/907 955/1/955 956/1/956
f 908/1/908 957/1/957 909/1/909
f 908/1/908 956/1/956 957/1/957
f 909/1/909 958/1/958 910/1/910
f 909/1/909 957/1/957 958/1/958
f 910/1/910 959/1/959 911/1/911
f 910/1/910 958/1/958 959/1/959
f 911/1/911 960/1/960 912/1/912
f 911/1/911 959/1/959 960/1/960
f 912/1/912 913/1/913 865/1/865
f 912/1/912 960/1/960 913/1/913
f 913/1/913 961/1/961 914/1/914
f 914/1/914 961/1/961 915/1/915
f 915/1/915 961/1/961 916/1/916
f 916/1/916 961/1/961 917/1/917
f 917/1/917 961/1/961 918/1/918
f 918/1/918 961/1/961 919/1/919
f 919/1/919 961/1/961 920/1/920
f 920/1/920 961/1/961 921/1/921
f 921/1/921 961/1/961 922/1/922
f 922/1/922 961/1/961 923/1/923
f 923/1/923 961/1/961 924/1/924
f 924/1/924 961/1/961 925/1/925
f 925/1/925 961/1/961 926/1/926
f 926/1/926 961/1/961 927/1/927
f 927/1/927 961/1/961 928/1/928
f 928/1/928 961/1/961 929/1/929
f 929/1/929 961/1/961 930/1/930
f 930/1/930 961/1/961 931/1/931
f 931/1/931 961/1/961 932/1/932
f 932/1/932 961/1/961 933/1/933
f 933/1/933 961/1/961 934/1/934
f 934/1/934 961/1/961 935/1/935
f 935/1/935 961/1/961 936/1/936
f 936/1/936 961/1/961 937/1/937
f 937/1/937 961/1/961 938/1/938
f 938/1/938 961/1/961 939/1/939
f 939/1/939 961/1/961 940/1/940
f 940/1/940 961/1/961 941/1/941
f 941/1/941 961/1/961 942/1/942
f 942/1/942 961/1/961 943/1/943
f 943/1/943 961/1/961 944/1/944
f 944/1/944 961/1/961 945/1/945
f 945/1/945 961/1/961 946/1/946
f 946/1/946 961/1/961 947/1/947
f 947/1/947 961/1/961 948/1/948
f 948/1/948 961/1/961 949/1/949
f 949/1/949 961/1/961 950/1/950
f 950/1/950 961/1/961 951/1/951
f 951/1/951 961/1/961 952/1/952
f 952/1/952 961/1/961 953/1/953
f 953/1/953 961/1/961 954/1/954
f 954/1/954 961/1/961 955/1/955
f 955/1/955 961/1/961 956/1/956
f 956/1/956 961/1/961 957/1/957
f 957/1/957 961/1/961 958/1/958
f 958/1/958 961/1/961 959/1/959
f 959/1/959 961/1/961 960/1/960
f 960/1/960 961/1/961 913/1/913
f 1/1/962 2/1/962 962/1/962
f 2/1/962 3/1/962 962/1/962
f 3/1/962 4/1/962 962/1/962
f 4/1/962 5/1/962 962/1/962
f 5/1/962 6/1/962 962/1/962
f 6/1/962 7/1/962 962/1/962
f 7/1/962 8/1/962 962/1/962
f 8/1/962 9/1/962 962/1/962
f 9/1/962 10/1/962 962/1/962
f 10/1/962 11/1/962 962/1/962
f 11/1/962 12/1/962 962/1/962
f 12/1/962 13/1/962 962/1/962
f 13/1/962 14/1/962 962/1/962
f 14/1/962 15/1/962 962/1/962
f 15/1/962 16/1/962 962/1/962
f 16/1/962 17/1/962 962/1/962
f 17/1/962 18/1/962 962/1/962
f 18/1/962 19/1/962 962/1/962
f 19/1/962 20/1/962 962/1/962
f 20/1/962 21/1/962 962/1/962
f 21/1/962 22/1/962 962/1/962
f 22/1/962 23/1/962 962/1/962
f 23/1/962 24/1/962 962/1/962
f 24/1/962 25/1/962 962/1/962
f 25/1/962 26/1/962 962/1/962
f 26/1/962 27/1/962 962/1/962
f 27/1/962 28/1/962 962/1/962
f 28/1/962 29/1/962 962/1/962
f 29/1/962 30/1/962 962/1/962
f 30/1/962 31/1/962 962/1/962
f 31/1/962 32/1/962 962/1/962
f 32/1/962 33/1/962 962/1/962
f 33/1/962 34/1/962 962/1/962
f 34/1/962 35/1/962 962/1/962
f 35/1/962 36/1/962 962/1/962
f 36/1/962 37/1/962 962/1/962
f 37/1/962 38/1/962 962/1/962
f 38/1/962 39/1/962 962/1/962
f 39/1/962 40/1/962 962/1/962
f 40/1/962 41/1/962 962/1/962
f 41/1/962 42/1/962 962/1/962
f 42/1/962 43/1/962 962/1/962
f 43/1/962 44/1/962 962/1/962
f 44/1/962 45/1/962 962/1/962
f 45/1/962 46/1/962 962/1/962
f 46/1/962 47/1/962 962/1/962
f 47/1/962 48/1/962 962/1/962
f 48/1/962 1/1/962 962/1/962
