# Y-up, meters; smooth background hill
mtllib hills.mtl
o hill_tall
v 3.000000 0.000000 0.000000
v 2.974335 0.000000 0.287158
v 2.897777 0.000000 0.569402
v 2.771639 0.000000 0.841904
v 2.598076 0.000000 1.100000
v 2.380060 0.000000 1.339275
v 2.121320 0.000000 1.555635
v 1.826284 0.000000 1.745377
v 1.500000 0.000000 1.905256
v 1.148050 0.000000 2.032535
v 0.776457 0.000000 2.125037
v 0.391579 0.000000 2.181179
v 0.000000 0.000000 2.200000
v -0.391579 0.000000 2.181179
v -0.776457 0.000000 2.125037
v -1.148050 0.000000 2.032535
v -1.500000 0.000000 1.905256
v -1.826284 0.000000 1.745377
v -2.121320 0.000000 1.555635
v -2.380060 0.000000 1.339275
v -2.598076 0.000000 1.100000
v -2.771639 0.000000 0.841904
v -2.897777 0.000000 0.569402
v -2.974335 0.000000 0.287158
v -3.000000 0.000000 0.000000
v -2.974335 0.000000 -0.287158
v -2.897777 0.000000 -0.569402
v -2.771639 0.000000 -0.841904
v -2.598076 0.000000 -1.100000
v -2.380060 0.000000 -1.339275
v -2.121320 0.000000 -1.555635
v -1.826284 0.000000 -1.745377
v -1.500000 0.000000 -1.905256
v -1.148050 0.000000 -2.032535
v -0.776457 0.000000 -2.125037
v -0.391579 0.000000 -2.181179
v -0.000000 0.000000 -2.200000
v 0.391579 0.000000 -2.181179
v 0.776457 0.000000 -2.125037
v 1.148050 0.000000 -2.032535
v 1.500000 0.000000 -1.905256
v 1.826284 0.000000 -1.745377
v 2.121320 0.000000 -1.555635
v 2.380060 0.000000 -1.339275
v 2.598076 0.000000 -1.100000
v 2.771639 0.000000 -0.841904
v 2.897777 0.000000 -0.569402
v 2.974335 0.000000 -0.287158
v 2.993522 0.243223 0.000000
v 2.967936 0.243223 0.286272
v 2.891615 0.243223 0.567647
v 2.765865 0.243223 0.839308
v 2.592837 0.243223 1.096609
v 2.375493 0.243223 1.335147
v 2.117551 0.243223 1.550839
v 1.823425 0.243223 1.739997
v 1.498146 0.243223 1.899383
v 1.147281 0.243223 2.026269
v 0.776834 0.243223 2.118486
v 0.393142 0.243223 2.174455
v 0.002770 0.243223 2.193218
v -0.387601 0.243223 2.174455
v -0.771293 0.243223 2.118486
v -1.141741 0.243223 2.026269
v -1.492606 0.243223 1.899383
v -1.817884 0.243223 1.739997
v -2.112011 0.243223 1.550839
v -2.369953 0.243223 1.335147
v -2.587297 0.243223 1.096609
v -2.760324 0.243223 0.839308
v -2.886074 0.243223 0.567647
v -2.962396 0.243223 0.286272
v -2.987982 0.243223 0.000000
v -2.962396 0.243223 -0.286272
v -2.886074 0.243223 -0.567647
v -2.760324 0.243223 -0.839308
v -2.587297 0.243223 -1.096609
v -2.369953 0.243223 -1.335147
v -2.112011 0.243223 -1.550839
v -1.817884 0.243223 -1.739997
v -1.492606 0.243223 -1.899383
v -1.141741 0.243223 -2.026269
v -0.771293 0.243223 -2.118486
v -0.387601 0.243223 -2.174455
v 0.002770 0.243223 -2.193218
v 0.393142 0.243223 -2.174455
v 0.776834 0.243223 -2.118486
v 1.147281 0.243223 -2.026269
v 1.498146 0.243223 -1.899383
v 1.823425 0.243223 -1.739997
v 2.117551 0.243223 -1.550839
v 2.375493 0.243223 -1.335147
v 2.592837 0.243223 -1.096609
v 2.765865 0.243223 -0.839308
v 2.891615 0.243223 -0.567647
v 2.967936 0.243223 -0.286272
v 2.974077 0.484947 0.000000
v 2.948728 0.484947 0.283622
v 2.873113 0.484947 0.562392
v 2.748527 0.484947 0.831538
v 2.577102 0.484947 1.086457
v 2.361770 0.484947 1.322786
v 2.106216 0.484947 1.536482
v 1.814812 0.484947 1.723889
v 1.492545 0.484947 1.881799
v 1.144928 0.484947 2.007511
v 0.777910 0.484947 2.098874
v 0.397770 0.484947 2.154325
v 0.011012 0.484947 2.172914
v -0.375745 0.484947 2.154325
v -0.755885 0.484947 2.098874
v -1.122904 0.484947 2.007511
v -1.470520 0.484947 1.881799
v -1.792787 0.484947 1.723889
v -2.084191 0.484947 1.536482
v -2.339745 0.484947 1.322786
v -2.555077 0.484947 1.086457
v -2.726503 0.484947 0.831538
v -2.851089 0.484947 0.562392
v -2.926703 0.484947 0.283622
v -2.952053 0.484947 0.000000
v -2.926703 0.484947 -0.283622
v -2.851089 0.484947 -0.562392
v -2.726503 0.484947 -0.831538
v -2.555077 0.484947 -1.086457
v -2.339745 0.484947 -1.322786
v -2.084191 0.484947 -1.536482
v -1.792787 0.484947 -1.723889
v -1.470520 0.484947 -1.881799
v -1.122904 0.484947 -2.007511
v -0.755885 0.484947 -2.098874
v -0.375745 0.484947 -2.154325
v 0.011012 0.484947 -2.172914
v 0.397770 0.484947 -2.154325
v 0.777910 0.484947 -2.098874
v 1.144928 0.484947 -2.007511
v 1.492545 0.484947 -1.881799
v 1.814812 0.484947 -1.723889
v 2.106216 0.484947 -1.536482
v 2.361770 0.484947 -1.322786
v 2.577102 0.484947 -1.086457
v 2.748527 0.484947 -0.831538
v 2.873113 0.484947 -0.562392
v 2.948728 0.484947 -0.283622
v 2.941633 0.723681 0.000000
v 2.916677 0.723681 0.279223
v 2.842235 0.723681 0.553669
v 2.719582 0.723681 0.818642
v 2.550815 0.723681 1.069607
v 2.338822 0.723681 1.302271
v 2.087232 0.723681 1.512653
v 1.800347 0.723681 1.697152
v 1.483078 0.723681 1.852614
v 1.140853 0.723681 1.976376
v 0.779527 0.723681 2.066322
v 0.405283 0.723681 2.120913
v 0.024524 0.723681 2.139214
v -0.356236 0.723681 2.120913
v -0.730480 0.723681 2.066322
v -1.091806 0.723681 1.976376
v -1.434031 0.723681 1.852614
v -1.751300 0.723681 1.697152
v -2.038185 0.723681 1.512653
v -2.289775 0.723681 1.302271
v -2.501768 0.723681 1.069607
v -2.670534 0.723681 0.818642
v -2.793188 0.723681 0.553669
v -2.867630 0.723681 0.279223
v -2.892586 0.723681 0.000000
v -2.867630 0.723681 -0.279223
v -2.793188 0.723681 -0.553669
v -2.670534 0.723681 -0.818642
v -2.501768 0.723681 -1.069607
v -2.289775 0.723681 -1.302271
v -2.038185 0.723681 -1.512653
v -1.751300 0.723681 -1.697152
v -1.434031 0.723681 -1.852614
v -1.091806 0.723681 -1.976376
v -0.730480 0.723681 -2.066322
v -0.356236 0.723681 -2.120913
v 0.024524 0.723681 -2.139214
v 0.405283 0.723681 -2.120913
v 0.779527 0.723681 -2.066322
v 1.140853 0.723681 -1.976376
v 1.483078 0.723681 -1.852614
v 1.800347 0.723681 -1.697152
v 2.087232 0.723681 -1.512653
v 2.338822 0.723681 -1.302271
v 2.550815 0.723681 -1.069607
v 2.719582 0.723681 -0.818642
v 2.842235 0.723681 -0.553669
v 2.916677 0.723681 -0.279223
v 2.896141 0.957953 0.000000
v 2.871731 0.957953 0.273103
v 2.798921 0.957953 0.541533
v 2.678956 0.957953 0.800698
v 2.513888 0.957953 1.046162
v 2.306543 0.957953 1.273726
v 2.060467 0.957953 1.479497
v 1.779871 0.957953 1.659953
v 1.469556 0.957953 1.812006
v 1.134832 0.957953 1.933056
v 0.781426 0.957953 2.021030
v 0.415385 0.957953 2.074424
v 0.042971 0.957953 2.092324
v -0.329442 0.957953 2.074424
v -0.695483 0.957953 2.021030
v -1.048890 0.957953 1.933056
v -1.383614 0.957953 1.812006
v -1.693928 0.957953 1.659953
v -1.974524 0.957953 1.479497
v -2.220600 0.957953 1.273726
v -2.427946 0.957953 1.046162
v -2.593014 0.957953 0.800698
v -2.712979 0.957953 0.541533
v -2.785789 0.957953 0.273103
v -2.810198 0.957953 0.000000
v -2.785789 0.957953 -0.273103
v -2.712979 0.957953 -0.541533
v -2.593014 0.957953 -0.800698
v -2.427946 0.957953 -1.046162
v -2.220600 0.957953 -1.273726
v -1.974524 0.957953 -1.479497
v -1.693928 0.957953 -1.659953
v -1.383614 0.957953 -1.812006
v -1.048890 0.957953 -1.933056
v -0.695483 0.957953 -2.021030
v -0.329442 0.957953 -2.074424
v 0.042971 0.957953 -2.092324
v 0.415385 0.957953 -2.074424
v 0.781426 0.957953 -2.021030
v 1.134832 0.957953 -1.933056
v 1.469556 0.957953 -1.812006
v 1.779871 0.957953 -1.659953
v 2.060467 0.957953 -1.479497
v 2.306543 0.957953 -1.273726
v 2.513888 0.957953 -1.046162
v 2.678956 0.957953 -0.800698
v 2.798921 0.957953 -0.541533
v 2.871731 0.957953 -0.273103
v 2.837540 1.186319 0.000000
v 2.813828 1.186319 0.265299
v 2.743098 1.186319 0.526059
v 2.626561 1.186319 0.777817
v 2.466210 1.186319 1.016267
v 2.264790 1.186319 1.237329
v 2.025745 1.186319 1.437219
v 1.753168 1.186319 1.612518
v 1.451720 1.186319 1.760227
v 1.126561 1.186319 1.877817
v 0.783254 1.186319 1.963278
v 0.427672 1.186319 2.015146
v 0.065901 1.186319 2.032535
v -0.295870 1.186319 2.015146
v -0.651452 1.186319 1.963278
v -0.994759 1.186319 1.877817
v -1.319918 1.186319 1.760227
v -1.621366 1.186319 1.612518
v -1.893943 1.186319 1.437219
v -2.132988 1.186319 1.237329
v -2.334408 1.186319 1.016267
v -2.494759 1.186319 0.777817
v -2.611296 1.186319 0.526059
v -2.682026 1.186319 0.265299
v -2.705738 1.186319 0.000000
v -2.682026 1.186319 -0.265299
v -2.611296 1.186319 -0.526059
v -2.494759 1.186319 -0.777817
v -2.334408 1.186319 -1.016267
v -2.132988 1.186319 -1.237329
v -1.893943 1.186319 -1.437219
v -1.621366 1.186319 -1.612518
v -1.319918 1.186319 -1.760227
v -0.994759 1.186319 -1.877817
v -0.651452 1.186319 -1.963278
v -0.295870 1.186319 -2.015146
v 0.065901 1.186319 -2.032535
v 0.427672 1.186319 -2.015146
v 0.783254 1.186319 -1.963278
v 1.126561 1.186319 -1.877817
v 1.451720 1.186319 -1.760227
v 1.753168 1.186319 -1.612518
v 2.025745 1.186319 -1.437219
v 2.264790 1.186319 -1.237329
v 2.466210 1.186319 -1.016267
v 2.626561 1.186319 -0.777817
v 2.743098 1.186319 -0.526059
v 2.813828 1.186319 -0.265299
v 2.765768 1.407371 0.000000
v 2.742900 1.407371 0.255859
v 2.674687 1.407371 0.507341
v 2.562296 1.407371 0.750142
v 2.407651 1.407371 0.980107
v 2.213397 1.407371 1.193303
v 1.982859 1.407371 1.386081
v 1.719980 1.407371 1.555143
v 1.429258 1.407371 1.697595
v 1.115669 1.407371 1.811002
v 0.784577 1.407371 1.893422
v 0.441647 1.407371 1.943444
v 0.092748 1.407371 1.960214
v -0.256151 1.407371 1.943444
v -0.599080 1.407371 1.893422
v -0.930172 1.407371 1.811002
v -1.243761 1.407371 1.697595
v -1.534483 1.407371 1.555143
v -1.797362 1.407371 1.386081
v -2.027901 1.407371 1.193303
v -2.222155 1.407371 0.980107
v -2.376800 1.407371 0.750142
v -2.489190 1.407371 0.507341
v -2.557403 1.407371 0.255859
v -2.580271 1.407371 0.000000
v -2.557403 1.407371 -0.255859
v -2.489190 1.407371 -0.507341
v -2.376800 1.407371 -0.750142
v -2.222155 1.407371 -0.980107
v -2.027901 1.407371 -1.193303
v -1.797362 1.407371 -1.386081
v -1.534483 1.407371 -1.555143
v -1.243761 1.407371 -1.697595
v -0.930172 1.407371 -1.811002
v -0.599080 1.407371 -1.893422
v -0.256151 1.407371 -1.943444
v 0.092748 1.407371 -1.960214
v 0.441647 1.407371 -1.943444
v 0.784577 1.407371 -1.893422
v 1.115669 1.407371 -1.811002
v 1.429258 1.407371 -1.697595
v 1.719980 1.407371 -1.555143
v 1.982859 1.407371 -1.386081
v 2.213397 1.407371 -1.193303
v 2.407651 1.407371 -0.980107
v 2.562296 1.407371 -0.750142
v 2.674687 1.407371 -0.507341
v 2.742900 1.407371 -0.255859
v 2.680773 1.619746 0.000000
v 2.658889 1.619746 0.244842
v 2.593614 1.619746 0.485495
v 2.486063 1.619746 0.717841
v 2.338076 1.619746 0.937904
v 2.152187 1.619746 1.141920
v 1.931575 1.619746 1.326397
v 1.680015 1.619746 1.488179
v 1.401812 1.619746 1.624498
v 1.101726 1.619746 1.733021
v 0.784891 1.619746 1.811892
v 0.456728 1.619746 1.859761
v 0.122852 1.619746 1.875808
v -0.211023 1.619746 1.859761
v -0.539186 1.619746 1.811892
v -0.856022 1.619746 1.733021
v -1.156108 1.619746 1.624498
v -1.434311 1.619746 1.488179
v -1.685871 1.619746 1.326397
v -1.906483 1.619746 1.141920
v -2.092372 1.619746 0.937904
v -2.240358 1.619746 0.717841
v -2.347909 1.619746 0.485495
v -2.413185 1.619746 0.244842
v -2.435068 1.619746 0.000000
v -2.413185 1.619746 -0.244842
v -2.347909 1.619746 -0.485495
v -2.240358 1.619746 -0.717841
v -2.092372 1.619746 -0.937904
v -1.906483 1.619746 -1.141920
v -1.685871 1.619746 -1.326397
v -1.434311 1.619746 -1.488179
v -1.156108 1.619746 -1.624498
v -0.856022 1.619746 -1.733021
v -0.539186 1.619746 -1.811892
v -0.211023 1.619746 -1.859761
v 0.122852 1.619746 -1.875808
v 0.456728 1.619746 -1.859761
v 0.784891 1.619746 -1.811892
v 1.101726 1.619746 -1.733021
v 1.401812 1.619746 -1.624498
v 1.680015 1.619746 -1.488179
v 1.931575 1.619746 -1.326397
v 2.152187 1.619746 -1.141920
v 2.338076 1.619746 -0.937904
v 2.486063 1.619746 -0.717841
v 2.593614 1.619746 -0.485495
v 2.658889 1.619746 -0.244842
v 2.582522 1.822134 0.000000
v 2.561758 1.822134 0.232315
v 2.499822 1.822134 0.460656
v 2.397774 1.822134 0.681114
v 2.257359 1.822134 0.889919
v 2.080980 1.822134 1.083496
v 1.871655 1.822134 1.258535
v 1.632966 1.822134 1.412040
v 1.368997 1.822134 1.541384
v 1.084263 1.822134 1.644355
v 0.783638 1.822134 1.719191
v 0.472265 1.822134 1.764611
v 0.155471 1.822134 1.779837
v -0.161323 1.822134 1.764611
v -0.472696 1.822134 1.719191
v -0.773321 1.822134 1.644355
v -1.058054 1.822134 1.541384
v -1.322024 1.822134 1.412040
v -1.560713 1.822134 1.258535
v -1.770038 1.822134 1.083496
v -1.946417 1.822134 0.889919
v -2.086832 1.822134 0.681114
v -2.188880 1.822134 0.460656
v -2.250816 1.822134 0.232315
v -2.271580 1.822134 0.000000
v -2.250816 1.822134 -0.232315
v -2.188880 1.822134 -0.460656
v -2.086832 1.822134 -0.681114
v -1.946417 1.822134 -0.889919
v -1.770038 1.822134 -1.083496
v -1.560713 1.822134 -1.258535
v -1.322024 1.822134 -1.412040
v -1.058054 1.822134 -1.541384
v -0.773321 1.822134 -1.644355
v -0.472696 1.822134 -1.719191
v -0.161323 1.822134 -1.764611
v 0.155471 1.822134 -1.779837
v 0.472265 1.822134 -1.764611
v 0.783638 1.822134 -1.719191
v 1.084263 1.822134 -1.644355
v 1.368997 1.822134 -1.541384
v 1.632966 1.822134 -1.412040
v 1.871655 1.822134 -1.258535
v 2.080980 1.822134 -1.083496
v 2.257359 1.822134 -0.889919
v 2.397774 1.822134 -0.681114
v 2.499822 1.822134 -0.460656
v 2.561758 1.822134 -0.232315
v 2.471020 2.013289 0.000000
v 2.451504 2.013289 0.218356
v 2.393290 2.013289 0.432977
v 2.297373 2.013289 0.640188
v 2.165395 2.013289 0.836447
v 1.999614 2.013289 1.018393
v 1.802867 2.013289 1.182914
v 1.578520 2.013289 1.327195
v 1.330411 2.013289 1.448768
v 1.062787 2.013289 1.545552
v 0.780225 2.013289 1.615891
v 0.487561 2.013289 1.658581
v 0.189802 2.013289 1.672893
v -0.107956 2.013289 1.658581
v -0.400620 2.013289 1.615891
v -0.683182 2.013289 1.545552
v -0.950807 2.013289 1.448768
v -1.198915 2.013289 1.327195
v -1.423262 2.013289 1.182914
v -1.620010 2.013289 1.018393
v -1.785790 2.013289 0.836447
v -1.917768 2.013289 0.640188
v -2.013685 2.013289 0.432977
v -2.071900 2.013289 0.218356
v -2.091416 2.013289 0.000000
v -2.071900 2.013289 -0.218356
v -2.013685 2.013289 -0.432977
v -1.917768 2.013289 -0.640188
v -1.785790 2.013289 -0.836447
v -1.620010 2.013289 -1.018393
v -1.423262 2.013289 -1.182914
v -1.198915 2.013289 -1.327195
v -0.950807 2.013289 -1.448768
v -0.683182 2.013289 -1.545552
v -0.400620 2.013289 -1.615891
v -0.107956 2.013289 -1.658581
v 0.189802 2.013289 -1.672893
v 0.487561 2.013289 -1.658581
v 0.780225 2.013289 -1.615891
v 1.062787 2.013289 -1.545552
v 1.330411 2.013289 -1.448768
v 1.578520 2.013289 -1.327195
v 1.802867 2.013289 -1.182914
v 1.999614 2.013289 -1.018393
v 2.165395 2.013289 -0.836447
v 2.297373 2.013289 -0.640188
v 2.393290 2.013289 -0.432977
v 2.451504 2.013289 -0.218356
v 2.346320 2.192031 0.000000
v 2.328172 2.192031 0.203051
v 2.274038 2.192031 0.402628
v 2.184844 2.192031 0.595316
v 2.062117 2.192031 0.777817
v 1.907957 2.192031 0.947011
v 1.725000 2.192031 1.100000
v 1.516378 2.192031 1.234168
v 1.285660 2.192031 1.347219
v 1.036794 2.192031 1.437219
v 0.774038 2.192031 1.502628
v 0.501888 2.192031 1.542326
v 0.225000 2.192031 1.555635
v -0.051888 2.192031 1.542326
v -0.324038 2.192031 1.502628
v -0.586794 2.192031 1.437219
v -0.835660 2.192031 1.347219
v -1.066378 2.192031 1.234168
v -1.275000 2.192031 1.100000
v -1.457957 2.192031 0.947011
v -1.612117 2.192031 0.777817
v -1.734844 2.192031 0.595316
v -1.824038 2.192031 0.402628
v -1.878172 2.192031 0.203051
v -1.896320 2.192031 0.000000
v -1.878172 2.192031 -0.203051
v -1.824038 2.192031 -0.402628
v -1.734844 2.192031 -0.595316
v -1.612117 2.192031 -0.777817
v -1.457957 2.192031 -0.947011
v -1.275000 2.192031 -1.100000
v -1.066378 2.192031 -1.234168
v -0.835660 2.192031 -1.347219
v -0.586794 2.192031 -1.437219
v -0.324038 2.192031 -1.502628
v -0.051888 2.192031 -1.542326
v 0.225000 2.192031 -1.555635
v 0.501888 2.192031 -1.542326
v 0.774038 2.192031 -1.502628
v 1.036794 2.192031 -1.437219
v 1.285660 2.192031 -1.347219
v 1.516378 2.192031 -1.234168
v 1.725000 2.192031 -1.100000
v 1.907957 2.192031 -0.947011
v 2.062117 2.192031 -0.777817
v 2.184844 2.192031 -0.595316
v 2.274038 2.192031 -0.402628
v 2.328172 2.192031 -0.203051
v 2.208542 2.357258 0.000000
v 2.191874 2.357258 0.186494
v 2.142154 2.357258 0.369797
v 2.060233 2.357258 0.546773
v 1.947513 2.357258 0.714393
v 1.805923 2.357258 0.869790
v 1.637885 2.357258 1.010304
v 1.446275 2.357258 1.133532
v 1.234370 2.357258 1.237365
v 1.005797 2.357258 1.320026
v 0.764466 2.357258 1.380101
v 0.514508 2.357258 1.416562
v 0.260198 2.357258 1.428786
v 0.005888 2.357258 1.416562
v -0.244071 2.357258 1.380101
v -0.485401 2.357258 1.320026
v -0.713974 2.357258 1.237365
v -0.925879 2.357258 1.133532
v -1.117490 2.357258 1.010304
v -1.285528 2.357258 0.869790
v -1.427118 2.357258 0.714393
v -1.539838 2.357258 0.546773
v -1.621758 2.357258 0.369797
v -1.671478 2.357258 0.186494
v -1.688146 2.357258 0.000000
v -1.671478 2.357258 -0.186494
v -1.621758 2.357258 -0.369797
v -1.539838 2.357258 -0.546773
v -1.427118 2.357258 -0.714393
v -1.285528 2.357258 -0.869790
v -1.117490 2.357258 -1.010304
v -0.925879 2.357258 -1.133532
v -0.713974 2.357258 -1.237365
v -0.485401 2.357258 -1.320026
v -0.244071 2.357258 -1.380101
v 0.005888 2.357258 -1.416562
v 0.260198 2.357258 -1.428786
v 0.514508 2.357258 -1.416562
v 0.764466 2.357258 -1.380101
v 1.005797 2.357258 -1.320026
v 1.234370 2.357258 -1.237365
v 1.446275 2.357258 -1.133532
v 1.637885 2.357258 -1.010304
v 1.805923 2.357258 -0.869790
v 1.947513 2.357258 -0.714393
v 2.060233 2.357258 -0.546773
v 2.142154 2.357258 -0.369797
v 2.191874 2.357258 -0.186494
v 2.057885 2.507953 0.000000
v 2.042799 2.507953 0.168787
v 1.997800 2.507953 0.334686
v 1.923657 2.507953 0.494858
v 1.821640 2.507953 0.646564
v 1.693493 2.507953 0.787206
v 1.541410 2.507953 0.914379
v 1.367992 2.507953 1.025907
v 1.176207 2.507953 1.119881
v 0.969336 2.507953 1.194694
v 0.750919 2.507953 1.249065
v 0.524693 2.507953 1.282065
v 0.294529 2.507953 1.293128
v 0.064365 2.507953 1.282065
v -0.161861 2.507953 1.249065
v -0.380278 2.507953 1.194694
v -0.587149 2.507953 1.119881
v -0.778934 2.507953 1.025907
v -0.952352 2.507953 0.914379
v -1.104435 2.507953 0.787206
v -1.232582 2.507953 0.646564
v -1.334599 2.507953 0.494858
v -1.408742 2.507953 0.334686
v -1.453741 2.507953 0.168787
v -1.468827 2.507953 0.000000
v -1.453741 2.507953 -0.168787
v -1.408742 2.507953 -0.334686
v -1.334599 2.507953 -0.494858
v -1.232582 2.507953 -0.646564
v -1.104435 2.507953 -0.787206
v -0.952352 2.507953 -0.914379
v -0.778934 2.507953 -1.025907
v -0.587149 2.507953 -1.119881
v -0.380278 2.507953 -1.194694
v -0.161861 2.507953 -1.249065
v 0.064365 2.507953 -1.282065
v 0.294529 2.507953 -1.293128
v 0.524693 2.507953 -1.282065
v 0.750919 2.507953 -1.249065
v 0.969336 2.507953 -1.194694
v 1.176207 2.507953 -1.119881
v 1.367992 2.507953 -1.025907
v 1.541410 2.507953 -0.914379
v 1.693493 2.507953 -0.787206
v 1.821640 2.507953 -0.646564
v 1.923657 2.507953 -0.494858
v 1.997800 2.507953 -0.334686
v 2.042799 2.507953 -0.168787
v 1.894644 2.643185 0.000000
v 1.881233 2.643185 0.150039
v 1.841232 2.643185 0.297512
v 1.775325 2.643185 0.439893
v 1.684639 2.643185 0.574748
v 1.570726 2.643185 0.699769
v 1.435535 2.643185 0.812817
v 1.281379 2.643185 0.911957
v 1.110896 2.643185 0.995493
v 0.927002 2.643185 1.061997
v 0.732846 2.643185 1.110329
v 0.531747 2.643185 1.139663
v 0.327148 2.643185 1.149497
v 0.122549 2.643185 1.139663
v -0.078550 2.643185 1.110329
v -0.272707 2.643185 1.061997
v -0.456600 2.643185 0.995493
v -0.627083 2.643185 0.911957
v -0.781239 2.643185 0.812817
v -0.916430 2.643185 0.699769
v -1.030343 2.643185 0.574748
v -1.121029 2.643185 0.439893
v -1.186937 2.643185 0.297512
v -1.226938 2.643185 0.150039
v -1.240348 2.643185 0.000000
v -1.226938 2.643185 -0.150039
v -1.186937 2.643185 -0.297512
v -1.121029 2.643185 -0.439893
v -1.030343 2.643185 -0.574748
v -0.916430 2.643185 -0.699769
v -0.781239 2.643185 -0.812817
v -0.627083 2.643185 -0.911957
v -0.456600 2.643185 -0.995493
v -0.272707 2.643185 -1.061997
v -0.078550 2.643185 -1.110329
v 0.122549 2.643185 -1.139663
v 0.327148 2.643185 -1.149497
v 0.531747 2.643185 -1.139663
v 0.732846 2.643185 -1.110329
v 0.927002 2.643185 -1.061997
v 1.110896 2.643185 -0.995493
v 1.281379 2.643185 -0.911957
v 1.435535 2.643185 -0.812817
v 1.570726 2.643185 -0.699769
v 1.684639 2.643185 -0.574748
v 1.775325 2.643185 -0.439893
v 1.841232 2.643185 -0.297512
v 1.881233 2.643185 -0.150039
v 1.719223 2.762120 0.000000
v 1.707571 2.762120 0.130367
v 1.672815 2.762120 0.258503
v 1.615549 2.762120 0.382216
v 1.536754 2.762120 0.499390
v 1.437776 2.762120 0.608018
v 1.320311 2.762120 0.706243
v 1.186367 2.762120 0.792385
v 1.038237 2.762120 0.864968
v 0.878456 2.762120 0.922752
v 0.709756 2.762120 0.964747
v 0.535025 2.762120 0.990234
v 0.357252 2.762120 0.998779
v 0.179479 2.762120 0.990234
v 0.004748 2.762120 0.964747
v -0.163952 2.762120 0.922752
v -0.323734 2.762120 0.864968
v -0.471864 2.762120 0.792385
v -0.605808 2.762120 0.706243
v -0.723273 2.762120 0.608018
v -0.822250 2.762120 0.499390
v -0.901046 2.762120 0.382216
v -0.958312 2.762120 0.258503
v -0.993068 2.762120 0.130367
v -1.004720 2.762120 0.000000
v -0.993068 2.762120 -0.130367
v -0.958312 2.762120 -0.258503
v -0.901046 2.762120 -0.382216
v -0.822250 2.762120 -0.499390
v -0.723273 2.762120 -0.608018
v -0.605808 2.762120 -0.706243
v -0.471864 2.762120 -0.792385
v -0.323734 2.762120 -0.864968
v -0.163952 2.762120 -0.922752
v 0.004748 2.762120 -0.964747
v 0.179479 2.762120 -0.990234
v 0.357252 2.762120 -0.998779
v 0.535025 2.762120 -0.990234
v 0.709756 2.762120 -0.964747
v 0.878456 2.762120 -0.922752
v 1.038237 2.762120 -0.864968
v 1.186367 2.762120 -0.792385
v 1.320311 2.762120 -0.706243
v 1.437776 2.762120 -0.608018
v 1.536754 2.762120 -0.499390
v 1.615549 2.762120 -0.382216
v 1.672815 2.762120 -0.258503
v 1.707571 2.762120 -0.130367
v 1.532149 2.864027 0.000000
v 1.522328 2.864027 0.109890
v 1.493030 2.864027 0.217901
v 1.444759 2.864027 0.322183
v 1.378340 2.864027 0.420952
v 1.294909 2.864027 0.512518
v 1.195893 2.864027 0.595316
v 1.082988 2.864027 0.667927
v 0.958124 2.864027 0.729110
v 0.823439 2.864027 0.777817
v 0.681236 2.864027 0.813216
v 0.533950 2.864027 0.834701
v 0.384099 2.864027 0.841904
v 0.234248 2.864027 0.834701
v 0.086962 2.864027 0.813216
v -0.055241 2.864027 0.777817
v -0.189926 2.864027 0.729110
v -0.314790 2.864027 0.667927
v -0.427695 2.864027 0.595316
v -0.526711 2.864027 0.512518
v -0.610142 2.864027 0.420952
v -0.676561 2.864027 0.322183
v -0.724832 2.864027 0.217901
v -0.754130 2.864027 0.109890
v -0.763951 2.864027 0.000000
v -0.754130 2.864027 -0.109890
v -0.724832 2.864027 -0.217901
v -0.676561 2.864027 -0.322183
v -0.610142 2.864027 -0.420952
v -0.526711 2.864027 -0.512518
v -0.427695 2.864027 -0.595316
v -0.314790 2.864027 -0.667927
v -0.189926 2.864027 -0.729110
v -0.055241 2.864027 -0.777817
v 0.086962 2.864027 -0.813216
v 0.234248 2.864027 -0.834701
v 0.384099 2.864027 -0.841904
v 0.533950 2.864027 -0.834701
v 0.681236 2.864027 -0.813216
v 0.823439 2.864027 -0.777817
v 0.958124 2.864027 -0.729110
v 1.082988 2.864027 -0.667927
v 1.195893 2.864027 -0.595316
v 1.294909 2.864027 -0.512518
v 1.378340 2.864027 -0.420952
v 1.444759 2.864027 -0.322183
v 1.493030 2.864027 -0.217901
v 1.522328 2.864027 -0.109890
v 1.334080 2.948275 0.000000
v 1.326149 2.948275 0.088737
v 1.302491 2.948275 0.175955
v 1.263512 2.948275 0.260163
v 1.209879 2.948275 0.339919
v 1.142508 2.948275 0.413859
v 1.062553 2.948275 0.480718
v 0.971382 2.948275 0.539351
v 0.870554 2.948275 0.588756
v 0.761796 2.948275 0.628088
v 0.646967 2.948275 0.656672
v 0.528033 2.948275 0.674021
v 0.407029 2.948275 0.679837
v 0.286024 2.948275 0.674021
v 0.167090 2.948275 0.656672
v 0.052262 2.948275 0.628088
v -0.056497 2.948275 0.588756
v -0.157324 2.948275 0.539351
v -0.248495 2.948275 0.480718
v -0.328450 2.948275 0.413859
v -0.395821 2.948275 0.339919
v -0.449455 2.948275 0.260163
v -0.488434 2.948275 0.175955
v -0.512091 2.948275 0.088737
v -0.520022 2.948275 0.000000
v -0.512091 2.948275 -0.088737
v -0.488434 2.948275 -0.175955
v -0.449455 2.948275 -0.260163
v -0.395821 2.948275 -0.339919
v -0.328450 2.948275 -0.413859
v -0.248495 2.948275 -0.480718
v -0.157324 2.948275 -0.539351
v -0.056497 2.948275 -0.588756
v 0.052262 2.948275 -0.628088
v 0.167090 2.948275 -0.656672
v 0.286024 2.948275 -0.674021
v 0.407029 2.948275 -0.679837
v 0.528033 2.948275 -0.674021
v 0.646967 2.948275 -0.656672
v 0.761796 2.948275 -0.628088
v 0.870554 2.948275 -0.588756
v 0.971382 2.948275 -0.539351
v 1.062553 2.948275 -0.480718
v 1.142508 2.948275 -0.413859
v 1.209879 2.948275 -0.339919
v 1.263512 2.948275 -0.260163
v 1.302491 2.948275 -0.175955
v 1.326149 2.948275 -0.088737
v 1.125813 3.014347 0.000000
v 1.119821 3.014347 0.067036
v 1.101949 3.014347 0.132924
v 1.072503 3.014347 0.196538
v 1.031985 3.014347 0.256790
v 0.981090 3.014347 0.312648
v 0.920689 3.014347 0.363156
v 0.851814 3.014347 0.407450
v 0.775645 3.014347 0.444773
v 0.693483 3.014347 0.474486
v 0.606737 3.014347 0.496080
v 0.516889 3.014347 0.509186
v 0.425476 3.014347 0.513580
v 0.334064 3.014347 0.509186
v 0.244216 3.014347 0.496080
v 0.157469 3.014347 0.474486
v 0.075308 3.014347 0.444773
v -0.000861 3.014347 0.407450
v -0.069736 3.014347 0.363156
v -0.130138 3.014347 0.312648
v -0.181032 3.014347 0.256790
v -0.221550 3.014347 0.196538
v -0.250996 3.014347 0.132924
v -0.268868 3.014347 0.067036
v -0.274860 3.014347 0.000000
v -0.268868 3.014347 -0.067036
v -0.250996 3.014347 -0.132924
v -0.221550 3.014347 -0.196538
v -0.181032 3.014347 -0.256790
v -0.130138 3.014347 -0.312648
v -0.069736 3.014347 -0.363156
v -0.000861 3.014347 -0.407450
v 0.075308 3.014347 -0.444773
v 0.157469 3.014347 -0.474486
v 0.244216 3.014347 -0.496080
v 0.334064 3.014347 -0.509186
v 0.425476 3.014347 -0.513580
v 0.516889 3.014347 -0.509186
v 0.606737 3.014347 -0.496080
v 0.693483 3.014347 -0.474486
v 0.775645 3.014347 -0.444773
v 0.851814 3.014347 -0.407450
v 0.920689 3.014347 -0.363156
v 0.981090 3.014347 -0.312648
v 1.031985 3.014347 -0.256790
v 1.072503 3.014347 -0.196538
v 1.101949 3.014347 -0.132924
v 1.119821 3.014347 -0.067036
v 0.908291 3.061834 0.000000
v 0.904276 3.061834 0.044921
v 0.892300 3.061834 0.089074
v 0.872568 3.061834 0.131703
v 0.845416 3.061834 0.172078
v 0.811311 3.061834 0.209509
v 0.770835 3.061834 0.243355
v 0.724682 3.061834 0.273037
v 0.673639 3.061834 0.298048
v 0.618582 3.061834 0.317959
v 0.560452 3.061834 0.332429
v 0.500244 3.061834 0.341212
v 0.438988 3.061834 0.344156
v 0.377731 3.061834 0.341212
v 0.317523 3.061834 0.332429
v 0.259393 3.061834 0.317959
v 0.204336 3.061834 0.298048
v 0.153294 3.061834 0.273037
v 0.107140 3.061834 0.243355
v 0.066664 3.061834 0.209509
v 0.032559 3.061834 0.172078
v 0.005408 3.061834 0.131703
v -0.014325 3.061834 0.089074
v -0.026301 3.061834 0.044921
v -0.030316 3.061834 0.000000
v -0.026301 3.061834 -0.044921
v -0.014325 3.061834 -0.089074
v 0.005408 3.061834 -0.131703
v 0.032559 3.061834 -0.172078
v 0.066664 3.061834 -0.209509
v 0.107140 3.061834 -0.243355
v 0.153294 3.061834 -0.273037
v 0.204336 3.061834 -0.298048
v 0.259393 3.061834 -0.317959
v 0.317523 3.061834 -0.332429
v 0.377731 3.061834 -0.341212
v 0.438988 3.061834 -0.344156
v 0.500244 3.061834 -0.341212
v 0.560452 3.061834 -0.332429
v 0.618582 3.061834 -0.317959
v 0.673639 3.061834 -0.298048
v 0.724682 3.061834 -0.273037
v 0.770835 3.061834 -0.243355
v 0.811311 3.061834 -0.209509
v 0.845416 3.061834 -0.172078
v 0.872568 3.061834 -0.131703
v 0.892300 3.061834 -0.089074
v 0.904276 3.061834 -0.044921
v 0.682607 3.090444 0.000000
v 0.680593 3.090444 0.022530
v 0.674587 3.090444 0.044675
v 0.664690 3.090444 0.066055
v 0.651073 3.090444 0.086305
v 0.633967 3.090444 0.105078
v 0.613667 3.090444 0.122054
v 0.590518 3.090444 0.136941
v 0.564919 3.090444 0.149485
v 0.537305 3.090444 0.159471
v 0.508150 3.090444 0.166728
v 0.477953 3.090444 0.171133
v 0.447230 3.090444 0.172610
v 0.416507 3.090444 0.171133
v 0.386310 3.090444 0.166728
v 0.357155 3.090444 0.159471
v 0.329541 3.090444 0.149485
v 0.303941 3.090444 0.136941
v 0.280793 3.090444 0.122054
v 0.260493 3.090444 0.105078
v 0.243387 3.090444 0.086305
v 0.229770 3.090444 0.066055
v 0.219873 3.090444 0.044675
v 0.213866 3.090444 0.022530
v 0.211853 3.090444 0.000000
v 0.213866 3.090444 -0.022530
v 0.219873 3.090444 -0.044675
v 0.229770 3.090444 -0.066055
v 0.243387 3.090444 -0.086305
v 0.260493 3.090444 -0.105078
v 0.280793 3.090444 -0.122054
v 0.303941 3.090444 -0.136941
v 0.329541 3.090444 -0.149485
v 0.357155 3.090444 -0.159471
v 0.386310 3.090444 -0.166728
v 0.416507 3.090444 -0.171133
v 0.447230 3.090444 -0.172610
v 0.477953 3.090444 -0.171133
v 0.508150 3.090444 -0.166728
v 0.537305 3.090444 -0.159471
v 0.564919 3.090444 -0.149485
v 0.590518 3.090444 -0.136941
v 0.613667 3.090444 -0.122054
v 0.633967 3.090444 -0.105078
v 0.651073 3.090444 -0.086305
v 0.664690 3.090444 -0.066055
v 0.674587 3.090444 -0.044675
v 0.680593 3.090444 -0.022530
v 0.450000 3.100000 0.000000
v 0.000000 0.000000 0.000000
vt 0.5 0.5
vn 0.999204 0.026612 0.029708
vn 0.978338 0.026486 0.205314
vn 0.928976 0.026203 0.369211
vn 0.857212 0.025837 0.514315
vn 0.770199 0.025475 0.637295
vn 0.674338 0.025188 0.737993
vn 0.574401 0.025033 0.818191
vn 0.473446 0.025044 0.880467
vn 0.373140 0.025239 0.927432
vn 0.274167 0.025632 0.961340
vn 0.176576 0.026227 0.983937
vn 0.080039 0.027032 0.996425
vn -0.015980 0.028051 0.999479
vn -0.112098 0.029292 0.993265
vn -0.208914 0.030761 0.977450
vn -0.306909 0.032464 0.951185
vn -0.406307 0.034401 0.913089
vn -0.506877 0.036557 0.861243
vn -0.607650 0.038898 0.793252
vn -0.706539 0.041352 0.706465
vn -0.799943 0.043795 0.598475
vn -0.882520 0.046047 0.468015
vn -0.947490 0.047872 0.316182
vn -0.987839 0.049027 0.147550
vn -0.998341 0.049330 -0.029682
vn -0.977518 0.048730 -0.205142
vn -0.928254 0.047327 -0.368924
vn -0.856617 0.045332 -0.513958
vn -0.769736 0.042993 -0.636913
vn -0.673998 0.040528 -0.737620
vn -0.574164 0.038101 -0.817853
vn -0.473291 0.035816 -0.880178
vn -0.373046 0.033731 -0.927199
vn -0.274118 0.031871 -0.961168
vn -0.176556 0.030246 -0.983826
vn -0.080035 0.028853 -0.996374
vn 0.015981 0.027687 -0.999489
vn 0.112106 0.026740 -0.993336
vn 0.208942 0.026006 -0.977582
vn 0.306971 0.025479 -0.951378
vn 0.406419 0.025153 -0.913341
vn 0.507057 0.025020 -0.861549
vn 0.607919 0.025068 -0.793603
vn 0.706918 0.025271 -0.706844
vn 0.800449 0.025590 -0.598854
vn 0.883159 0.025963 -0.468354
vn 0.948249 0.026310 -0.316435
vn 0.988680 0.026548 -0.147675
vn 0.998577 0.053323 -0.000276
vn 0.982921 0.053163 0.176184
vn 0.938051 0.052667 0.342472
vn 0.869648 0.051973 0.490928
vn 0.784822 0.051251 0.617598
vn 0.690176 0.050653 0.721866
vn 0.590771 0.050298 0.805270
vn 0.489934 0.050261 0.870309
vn 0.389540 0.050585 0.919619
vn 0.290413 0.051297 0.955525
vn 0.192694 0.052410 0.979858
vn 0.096107 0.053935 0.993909
vn 0.000148 0.055886 0.998437
vn -0.095786 0.058273 0.993695
vn -0.192299 0.061112 0.979432
vn -0.289888 0.064412 0.954890
vn -0.388823 0.068174 0.918787
vn -0.488956 0.072376 0.869301
vn -0.589455 0.076955 0.804127
vn -0.688447 0.081782 0.720662
vn -0.782620 0.086630 0.616442
vn -0.866959 0.091158 0.489971
vn -0.934935 0.094918 0.341888
vn -0.979534 0.097425 0.176127
vn -0.995158 0.098291 0.000275
vn -0.979636 0.097367 -0.175595
vn -0.935123 0.094805 -0.341404
vn -0.867213 0.090995 -0.489553
vn -0.782915 0.086423 -0.616097
vn -0.688762 0.081537 -0.720388
vn -0.589778 0.076680 -0.803917
vn -0.489278 0.072076 -0.869144
vn -0.389140 0.067855 -0.918676
vn -0.290199 0.064078 -0.954819
vn -0.192603 0.060767 -0.979393
vn -0.096086 0.057922 -0.993686
vn -0.000148 0.055531 -0.998457
vn 0.095812 0.053581 -0.993956
vn 0.192397 0.052059 -0.979935
vn 0.290114 0.050953 -0.955635
vn 0.389238 0.050254 -0.919766
vn 0.489630 0.049946 -0.870499
vn 0.590468 0.050006 -0.805510
vn 0.689883 0.050390 -0.722165
vn 0.784550 0.051025 -0.617962
vn 0.869416 0.051793 -0.491359
vn 0.937878 0.052541 -0.342964
vn 0.982828 0.053098 -0.176719
vn 0.994231 0.107261 -0.000552
vn 0.978720 0.106905 0.175153
vn 0.934165 0.105872 0.340774
vn 0.866185 0.104438 0.488689
vn 0.781821 0.102943 0.614946
vn 0.687633 0.101696 0.718901
vn 0.588656 0.100932 0.802058
vn 0.488213 0.100803 0.866884
vn 0.388185 0.101396 0.915987
vn 0.289410 0.102762 0.951673
vn 0.192046 0.104928 0.975760
vn 0.095835 0.107916 0.989530
vn 0.000297 0.111745 0.993737
vn -0.095147 0.116440 0.988630
vn -0.191068 0.122022 0.973963
vn -0.287930 0.128509 0.948990
vn -0.385960 0.135896 0.912451
vn -0.484966 0.144132 0.862574
vn -0.584083 0.153088 0.797127
vn -0.681428 0.162503 0.713617
vn -0.773735 0.171934 0.609732
vn -0.856130 0.180719 0.484131
vn -0.922340 0.187998 0.337559
vn -0.965692 0.192854 0.173913
vn -0.980892 0.194553 0.000545
vn -0.965890 0.192815 -0.172857
vn -0.922708 0.187920 -0.336595
vn -0.856626 0.180602 -0.483296
vn -0.774314 0.171779 -0.609040
vn -0.682051 0.162312 -0.713065
vn -0.584723 0.152865 -0.796700
vn -0.485606 0.143882 -0.862256
vn -0.386591 0.135622 -0.912225
vn -0.288549 0.128217 -0.948841
vn -0.191676 0.121715 -0.973882
vn -0.095746 0.116121 -0.988609
vn -0.000297 0.111419 -0.993773
vn 0.095243 0.107585 -0.989623
vn 0.191451 0.104597 -0.975913
vn 0.288810 0.102434 -0.951891
vn 0.387578 0.101076 -0.916279
vn 0.487603 0.100495 -0.867263
vn 0.588049 0.100644 -0.802539
vn 0.687045 0.101434 -0.719500
vn 0.781277 0.102715 -0.615675
vn 0.865719 0.104255 -0.489553
vn 0.933819 0.105743 -0.341760
vn 0.978535 0.106837 -0.176226
vn 0.986725 0.162401 -0.000831
vn 0.971433 0.161842 0.173565
vn 0.927395 0.160252 0.338020
vn 0.860125 0.158042 0.484982
vn 0.776553 0.155724 0.610505
vn 0.683151 0.153766 0.713905
vn 0.584914 0.152520 0.796626
vn 0.485154 0.152216 0.861078
vn 0.385761 0.152988 0.909826
vn 0.287595 0.154910 0.945141
vn 0.190839 0.158022 0.968819
vn 0.095272 0.162350 0.982123
vn 0.000446 0.167921 0.985800
vn -0.094172 0.174761 0.980097
vn -0.189106 0.182897 0.964773
vn -0.284761 0.192340 0.939104
vn -0.381299 0.203070 0.901872
vn -0.478464 0.215000 0.851379
vn -0.575336 0.227921 0.785519
vn -0.670023 0.241444 0.701979
vn -0.759341 0.254923 0.598679
vn -0.838641 0.267412 0.474523
vn -0.902055 0.277715 0.330412
vn -0.943430 0.284568 0.170179
vn -0.957937 0.286976 0.000807
vn -0.943714 0.284558 -0.168613
vn -0.902586 0.277690 -0.328977
vn -0.839361 0.267366 -0.473274
vn -0.760185 0.254849 -0.597637
vn -0.670937 0.241339 -0.701141
vn -0.576280 0.227783 -0.784867
vn -0.479413 0.214830 -0.850888
vn -0.382239 0.202872 -0.901519
vn -0.285686 0.192115 -0.938869
vn -0.190017 0.182650 -0.964641
vn -0.095071 0.174495 -0.980058
vn -0.000446 0.167640 -0.985848
vn 0.094380 0.162058 -0.982257
vn 0.189943 0.157722 -0.969044
vn 0.286690 0.154607 -0.945466
vn 0.384847 0.152686 -0.910263
vn 0.484235 0.151920 -0.861648
vn 0.584001 0.152236 -0.797350
vn 0.682267 0.153503 -0.714807
vn 0.775734 0.155492 -0.611604
vn 0.859425 0.157852 -0.486283
vn 0.926877 0.160116 -0.339504
vn 0.971155 0.161771 -0.175180
vn 0.975665 0.219266 -0.001112
vn 0.960675 0.218497 0.171353
vn 0.917385 0.216324 0.334079
vn 0.851154 0.213293 0.479627
vn 0.768746 0.210087 0.604063
vn 0.676510 0.207331 0.706646
vn 0.579371 0.205501 0.788732
vn 0.480623 0.204906 0.852652
vn 0.382169 0.205728 0.900901
vn 0.284899 0.208062 0.935705
vn 0.189035 0.211960 0.958822
vn 0.094399 0.217450 0.971496
vn 0.000597 0.224559 0.974460
vn -0.092848 0.233308 0.967960
vn -0.186393 0.243717 0.951767
vn -0.280367 0.255782 0.925186
vn -0.374850 0.269452 0.887064
vn -0.469502 0.284589 0.835809
vn -0.563344 0.300900 0.769482
vn -0.654486 0.317865 0.686010
vn -0.739862 0.334659 0.583615
vn -0.815129 0.350114 0.461503
vn -0.874931 0.362783 0.320756
vn -0.913767 0.371175 0.165105
vn -0.927376 0.374128 0.001057
vn -0.914125 0.371200 -0.163050
vn -0.875605 0.362825 -0.318864
vn -0.816047 0.350157 -0.459844
vn -0.740948 0.334689 -0.582220
vn -0.655670 0.317870 -0.684877
vn -0.564576 0.300872 -0.768590
vn -0.470747 0.284525 -0.835130
vn -0.376090 0.269352 -0.886570
vn -0.281594 0.255647 -0.924851
vn -0.187605 0.243551 -0.951571
vn -0.094049 0.233114 -0.967891
vn -0.000597 0.224340 -0.974511
vn 0.093204 0.217210 -0.971665
vn 0.187832 0.211703 -0.959115
vn 0.283685 0.207792 -0.936133
vn 0.380943 0.205449 -0.901484
vn 0.479390 0.204624 -0.853413
vn 0.578147 0.205223 -0.789702
vn 0.675326 0.207067 -0.707855
vn 0.767652 0.209847 -0.605536
vn 0.850220 0.213093 -0.481371
vn 0.916693 0.216178 -0.336066
vn 0.960305 0.218420 -0.173513
vn 0.960499 0.278279 -0.001395
vn 0.945909 0.277295 0.168417
vn 0.903633 0.274515 0.328768
vn 0.838826 0.270618 0.472373
vn 0.758022 0.266452 0.595320
vn 0.667395 0.262802 0.696792
vn 0.571775 0.260265 0.778033
vn 0.474427 0.259236 0.841259
vn 0.377268 0.259943 0.888875
vn 0.281225 0.262506 0.923040
vn 0.186573 0.266983 0.945468
vn 0.093191 0.273404 0.957374
vn 0.000750 0.281785 0.959477
vn -0.091157 0.292136 0.952023
vn -0.182902 0.304456 0.934801
vn -0.274727 0.318714 0.907164
vn -0.366615 0.334816 0.868039
vn -0.458141 0.352556 0.815972
vn -0.548268 0.371553 0.749233
vn -0.635127 0.391167 0.666035
vn -0.715814 0.410425 0.564945
vn -0.786350 0.428001 0.445498
vn -0.841971 0.442302 0.308955
vn -0.877892 0.451724 0.158902
vn -0.890469 0.455042 0.001294
vn -0.878312 0.451788 -0.156382
vn -0.842764 0.442416 -0.306622
vn -0.787439 0.428142 -0.443435
vn -0.717111 0.410571 -0.563190
vn -0.636554 0.391297 -0.664594
vn -0.549766 0.371653 -0.748085
vn -0.459667 0.352617 -0.815087
vn -0.368146 0.334833 -0.867384
vn -0.276250 0.318688 -0.906711
vn -0.184414 0.304388 -0.934526
vn -0.092659 0.292028 -0.951911
vn -0.000750 0.281640 -0.959520
vn 0.091688 0.273227 -0.957570
vn 0.185059 0.266777 -0.945824
vn 0.279696 0.262274 -0.923571
vn 0.375723 0.259690 -0.889603
vn 0.472875 0.258969 -0.842214
vn 0.570236 0.259991 -0.779253
vn 0.665908 0.262531 -0.698315
vn 0.756651 0.266200 -0.597175
vn 0.837657 0.270402 -0.474566
vn 0.902769 0.274355 -0.331265
vn 0.945447 0.277210 -0.171130
vn 0.940529 0.339708 -0.001681
vn 0.926449 0.338507 0.164638
vn 0.885501 0.335109 0.321854
vn 0.822569 0.330315 0.462896
vn 0.743886 0.325129 0.583887
vn 0.655395 0.320491 0.683917
vn 0.561796 0.317121 0.764081
vn 0.466310 0.315498 0.826447
vn 0.370869 0.315902 0.873305
vn 0.276445 0.318478 0.906725
vn 0.183376 0.323289 0.928363
vn 0.091613 0.330359 0.939399
vn 0.000904 0.339690 0.940537
vn -0.089072 0.351272 0.932027
vn -0.178595 0.365071 0.913688
vn -0.267808 0.381015 0.884933
vn -0.356595 0.398954 0.844793
vn -0.444445 0.418610 0.791981
vn -0.530280 0.439510 0.725006
vn -0.612278 0.460909 0.642400
vn -0.687739 0.481729 0.543094
vn -0.753095 0.500558 0.426953
vn -0.804204 0.515755 0.295385
vn -0.837013 0.525708 0.151788
vn -0.848488 0.529213 0.001516
vn -0.837481 0.525810 -0.148827
vn -0.805093 0.515941 -0.292628
vn -0.754325 0.500801 -0.424492
vn -0.689219 0.481996 -0.540978
vn -0.613923 0.461172 -0.640640
vn -0.532021 0.439748 -0.723585
vn -0.446236 0.418807 -0.790869
vn -0.358405 0.399102 -0.843957
vn -0.269621 0.381111 -0.884341
vn -0.180404 0.365113 -0.913316
vn -0.090877 0.351262 -0.931856
vn -0.000904 0.339630 -0.940559
vn 0.089797 0.330252 -0.939612
vn 0.181544 0.323139 -0.928775
vn 0.274594 0.318288 -0.907354
vn 0.368999 0.315677 -0.874178
vn 0.464434 0.315244 -0.827600
vn 0.559939 0.316847 -0.765556
vn 0.653605 0.320210 -0.685760
vn 0.742238 0.324858 -0.586131
vn 0.821168 0.330077 -0.465546
vn 0.884468 0.334930 -0.324866
vn 0.925897 0.338410 -0.167906
vn 0.914934 0.403600 -0.001966
vn 0.901490 0.402189 0.159871
vn 0.862229 0.398188 0.313061
vn 0.801695 0.392499 0.450810
vn 0.725741 0.386267 0.569296
vn 0.640011 0.380573 0.667496
vn 0.549030 0.376257 0.746322
vn 0.455959 0.373885 0.807658
vn 0.362740 0.373788 0.853641
vn 0.270399 0.376139 0.886230
vn 0.179348 0.381007 0.907011
vn 0.089622 0.388406 0.917120
vn 0.001060 0.398320 0.917246
vn -0.086562 0.410706 0.907649
vn -0.173426 0.425494 0.888188
vn -0.259569 0.442557 0.858352
vn -0.344778 0.461681 0.817299
vn -0.428469 0.482514 0.763934
vn -0.509545 0.504497 0.697027
vn -0.586264 0.526805 0.615444
vn -0.656161 0.548303 0.518475
vn -0.716106 0.567559 0.406287
vn -0.762579 0.582969 0.280392
vn -0.792227 0.593003 0.143958
vn -0.802586 0.596534 0.001725
vn -0.792731 0.593139 -0.140583
vn -0.763541 0.583223 -0.277229
vn -0.717449 0.567897 -0.403436
vn -0.657793 0.548687 -0.515995
vn -0.588097 0.527200 -0.613353
vn -0.511507 0.504873 -0.695315
vn -0.430507 0.482851 -0.762574
vn -0.346855 0.461966 -0.816259
vn -0.261664 0.442780 -0.857600
vn -0.175529 0.425653 -0.887699
vn -0.088672 0.410801 -0.907403
vn -0.001060 0.398350 -0.917233
vn 0.087486 0.388374 -0.917340
vn 0.177191 0.380915 -0.907473
vn 0.268219 0.375990 -0.886955
vn 0.360539 0.373588 -0.854660
vn 0.453753 0.373639 -0.809013
vn 0.546852 0.375977 -0.748061
vn 0.637917 0.380272 -0.669668
vn 0.723821 0.385969 -0.571937
vn 0.800068 0.392231 -0.453923
vn 0.861033 0.397984 -0.316593
vn 0.900853 0.402078 -0.163696
vn 0.882819 0.469708 -0.002249
vn 0.870154 0.468112 0.153961
vn 0.832980 0.463561 0.302086
vn 0.775436 0.457034 0.435682
vn 0.702907 0.449788 0.551011
vn 0.620661 0.443024 0.646923
vn 0.533002 0.437692 0.724110
vn 0.443000 0.434439 0.784228
vn 0.352602 0.433656 0.829225
vn 0.262894 0.435541 0.860924
vn 0.174371 0.440173 0.880819
vn 0.087166 0.447556 0.889998
vn 0.001218 0.457650 0.889132
vn -0.083591 0.470377 0.878498
vn -0.167336 0.485619 0.858005
vn -0.249952 0.503193 0.827237
vn -0.331139 0.522820 0.785498
vn -0.410254 0.544073 0.731899
vn -0.486207 0.566326 0.665491
vn -0.557368 0.588705 0.585464
vn -0.621536 0.610061 0.491446
vn -0.676019 0.629007 0.383859
vn -0.717893 0.644043 0.264269
vn -0.744444 0.653775 0.135577
vn -0.753714 0.657199 0.001920
vn -0.744974 0.653942 -0.131812
vn -0.718911 0.644355 -0.260718
vn -0.677450 0.629430 -0.380629
vn -0.623293 0.610552 -0.488601
vn -0.559364 0.589223 -0.583033
vn -0.488367 0.566836 -0.663472
vn -0.412520 0.544547 -0.730271
vn -0.333470 0.523239 -0.784231
vn -0.252322 0.503546 -0.826302
vn -0.169731 0.485897 -0.857377
vn -0.086006 0.470577 -0.878157
vn -0.001218 0.457770 -0.889070
vn 0.084706 0.447598 -0.890214
vn 0.171884 0.440137 -0.881326
vn 0.260379 0.435430 -0.861744
vn 0.350066 0.433474 -0.830394
vn 0.440462 0.434194 -0.785792
vn 0.530503 0.437395 -0.726121
vn 0.618269 0.442695 -0.649434
vn 0.700722 0.449453 -0.554058
vn 0.773593 0.456729 -0.439264
vn 0.831631 0.463326 -0.306137
vn 0.869437 0.467983 -0.158340
vn 0.843306 0.537427 -0.002525
vn 0.831567 0.535686 0.146756
vn 0.796908 0.530692 0.288623
vn 0.742995 0.523463 0.417067
vn 0.674660 0.515322 0.528467
vn 0.596716 0.507558 0.621543
vn 0.513183 0.501210 0.696729
vn 0.427011 0.497004 0.755413
vn 0.340139 0.495385 0.799312
vn 0.253710 0.496585 0.830081
vn 0.168312 0.500694 0.849104
vn 0.084183 0.507708 0.857407
vn 0.001378 0.517562 0.855644
vn -0.080113 0.530144 0.844114
vn -0.160256 0.545287 0.822788
vn -0.238888 0.562751 0.791356
vn -0.315633 0.582192 0.749285
vn -0.389813 0.603127 0.695905
vn -0.460371 0.624881 0.630541
vn -0.525816 0.646564 0.552695
vn -0.584223 0.667061 0.462292
vn -0.633330 0.685076 0.359951
vn -0.670755 0.699258 0.247238
vn -0.694347 0.708387 0.126769
vn -0.702582 0.711600 0.002103
vn -0.694895 0.708577 -0.122636
vn -0.671813 0.699618 -0.243316
vn -0.634830 0.685569 -0.356351
vn -0.586084 0.667642 -0.459085
vn -0.527953 0.647190 -0.549919
vn -0.462709 0.625510 -0.628202
vn -0.392291 0.603726 -0.693990
vn -0.318206 0.582738 -0.747771
vn -0.241526 0.563224 -0.790218
vn -0.162939 0.545678 -0.822002
vn -0.082834 0.530445 -0.843663
vn -0.001377 0.517768 -0.855520
vn 0.081394 0.507817 -0.857611
vn 0.165488 0.500707 -0.849651
vn 0.250855 0.496503 -0.830997
vn 0.337265 0.495212 -0.800636
vn 0.424144 0.496749 -0.757194
vn 0.510371 0.500886 -0.699024
vn 0.594037 0.507189 -0.624403
vn 0.672226 0.514941 -0.531928
vn 0.740954 0.523112 -0.421119
vn 0.795421 0.530421 -0.293189
vn 0.830779 0.535537 -0.151678
vn 0.795658 0.605740 -0.002788
vn 0.784987 0.603917 0.138128
vn 0.753269 0.598649 0.272406
vn 0.703641 0.590944 0.394556
vn 0.640305 0.582139 0.501122
vn 0.567544 0.573558 0.590699
vn 0.489030 0.566301 0.663440
vn 0.407548 0.561156 0.720423
vn 0.325007 0.558622 0.763094
vn 0.242603 0.558968 0.792905
vn 0.161019 0.562299 0.811106
vn 0.080607 0.568609 0.818649
vn 0.001538 0.577815 0.816167
vn -0.076079 0.589770 0.803980
vn -0.152107 0.604263 0.782131
vn -0.226293 0.621006 0.750429
vn -0.298198 0.639603 0.708510
vn -0.367133 0.659528 0.655924
vn -0.432098 0.680088 0.592260
vn -0.491760 0.700409 0.517299
vn -0.544475 0.719447 0.431211
vn -0.588379 0.736036 0.334756
vn -0.621574 0.748998 0.229450
vn -0.642387 0.757301 0.117616
vn -0.649655 0.760226 0.002277
vn -0.642948 0.757508 -0.113134
vn -0.622661 0.749393 -0.225174
vn -0.589933 0.736582 -0.330796
vn -0.546421 0.720100 -0.427645
vn -0.494018 0.701122 -0.514173
vn -0.434595 0.680815 -0.589591
vn -0.369807 0.660234 -0.653708
vn -0.301001 0.640258 -0.706731
vn -0.229190 0.621586 -0.749068
vn -0.155076 0.604754 -0.781169
vn -0.079105 0.590159 -0.803402
vn -0.001538 0.578094 -0.815969
vn 0.077485 0.568775 -0.818835
vn 0.157856 0.562349 -0.811693
vn 0.239408 0.558902 -0.793922
vn 0.321798 0.558446 -0.764581
vn 0.404359 0.560878 -0.722433
vn 0.485918 0.565939 -0.666030
vn 0.564598 0.573140 -0.593919
vn 0.637647 0.581704 -0.505001
vn 0.701426 0.590544 -0.399074
vn 0.751665 0.598338 -0.277473
vn 0.784141 0.603747 -0.143570
vn 0.739431 0.673226 -0.003033
vn 0.729955 0.671403 0.128001
vn 0.701560 0.666088 0.253258
vn 0.656826 0.658231 0.367847
vn 0.599276 0.649109 0.468536
vn 0.532591 0.640027 0.553816
vn 0.460034 0.632097 0.623556
vn 0.384174 0.626148 0.678490
vn 0.306859 0.622723 0.719759
vn 0.229322 0.622129 0.748577
vn 0.152335 0.624492 0.766031
vn 0.076363 0.629814 0.772983
vn 0.001699 0.638000 0.770034
vn -0.071437 0.648880 0.757530
vn -0.142802 0.662210 0.735585
vn -0.212067 0.677664 0.704130
vn -0.278749 0.694815 0.662972
vn -0.342165 0.713116 0.611873
vn -0.401395 0.731885 0.550659
vn -0.455274 0.750298 0.479352
vn -0.502427 0.767408 0.398311
vn -0.541353 0.782201 0.308381
vn -0.570570 0.793684 0.210988
vn -0.588802 0.801008 0.108163
vn -0.595175 0.803592 0.002441
vn -0.589371 0.801225 -0.103349
vn -0.571679 0.794099 -0.206372
vn -0.542950 0.782781 -0.304072
vn -0.504444 0.768109 -0.394393
vn -0.457638 0.751072 -0.475877
vn -0.404036 0.732687 -0.547654
vn -0.345022 0.713904 -0.609344
vn -0.281772 0.695555 -0.660914
vn -0.215216 0.678330 -0.702532
vn -0.146051 0.662780 -0.734433
vn -0.074766 0.649339 -0.756815
vn -0.001698 0.638336 -0.769756
vn 0.072910 0.630019 -0.773150
vn 0.148835 0.624563 -0.766661
vn 0.225792 0.622064 -0.749703
vn 0.303326 0.622529 -0.721423
vn 0.380679 0.625835 -0.680745
vn 0.456645 0.631687 -0.626456
vn 0.529407 0.639552 -0.557406
vn 0.596427 0.648617 -0.472832
vn 0.654472 0.657779 -0.372818
vn 0.699866 0.665740 -0.258800
vn 0.729065 0.671213 -0.133930
vn 0.674644 0.738136 -0.003251
vn 0.666452 0.736408 0.116380
vn 0.641675 0.731316 0.231148
vn 0.602335 0.723700 0.336825
vn 0.551256 0.714714 0.430466
vn 0.491478 0.705571 0.510508
vn 0.425800 0.697344 0.576546
vn 0.356521 0.690864 0.628968
vn 0.285385 0.686701 0.668579
vn 0.213631 0.685194 0.696326
vn 0.142106 0.686501 0.713108
vn 0.071379 0.690635 0.719673
vn 0.001857 0.697505 0.716577
vn -0.066130 0.706932 0.704183
vn -0.132248 0.718655 0.682675
vn -0.196103 0.732331 0.652101
vn -0.257184 0.747522 0.612427
vn -0.314832 0.763692 0.563609
vn -0.368220 0.780194 0.505679
vn -0.416353 0.796280 0.438849
vn -0.458107 0.811124 0.363615
vn -0.492298 0.823872 0.280852
vn -0.517793 0.833712 0.191871
vn -0.533638 0.839967 0.098419
vn -0.539190 0.842180 0.002598
vn -0.534214 0.840186 -0.093288
vn -0.518920 0.834135 -0.186928
vn -0.493930 0.824466 -0.276205
vn -0.460185 0.811848 -0.359351
vn -0.418811 0.797087 -0.435028
vn -0.370993 0.781039 -0.502337
vn -0.317861 0.764532 -0.560764
vn -0.260416 0.748319 -0.610084
vn -0.199497 0.733053 -0.650257
vn -0.135772 0.719278 -0.681326
vn -0.069758 0.707435 -0.703328
vn -0.001856 0.697873 -0.716219
vn 0.067599 0.690857 -0.719824
vn 0.138276 0.686572 -0.713792
vn 0.209778 0.685114 -0.697576
vn 0.281545 0.686474 -0.670437
vn 0.352747 0.690506 -0.631483
vn 0.422169 0.696880 -0.579768
vn 0.488097 0.705040 -0.514470
vn 0.548259 0.714169 -0.435172
vn 0.599881 0.723204 -0.342227
vn 0.639924 0.730937 -0.237127
vn 0.665537 0.736202 -0.122746
vn 0.601896 0.798567 -0.003436
vn 0.595031 0.797027 0.103370
vn 0.574035 0.792433 0.206236
vn 0.540410 0.785477 0.301635
vn 0.496306 0.777132 0.386971
vn 0.444118 0.768456 0.460690
vn 0.386141 0.760419 0.522166
vn 0.324358 0.753811 0.571455
vn 0.260356 0.749199 0.609028
vn 0.195340 0.746945 0.635543
vn 0.130200 0.747232 0.651684
vn 0.065589 0.750099 0.658065
vn 0.002012 0.755470 0.655180
vn -0.060108 0.763175 0.643391
vn -0.120357 0.772956 0.622939
vn -0.178291 0.784478 0.593975
vn -0.233388 0.797321 0.556605
vn -0.285029 0.810982 0.510947
vn -0.332484 0.824878 0.457199
vn -0.374922 0.838358 0.395713
vn -0.411444 0.850729 0.327068
vn -0.441138 0.861295 0.252127
vn -0.463153 0.869415 0.172066
vn -0.476791 0.874564 0.088367
vn -0.481587 0.876394 0.002749
vn -0.477372 0.874779 -0.082930
vn -0.464295 0.869830 -0.166809
vn -0.442802 0.861882 -0.247154
vn -0.413579 0.851450 -0.322468
vn -0.377468 0.839169 -0.391553
vn -0.335381 0.825733 -0.453525
vn -0.288220 0.811838 -0.507788
vn -0.236822 0.798138 -0.553977
vn -0.181922 0.785223 -0.591887
vn -0.124149 0.773598 -0.621396
vn -0.064028 0.763691 -0.642399
vn -0.002010 0.755843 -0.654750
vn 0.061493 0.750315 -0.658214
vn 0.126057 0.747285 -0.652438
vn 0.191186 0.746834 -0.636936
vn 0.256238 0.748931 -0.611101
vn 0.320342 0.753404 -0.574250
vn 0.382313 0.759905 -0.525720
vn 0.440589 0.767877 -0.465022
vn 0.493212 0.776547 -0.392067
vn 0.537902 0.784951 -0.307431
vn 0.572260 0.792035 -0.212601
vn 0.594110 0.796812 -0.110111
vn 0.522405 0.852690 -0.003583
vn 0.516854 0.851415 0.089185
vn 0.499648 0.847554 0.178896
vn 0.471835 0.841633 0.262727
vn 0.434963 0.834410 0.338479
vn 0.390813 0.826736 0.404688
vn 0.341175 0.819428 0.460583
vn 0.287674 0.813181 0.505945
vn 0.231692 0.808525 0.540931
vn 0.174350 0.805819 0.565913
vn 0.116534 0.805265 0.581351
vn 0.058946 0.806928 0.587701
vn 0.002159 0.810760 0.585375
vn -0.053331 0.816617 0.574711
vn -0.107054 0.824270 0.555985
vn -0.158533 0.833413 0.529424
vn -0.207252 0.843672 0.495242
vn -0.252641 0.854603 0.453681
vn -0.294069 0.865710 0.405056
vn -0.330855 0.876451 0.349811
vn -0.362297 0.886271 0.288557
vn -0.387703 0.894625 0.222110
vn -0.406450 0.901025 0.151502
vn -0.418038 0.905078 0.077967
vn -0.422136 0.906528 0.002895
vn -0.418625 0.905282 -0.072236
vn -0.407608 0.901419 -0.145942
vn -0.389399 0.895185 -0.216825
vn -0.364486 0.886962 -0.283635
vn -0.333486 0.877233 -0.345325
vn -0.297085 0.866539 -0.401062
vn -0.255989 0.855437 -0.450218
vn -0.210880 0.844471 -0.492340
vn -0.162393 0.834141 -0.527102
vn -0.111104 0.824895 -0.554260
vn -0.057532 0.817114 -0.573598
vn -0.002157 0.811108 -0.584892
vn 0.054552 0.807113 -0.587871
vn 0.112102 0.805281 -0.582199
vn 0.169927 0.805666 -0.567474
vn 0.227338 0.808214 -0.543238
vn 0.283464 0.812733 -0.509031
vn 0.337203 0.818878 -0.464470
vn 0.387193 0.826131 -0.409377
vn 0.431825 0.833808 -0.343934
vn 0.469319 0.841101 -0.268867
vn 0.497882 0.847155 -0.185583
vn 0.515943 0.851201 -0.096227
vn 0.437920 0.899006 -0.003687
vn 0.433620 0.898041 0.074135
vn 0.420060 0.895064 0.149700
vn 0.397928 0.890437 0.220850
vn 0.368264 0.884699 0.285814
vn 0.332316 0.878472 0.343297
vn 0.291392 0.872383 0.392477
vn 0.246750 0.866990 0.432946
vn 0.199525 0.862745 0.464608
vn 0.150699 0.859974 0.487581
vn 0.101101 0.858878 0.502102
vn 0.051434 0.859546 0.508464
vn 0.002295 0.861959 0.506973
vn -0.045780 0.866014 0.497919
vn -0.092296 0.871528 0.481581
vn -0.136765 0.878250 0.458227
vn -0.178694 0.885871 0.428137
vn -0.217568 0.894031 0.391627
vn -0.252853 0.902334 0.349084
vn -0.284004 0.910357 0.300985
vn -0.310478 0.917677 0.247935
vn -0.331765 0.923892 0.190674
vn -0.347417 0.928644 0.130081
vn -0.357081 0.931655 0.067166
vn -0.360529 0.932743 0.003035
vn -0.357677 0.931841 -0.061152
vn -0.348595 0.929004 -0.124231
vn -0.333496 0.924404 -0.185090
vn -0.312724 0.918312 -0.242709
vn -0.286719 0.911077 -0.296193
vn -0.255987 0.903100 -0.344790
vn -0.221068 0.894805 -0.387884
vn -0.182508 0.886611 -0.424983
vn -0.140844 0.878922 -0.455697
vn -0.096591 0.872099 -0.479701
vn -0.050245 0.866459 -0.496714
vn -0.002293 0.862256 -0.506467
vn 0.046770 0.859682 -0.508684
vn 0.096415 0.858848 -0.503075
vn 0.146050 0.859779 -0.489335
vn 0.194985 0.862400 -0.467169
vn 0.242402 0.866520 -0.436330
vn 0.287335 0.871824 -0.396688
vn 0.328662 0.877872 -0.348314
vn 0.365134 0.884114 -0.291582
vn 0.395444 0.889928 -0.227272
vn 0.418333 0.894686 -0.156634
vn 0.432734 0.897840 -0.081396
vn 0.350547 0.936538 -0.003748
vn 0.347395 0.935887 0.058591
vn 0.337218 0.933829 0.119358
vn 0.320436 0.930588 0.176993
vn 0.297700 0.926501 0.230153
vn 0.269820 0.921976 0.277771
vn 0.237689 0.917439 0.319078
vn 0.202211 0.913287 0.353578
vn 0.164252 0.909863 0.381014
vn 0.124612 0.907428 0.401306
vn 0.084009 0.906161 0.414506
vn 0.043085 0.906152 0.420751
vn 0.002416 0.907415 0.420229
vn -0.037474 0.909887 0.413161
vn -0.076099 0.913442 0.399792
vn -0.112991 0.917899 0.380387
vn -0.147696 0.923031 0.355246
vn -0.179767 0.928573 0.324709
vn -0.208761 0.934237 0.289173
vn -0.234247 0.939720 0.249109
vn -0.255817 0.944725 0.205067
vn -0.273100 0.948973 0.157689
vn -0.285781 0.952223 0.107702
vn -0.293616 0.954287 0.055909
vn -0.296449 0.955044 0.003170
vn -0.294222 0.954448 -0.049623
vn -0.286982 0.952535 -0.101577
vn -0.274872 0.949418 -0.151825
vn -0.258125 0.945277 -0.199558
vn -0.237051 0.940347 -0.244036
vn -0.212013 0.934905 -0.284610
vn -0.183417 0.929246 -0.320717
vn -0.151691 0.923673 -0.351877
vn -0.117277 0.918477 -0.377686
vn -0.080622 0.913925 -0.397795
vn -0.042179 0.910251 -0.411903
vn -0.002414 0.907641 -0.419740
vn 0.038191 0.906229 -0.421058
vn 0.079114 0.906084 -0.415634
vn 0.119789 0.907204 -0.403275
vn 0.159583 0.909507 -0.383836
vn 0.197784 0.912826 -0.357253
vn 0.233605 0.916908 -0.323587
vn 0.266184 0.921420 -0.283073
vn 0.294621 0.925970 -0.236173
vn 0.318017 0.930133 -0.183625
vn 0.335549 0.933496 -0.126458
vn 0.346542 0.935710 -0.065987
vn 0.262558 0.964909 -0.003769
vn 0.260428 0.964537 0.042956
vn 0.253299 0.963316 0.088665
vn 0.241402 0.961363 0.132310
vn 0.225112 0.958861 0.172947
vn 0.204912 0.956036 0.209775
vn 0.181360 0.953137 0.242156
vn 0.155049 0.950404 0.269616
vn 0.126583 0.948055 0.291835
vn 0.096551 0.946271 0.308626
vn 0.065516 0.945180 0.319911
vn 0.034007 0.944860 0.325704
vn 0.002517 0.945338 0.326083
vn -0.028490 0.946588 0.321186
vn -0.058581 0.948539 0.311194
vn -0.087344 0.951083 0.296332
vn -0.114390 0.954076 0.276866
vn -0.139345 0.957351 0.253106
vn -0.161857 0.960725 0.225411
vn -0.181598 0.964008 0.194192
vn -0.198267 0.967015 0.159913
vn -0.211601 0.969573 0.123095
vn -0.221382 0.971536 0.084306
vn -0.227445 0.972789 0.044159
vn -0.229686 0.973259 0.003297
vn -0.228066 0.972919 -0.037618
vn -0.222613 0.971788 -0.077924
vn -0.213421 0.969932 -0.116974
vn -0.200646 0.967460 -0.154150
vn -0.184497 0.964514 -0.188875
vn -0.165231 0.961263 -0.220620
vn -0.143142 0.957890 -0.248912
vn -0.118556 0.954586 -0.273331
vn -0.091822 0.951536 -0.293511
vn -0.063309 0.948909 -0.309133
vn -0.033403 0.946854 -0.319925
vn -0.002514 0.945485 -0.325655
vn 0.028929 0.944881 -0.326135
vn 0.060468 0.945072 -0.321220
vn 0.091615 0.946043 -0.310820
vn 0.121845 0.947724 -0.294912
vn 0.150603 0.949993 -0.273556
vn 0.177301 0.952678 -0.246919
vn 0.201338 0.955567 -0.215301
vn 0.222116 0.958421 -0.179148
vn 0.239069 0.960991 -0.139073
vn 0.251700 0.963047 -0.095851
vn 0.259616 0.964396 -0.050405
vn 0.176468 0.984299 -0.003755
vn 0.175230 0.984138 0.027673
vn 0.170778 0.983570 0.058522
vn 0.163226 0.982642 0.088153
vn 0.152766 0.981434 0.115977
vn 0.139655 0.980043 0.141464
vn 0.124200 0.978584 0.164160
vn 0.106746 0.977170 0.183695
vn 0.087662 0.975911 0.199784
vn 0.067327 0.974899 0.212222
vn 0.046122 0.974210 0.220881
vn 0.024423 0.973890 0.225701
vn 0.002594 0.973965 0.226685
vn -0.019015 0.974429 0.223888
vn -0.040067 0.975256 0.217419
vn -0.060245 0.976394 0.207427
vn -0.079248 0.977774 0.194107
vn -0.096797 0.979314 0.177693
vn -0.112631 0.980921 0.158457
vn -0.126516 0.982499 0.136709
vn -0.138242 0.983954 0.112795
vn -0.147632 0.985200 0.087092
vn -0.154539 0.986163 0.060005
vn -0.158858 0.986784 0.031965
vn -0.160519 0.987027 0.003415
vn -0.159497 0.986877 -0.025189
vn -0.155807 0.986343 -0.053391
vn -0.149509 0.985458 -0.080745
vn -0.140699 0.984273 -0.106816
vn -0.129515 0.982860 -0.131193
vn -0.116127 0.981303 -0.153490
vn -0.100737 0.979694 -0.173354
vn -0.083574 0.978130 -0.190467
vn -0.064893 0.976703 -0.204548
vn -0.044968 0.975501 -0.215352
vn -0.024096 0.974594 -0.222677
vn -0.002590 0.974040 -0.226360
vn 0.019218 0.973872 -0.226285
vn 0.040981 0.974098 -0.222381
vn 0.062338 0.974703 -0.214635
vn 0.082915 0.975644 -0.203088
vn 0.102332 0.976852 -0.187854
vn 0.120208 0.978238 -0.169117
vn 0.136172 0.979697 -0.147143
vn 0.149872 0.981114 -0.122284
vn 0.160989 0.982376 -0.094971
vn 0.169254 0.983379 -0.065719
vn 0.174458 0.984039 -0.035104
vn 0.097137 0.995264 -0.003713
vn 0.096645 0.995226 0.013606
vn 0.094441 0.995058 0.030667
vn 0.090574 0.994773 0.047150
vn 0.085123 0.994393 0.062747
vn 0.078200 0.993946 0.077176
vn 0.069947 0.993466 0.090180
vn 0.060525 0.992989 0.101538
vn 0.050117 0.992549 0.111062
vn 0.038918 0.992178 0.118607
vn 0.027132 0.991903 0.124063
vn 0.014970 0.991743 0.127362
vn 0.002641 0.991710 0.128473
vn -0.009645 0.991805 0.127400
vn -0.021686 0.992022 0.124183
vn -0.033285 0.992349 0.118896
vn -0.044256 0.992763 0.111641
vn -0.054427 0.993238 0.102551
vn -0.063637 0.993743 0.091784
vn -0.071743 0.994248 0.079522
vn -0.078619 0.994720 0.065969
vn -0.084158 0.995128 0.051349
vn -0.088274 0.995449 0.035898
vn -0.090904 0.995661 0.019868
vn -0.092007 0.995752 0.003517
vn -0.091565 0.995716 -0.012891
vn -0.089585 0.995554 -0.029090
vn -0.086099 0.995278 -0.044820
vn -0.081160 0.994904 -0.059826
vn -0.074845 0.994456 -0.073864
vn -0.067251 0.993962 -0.086705
vn -0.058497 0.993452 -0.098136
vn -0.048719 0.992960 -0.107965
vn -0.038070 0.992517 -0.116023
vn -0.026717 0.992150 -0.122167
vn -0.014843 0.991883 -0.126281
vn -0.002637 0.991735 -0.128279
vn 0.009699 0.991713 -0.128107
vn 0.021958 0.991820 -0.125743
vn 0.033931 0.992047 -0.121204
vn 0.045407 0.992380 -0.114543
vn 0.056178 0.992794 -0.105850
vn 0.066045 0.993259 -0.095257
vn 0.074820 0.993742 -0.082933
vn 0.082331 0.994208 -0.069084
vn 0.088428 0.994620 -0.053954
vn 0.092985 0.994949 -0.037814
vn 0.095909 0.995169 -0.020962
vn -0.000000 1.000000 0.000000
vn 0.000000 -1.000000 0.000000
usemtl hill_grass
s 1
f 1/1/1 50/1/50 2/1/2
f 1/1/1 49/1/49 50/1/50
f 2/1/2 51/1/51 3/1/3
f 2/1/2 50/1/50 51/1/51
f 3/1/3 52/1/52 4/1/4
f 3/1/3 51/1/51 52/1/52
f 4/1/4 53/1/53 5/1/5
f 4/1/4 52/1/52 53/1/53
f 5/1/5 54/1/54 6/1/6
f 5/1/5 53/1/53 54/1/54
f 6/1/6 55/1/55 7/1/7
f 6/1/6 54/1/54 55/1/55
f 7/1/7 56/1/56 8/1/8
f 7/1/7 55/1/55 56/1/56
f 8/1/8 57/1/57 9/1/9
f 8/1/8 56/1/56 57/1/57
f 9/1/9 58/1/58 10/1/10
f 9/1/9 57/1/57 58/1/58
f 10/1/10 59/1/59 11/1/11
f 10/1/10 58/1/58 59/1/59
f 11/1/11 60/1/60 12/1/12
f 11/1/11 59/1/59 60/1/60
f 12/1/12 61/1/61 13/1/13
f 12/1/12 60/1/60 61/1/61
f 13/1/13 62/1/62 14/1/14
f 13/1/13 61/1/61 62/1/62
f 14/1/14 63/1/63 15/1/15
f 14/1/14 62/1/62 63/1/63
f 15/1/15 64/1/64 16/1/16
f 15/1/15 63/1/63 64/1/64
f 16/1/16 65/1/65 17/1/17
f 16/1/16 64/1/64 65/1/65
f 17/1/17 66/1/66 18/1/18
f 17/1/17 65/1/65 66/1/66
f 18/1/18 67/1/67 19/1/19
f 18/1/18 66/1/66 67/1/67
f 19/1/19 68/1/68 20/1/20
f 19/1/19 67/1/67 68/1/68
f 20/1/20 69/1/69 21/1/21
f 20/1/20 68/1/68 69/1/69
f 21/1/21 70/1/70 22/1/22
f 21/1/21 69/1/69 70/1/70
f 22/1/22 71/1/71 23/1/23
f 22/1/22 70/1/70 71/1/71
f 23/1/23 72/1/72 24/1/24
f 23/1/23 71/1/71 72/1/72
f 24/1/24 73/1/73 25/1/25
f 24/1/24 72/1/72 73/1/73
f 25/1/25 74/1/74 26/1/26
f 25/1/25 73/1/73 74/1/74
f 26/1/26 75/1/75 27/1/27
f 26/1/26 74/1/74 75/1/75
f 27/1/27 76/1/76 28/1/28
f 27/1/27 75/1/75 76/1/76
f 28/1/28 77/1/77 29/1/29
f 28/1/28 76/1/76 77/1/77
f 29/1/29 78/1/78 30/1/30
f 29/1/29 77/1/77 78/1/78
f 30/1/30 79/1/79 31/1/31
f 30/1/30 78/1/78 79/1/79
f 31/1/31 80/1/80 32/1/32
f 31/1/31 79/1/79 80/1/80
f 32/1/32 81/1/81 33/1/33
f 32/1/32 80/1/80 81/1/81
f 33/1/33 82/1/82 34/1/34
f 33/1/33 81/1/81 82/1/82
f 34/1/34 83/1/83 35/1/35
f 34/1/34 82/1/82 83/1/83
f 35/1/35 84/1/84 36/1/36
f 35/1/35 83/1/83 84/1/84
f 36/1/36 85/1/85 37/1/37
f 36/1/36 84/1/84 85/1/85
f 37/1/37 86/1/86 38/1/38
f 37/1/37 85/1/85 86/1/86
f 38/1/38 87/1/87 39/1/39
f 38/1/38 86/1/86 87/1/87
f 39/1/39 88/1/88 40/1/40
f 39/1/39 87/1/87 88/1/88
f 40/1/40 89/1/89 41/1/41
f 40/1/40 88/1/88 89/1/89
f 41/1/41 90/1/90 42/1/42
f 41/1/41 89/1/89 90/1/90
f 42/1/42 91/1/91 43/1/43
f 42/1/42 90/1/90 91/1/91
f 43/1/43 92/1/92 44/1/44
f 43/1/43 91/1/91 92/1/92
f 44/1/44 93/1/93 45/1/45
f 44/1/44 92/1/92 93/1/93
f 45/1/45 94/1/94 46/1/46
f 45/1/45 93/1/93 94/1/94
f 46/1/46 95/1/95 47/1/47
f 46/1/46 94/1/94 95/1/95
f 47/1/47 96/1/96 48/1/48
f 47/1/47 95/1/95 96/1/96
f 48/1/48 49/1/49 1/1/1
f 48/1/48 96/1/96 49/1/49
f 49/1/49 98/1/98 50/1/50
f 49/1/49 97/1/97 98/1/98
f 50/1/50 99/1/99 51/1/51
f 50/1/50 98/1/98 99/1/99
f 51/1/51 100/1/100 52/1/52
f 51/1/51 99/1/99 100/1/100
f 52/1/52 101/1/101 53/1/53
f 52/1/52 100/1/100 101/1/101
f 53/1/53 102/1/102 54/1/54
f 53/1/53 101/1/101 102/1/102
f 54/1/54 103/1/103 55/1/55
f 54/1/54 102/1/102 103/1/103
f 55/1/55 104/1/104 56/1/56
f 55/1/55 103/1/103 104/1/104
f 56/1/56 105/1/105 57/1/57
f 56/1/56 104/1/104 105/1/105
f 57/1/57 106/1/106 58/1/58
f 57/1/57 105/1/105 106/1/106
f 58/1/58 107/1/107 59/1/59
f 58/1/58 106/1/106 107/1/107
f 59/1/59 108/1/108 60/1/60
f 59/1/59 107/1/107 108/1/108
f 60/1/60 109/1/109 61/1/61
f 60/1/60 108/1/108 109/1/109
f 61/1/61 110/1/110 62/1/62
f 61/1/61 109/1/109 110/1/110
f 62/1/62 111/1/111 63/1/63
f 62/1/62 110/1/110 111/1/111
f 63/1/63 112/1/112 64/1/64
f 63/1/63 111/1/111 112/1/112
f 64/1/64 113/1/113 65/1/65
f 64/1/64 112/1/112 113/1/113
f 65/1/65 114/1/114 66/1/66
f 65/1/65 113/1/113 114/1/114
f 66/1/66 115/1/115 67/1/67
f 66/1/66 114/1/114 115/1/115
f 67/1/67 116/1/116 68/1/68
f 67/1/67 115/1/115 116/1/116
f 68/1/68 117/1/117 69/1/69
f 68/1/68 116/1/116 117/1/117
f 69/1/69 118/1/118 70/1/70
f 69/1/69 117/1/117 118/1/118
f 70/1/70 119/1/119 71/1/71
f 70/1/70 118/1/118 119/1/119
f 71/1/71 120/1/120 72/1/72
f 71/1/71 119/1/119 120/1/120
f 72/1/72 121/1/121 73/1/73
f 72/1/72 120/1/120 121/1/121
f 73/1/73 122/1/122 74/1/74
f 73/1/73 121/1/121 122/1/122
f 74/1/74 123/1/123 75/1/75
f 74/1/74 122/1/122 123/1/123
f 75/1/75 124/1/124 76/1/76
f 75/1/75 123/1/123 124/1/124
f 76/1/76 125/1/125 77/1/77
f 76/1/76 124/1/124 125/1/125
f 77/1/77 126/1/126 78/1/78
f 77/1/77 125/1/125 126/1/126
f 78/1/78 127/1/127 79/1/79
f 78/1/78 126/1/126 127/1/127
f 79/1/79 128/1/128 80/1/80
f 79/1/79 127/1/127 128/1/128
f 80/1/80 129/1/129 81/1/81
f 80/1/80 128/1/128 129/1/129
f 81/1/81 130/1/130 82/1/82
f 81/1/81 129/1/129 130/1/130
f 82/1/82 131/1/131 83/1/83
f 82/1/82 130/1/130 131/1/131
f 83/1/83 132/1/132 84/1/84
f 83/1/83 131/1/131 132/1/132
f 84/1/84 133/1/133 85/1/85
f 84/1/84 132/1/132 133/1/133
f 85/1/85 134/1/134 86/1/86
f 85/1/85 133/1/133 134/1/134
f 86/1/86 135/1/135 87/1/87
f 86/1/86 134/1/134 135/1/135
f 87/1/87 136/1/136 88/1/88
f 87/1/87 135/1/135 136/1/136
f 88/1/88 137/1/137 89/1/89
f 88/1/88 136/1/136 137/1/137
f 89/1/89 138/1/138 90/1/90
f 89/1/89 137/1/137 138/1/138
f 90/1/90 139/1/139 91/1/91
f 90/1/90 138/1/138 139/1/139
f 91/1/91 140/1/140 92/1/92
f 91/1/91 139/1/139 140/1/140
f 92/1/92 141/1/141 93/1/93
f 92/1/92 140/1/140 141/1/141
f 93/1/93 142/1/142 94/1/94
f 93/1/93 141/1/141 142/1/142
f 94/1/94 143/1/143 95/1/95
f 94/1/94 142/1/142 143/1/143
f 95/1/95 144/1/144 96/1/96
f 95/1/95 143/1/143 144/1/144
f 96/1/96 97/1/97 49/1/49
f 96/1/96 144/1/144 97/1/97
f 97/1/97 146/1/146 98/1/98
f 97/1/97 145/1/145 146/1/146
f 98/1/98 147/1/147 99/1/99
f 98/1/98 146/1/146 147/1/147
f 99/1/99 148/1/148 100/1/100
f 99/1/99 147/1/147 148/1/148
f 100/1/100 149/1/149 101/1/101
f 100/1/100 148/1/148 149/1/149
f 101/1/101 150/1/150 102/1/102
f 101/1/101 149/1/149 150/1/150
f 102/1/102 151/1/151 103/1/103
f 102/1/102 150/1/150 151/1/151
f 103/1/103 152/1/152 104/1/104
f 103/1/103 151/1/151 152/1/152
f 104/1/104 153/1/153 105/1/105
f 104/1/104 152/1/152 153/1/153
f 105/1/105 154/1/154 106/1/106
f 105/1/105 153/1/153 154/1/154
f 106/1/106 155/1/155 107/1/107
f 106/1/106 154/1/154 155/1/155
f 107/1/107 156/1/156 108/1/108
f 107/1/107 155/1/155 156/1/156
f 108/1/108 157/1/157 109/1/109
f 108/1/108 156/1/156 157/1/157
f 109/1/109 158/1/158 110/1/110
f 109/1/109 157/1/157 158/1/158
f 110/1/110 159/1/159 111/1/111
f 110/1/110 158/1/158 159/1/159
f 111/1/111 160/1/160 112/1/112
f 111/1/111 159/1/159 160/1/160
f 112/1/112 161/1/161 113/1/113
f 112/1/112 160/1/160 161/1/161
f 113/1/113 162/1/162 114/1/114
f 113/1/113 161/1/161 162/1/162
f 114/1/114 163/1/163 115/1/115
f 114/1/114 162/1/162 163/1/163
f 115/1/115 164/1/164 116/1/116
f 115/1/115 163/1/163 164/1/164
f 116/1/116 165/1/165 117/1/117
f 116/1/116 164/1/164 165/1/165
f 117/1/117 166/1/166 118/1/118
f 117/1/117 165/1/165 166/1/166
f 118/1/118 167/1/167 119/1/119
f 118/1/118 166/1/166 167/1/167
f 119/1/119 168/1/168 120/1/120
f 119/1/119 167/1/167 168/1/168
f 120/1/120 169/1/169 121/1/121
f 120/1/120 168/1/168 169/1/169
f 121/1/121 170/1/170 122/1/122
f 121/1/121 169/1/169 170/1/170
f 122/1/122 171/1/171 123/1/123
f 122/1/122 170/1/170 171/1/171
f 123/1/123 172/1/172 124/1/124
f 123/1/123 171/1/171 172/1/172
f 124/1/124 173/1/173 125/1/125
f 124/1/124 172/1/172 173/1/173
f 125/1/125 174/1/174 126/1/126
f 125/1/125 173/1/173 174/1/174
f 126/1/126 175/1/175 127/1/127
f 126/1/126 174/1/174 175/1/175
f 127/1/127 176/1/176 128/1/128
f 127/1/127 175/1/175 176/1/176
f 128/1/128 177/1/177 129/1/129
f 128/1/128 176/1/176 177/1/177
f 129/1/129 178/1/178 130/1/130
f 129/1/129 177/1/177 178/1/178
f 130/1/130 179/1/179 131/1/131
f 130/1/130 178/1/178 179/1/179
f 131/1/131 180/1/180 132/1/132
f 131/1/131 179/1/179 180/1/180
f 132/1/132 181/1/181 133/1/133
f 132/1/132 180/1/180 181/1/181
f 133/1/133 182/1/182 134/1/134
f 133/1/133 181/1/181 182/1/182
f 134/1/134 183/1/183 135/1/135
f 134/1/134 182/1/182 183/1/183
f 135/1/135 184/1/184 136/1/136
f 135/1/135 183/1/183 184/1/184
f 136/1/136 185/1/185 137/1/137
f 136/1/136 184/1/184 185/1/185
f 137/1/137 186/1/186 138/1/138
f 137/1/137 185/1/185 186/1/186
f 138/1/138 187/1/187 139/1/139
f 138/1/138 186/1/186 187/1/187
f 139/1/139 188/1/188 140/1/140
f 139/1/139 187/1/187 188/1/188
f 140/1/140 189/1/189 141/1/141
f 140/1/140 188/1/188 189/1/189
f 141/1/141 190/1/190 142/1/142
f 141/1/141 189/1/189 190/1/190
f 142/1/142 191/1/191 143/1/143
f 142/1/142 190/1/190 191/1/191
f 143/1/143 192/1/192 144/1/144
f 143/1/143 191/1/191 192/1/192
f 144/1/144 145/1/145 97/1/97
f 144/1/144 192/1/192 145/1/145
f 145/1/145 194/1/194 146/1/146
f 145/1/145 193/1/193 194/1/194
f 146/1/146 195/1/195 147/1/147
f 146/1/146 194/1/194 195/1/195
f 147/1/147 196/1/196 148/1/148
f 147/1/147 195/1/195 196/1/196
f 148/1/148 197/1/197 149/1/149
f 148/1/148 196/1/196 197/1/197
f 149/1/149 198/1/198 150/1/150
f 149/1/149 197/1/197 198/1/198
f 150/1/150 199/1/199 151/1/151
f 150/1/150 198/1/198 199/1/199
f 151/1/151 200/1/200 152/1/152
f 151/1/151 199/1/199 200/1/200
f 152/1/152 201/1/201 153/1/153
f 152/1/152 200/1/200 201/1/201
f 153/1/153 202/1/202 154/1/154
f 153/1/153 201/1/201 202/1/202
f 154/1/154 203/1/203 155/1/155
f 154/1/154 202/1/202 203/1/203
f 155/1/155 204/1/204 156/1/156
f 155/1/155 203/1/203 204/1/204
f 156/1/156 205/1/205 157/1/157
f 156/1/156 204/1/204 205/1/205
f 157/1/157 206/1/206 158/1/158
f 157/1/157 205/1/205 206/1/206
f 158/1/158 207/1/207 159/1/159
f 158/1/158 206/1/206 207/1/207
f 159/1/159 208/1/208 160/1/160
f 159/1/159 207/1/207 208/1/208
f 160/1/160 209/1/209 161/1/161
f 160/1/160 208/1/208 209/1/209
f 161/1/161 210/1/210 162/1/162
f 161/1/161 209/1/209 210/1/210
f 162/1/162 211/1/211 163/1/163
f 162/1/162 210/1/210 211/1/211
f 163/1/163 212/1/212 164/1/164
f 163/1/163 211/1/211 212/1/212
f 164/1/164 213/1/213 165/1/165
f 164/1/164 212/1/212 213/1/213
f 165/1/165 214/1/214 166/1/166
f 165/1/165 213/1/213 214/1/214
f 166/1/166 215/1/215 167/1/167
f 166/1/166 214/1/214 215/1/215
f 167/1/167 216/1/216 168/1/168
f 167/1/167 215/1/215 216/1/216
f 168/1/168 217/1/217 169/1/169
f 168/1/168 216/1/216 217/1/217
f 169/1/169 218/1/218 170/1/170
f 169/1/169 217/1/217 218/1/218
f 170/1/170 219/1/219 171/1/171
f 170/1/170 218/1/218 219/1/219
f 171/1/171 220/1/220 172/1/172
f 171/1/171 219/1/219 220/1/220
f 172/1/172 221/1/221 173/1/173
f 172/1/172 220/1/220 221/1/221
f 173/1/173 222/1/222 174/1/174
f 173/1/173 221/1/221 222/1/222
f 174/1/174 223/1/223 175/1/175
f 174/1/174 222/1/222 223/1/223
f 175/1/175 224/1/224 176/1/176
f 175/1/175 223/1/223 224/1/224
f 176/1/176 225/1/225 177/1/177
f 176/1/176 224/1/224 225/1/225
f 177/1/177 226/1/226 178/1/178
f 177/1/177 225/1/225 226/1/226
f 178/1/178 227/1/227 179/1/179
f 178/1/178 226/1/226 227/1/227
f 179/1/179 228/1/228 180/1/180
f 179/1/179 227/1/227 228/1/228
f 180/1/180 229/1/229 181/1/181
f 180/1/180 228/1/228 229/1/229
f 181/1/181 230/1/230 182/1/182
f 181/1/181 229/1/229 230/1/230
f 182/1/182 231/1/231 183/1/183
f 182/1/182 230/1/230 231/1/231
f 183/1/183 232/1/232 184/1/184
f 183/1/183 231/1/231 232/1/232
f 184/1/184 233/1/233 185/1/185
f 184/1/184 232/1/232 233/1/233
f 185/1/185 234/1/234 186/1/186
f 185/1/185 233/1/233 234/1/234
f 186/1/186 235/1/235 187/1/187
f 186/1/186 234/1/234 235/1/235
f 187/1/187 236/1/236 188/1/188
f 187/1/187 235/1/235 236/1/236
f 188/1/188 237/1/237 189/1/189
f 188/1/188 236/1/236 237/1/237
f 189/1/189 238/1/238 190/1/190
f 189/1/189 237/1/237 238/1/238
f 190/1/190 239/1/239 191/1/191
f 190/1/190 238/1/238 239/1/239
f 191/1/191 240/1/240 192/1/192
f 191/1/191 239/1/239 240/1/240
f 192/1/192 193/1/193 145/1/145
f 192/1/192 240/1/240 193/1/193
f 193/1/193 242/1/242 194/1/194
f 193/1/193 241/1/241 242/1/242
f 194/1/194 243/1/243 195/1/195
f 194/1/194 242/1/242 243/1/243
f 195/1/195 244/1/244 196/1/196
f 195/1/195 243/1/243 244/1/244
f 196/1/196 245/1/245 197/1/197
f 196/1/196 244/1/244 245/1/245
f 197/1/197 246/1/246 198/1/198
f 197/1/197 245/1/245 246/1/246
f 198/1/198 247/1/247 199/1/199
f 198/1/198 246/1/246 247/1/247
f 199/1/199 248/1/248 200/1/200
f 199/1/199 247/1/247 248/1/248
f 200/1/200 249/1/249 201/1/201
f 200/1/200 248/1/248 249/1/249
f 201/1/201 250/1/250 202/1/202
f 201/1/201 249/1/249 250/1/250
f 202/1/202 251/1/251 203/1/203
f 202/1/202 250/1/250 251/1/251
f 203/1/203 252/1/252 204/1/204
f 203/1/203 251/1/251 252/1/252
f 204/1/204 253/1/253 205/1/205
f 204/1/204 252/1/252 253/1/253
f 205/1/205 254/1/254 206/1/206
f 205/1/205 253/1/253 254/1/254
f 206/1/206 255/1/255 207/1/207
f 206/1/206 254/1/254 255/1/255
f 207/1/207 256/1/256 208/1/208
f 207/1/207 255/1/255 256/1/256
f 208/1/208 257/1/257 209/1/209
f 208/1/208 256/1/256 257/1/257
f 209/1/209 258/1/258 210/1/210
f 209/1/209 257/1/257 258/1/258
f 210/1/210 259/1/259 211/1/211
f 210/1/210 258/1/258 259/1/259
f 211/1/211 260/1/260 212/1/212
f 211/1/211 259/1/259 260/1/260
f 212/1/212 261/1/261 213/1/213
f 212/1/212 260/1/260 261/1/261
f 213/1/213 262/1/262 214/1/214
f 213/1/213 261/1/261 262/1/262
f 214/1/214 263/1/263 215/1/215
f 214/1/214 262/1/262 263/1/263
f 215/1/215 264/1/264 216/1/216
f 215/1/215 263/1/263 264/1/264
f 216/1/216 265/1/265 217/1/217
f 216/1/216 264/1/264 265/1/265
f 217/1/217 266/1/266 218/1/218
f 217/1/217 265/1/265 266/1/266
f 218/1/218 267/1/267 219/1/219
f 218/1/218 266/1/266 267/1/267
f 219/1/219 268/1/268 220/1/220
f 219/1/219 267/1/267 268/1/268
f 220/1/220 269/1/269 221/1/221
f 220/1/220 268/1/268 269/1/269
f 221/1/221 270/1/270 222/1/222
f 221/1/221 269/1/269 270/1/270
f 222/1/222 271/1/271 223/1/223
f 222/1/222 270/1/270 271/1/271
f 223/1/223 272/1/272 224/1/224
f 223/1/223 271/1/271 272/1/272
f 224/1/224 273/1/273 225/1/225
f 224/1/224 272/1/272 273/1/273
f 225/1/225 274/1/274 226/1/226
f 225/1/225 273/1/273 274/1/274
f 226/1/226 275/1/275 227/1/227
f 226/1/226 274/1/274 275/1/275
f 227/1/227 276/1/276 228/1/228
f 227/1/227 275/1/275 276/1/276
f 228/1/228 277/1/277 229/1/229
f 228/1/228 276/1/276 277/1/277
f 229/1/229 278/1/278 230/1/230
f 229/1/229 277/1/277 278/1/278
f 230/1/230 279/1/279 231/1/231
f 230/1/230 278/1/278 279/1/279
f 231/1/231 280/1/280 232/1/232
f 231/1/231 279/1/279 280/1/280
f 232/1/232 281/1/281 233/1/233
f 232/1/232 280/1/280 281/1/281
f 233/1/233 282/1/282 234/1/234
f 233/1/233 281/1/281 282/1/282
f 234/1/234 283/1/283 235/1/235
f 234/1/234 282/1/282 283/1/283
f 235/1/235 284/1/284 236/1/236
f 235/1/235 283/1/283 284/1/284
f 236/1/236 285/1/285 237/1/237
f 236/1/236 284/1/284 285/1/285
f 237/1/237 286/1/286 238/1/238
f 237/1/237 285/1/285 286/1/286
f 238/1/238 287/1/287 239/1/239
f 238/1/238 286/1/286 287/1/287
f 239/1/239 288/1/288 240/1/240
f 239/1/239 287/1/287 288/1/288
f 240/1/240 241/1/241 193/1/193
f 240/1/240 288/1/288 241/1/241
f 241/1/241 290/1/290 242/1/242
f 241/1/241 289/1/289 290/1/290
f 242/1/242 291/1/291 243/1/243
f 242/1/242 290/1/290 291/1/291
f 243/1/243 292/1/292 244/1/244
f 243/1/243 291/1/291 292/1/292
f 244/1/244 293/1/293 245/1/245
f 244/1/244 292/1/292 293/1/293
f 245/1/245 294/1/294 246/1/246
f 245/1/245 293/1/293 294/1/294
f 246/1/246 295/1/295 247/1/247
f 246/1/246 294/1/294 295/1/295
f 247/1/247 296/1/296 248/1/248
f 247/1/247 295/1/295 296/1/296
f 248/1/248 297/1/297 249/1/249
f 248/1/248 296/1/296 297/1/297
f 249/1/249 298/1/298 250/1/250
f 249/1/249 297/1/297 298/1/298
f 250/1/250 299/1/299 251/1/251
f 250/1/250 298/1/298 299/1/299
f 251/1/251 300/1/300 252/1/252
f 251/1/251 299/1/299 300/1/300
f 252/1/252 301/1/301 253/1/253
f 252/1/252 300/1/300 301/1/301
f 253/1/253 302/1/302 254/1/254
f 253/1/253 301/1/301 302/1/302
f 254/1/254 303/1/303 255/1/255
f 254/1/254 302/1/302 303/1/303
f 255/1/255 304/1/304 256/1/256
f 255/1/255 303/1/303 304/1/304
f 256/1/256 305/1/305 257/1/257
f 256/1/256 304/1/304 305/1/305
f 257/1/257 306/1/306 258/1/258
f 257/1/257 305/1/305 306/1/306
f 258/1/258 307/1/307 259/1/259
f 258/1/258 306/1/306 307/1/307
f 259/1/259 308/1/308 260/1/260
f 259/1/259 307/1/307 308/1/308
f 260/1/260 309/1/309 261/1/261
f 260/1/260 308/1/308 309/1/309
f 261/1/261 310/1/310 262/1/262
f 261/1/261 309/1/309 310/1/310
f 262/1/262 311/1/311 263/1/263
f 262/1/262 310/1/310 311/1/311
f 263/1/263 312/1/312 264/1/264
f 263/1/263 311/1/311 312/1/312
f 264/1/264 313/1/313 265/1/265
f 264/1/264 312/1/312 313/1/313
f 265/1/265 314/1/314 266/1/266
f 265/1/265 313/1/313 314/1/314
f 266/1/266 315/1/315 267/1/267
f 266/1/266 314/1/314 315/1/315
f 267/1/267 316/1/316 268/1/268
f 267/1/267 315/1/315 316/1/316
f 268/1/268 317/1/317 269/1/269
f 268/1/268 316/1/316 317/1/317
f 269/1/269 318/1/318 270/1/270
f 269/1/269 317/1/317 318/1/318
f 270/1/270 319/1/319 271/1/271
f 270/1/270 318/1/318 319/1/319
f 271/1/271 320/1/320 272/1/272
f 271/1/271 319/1/319 320/1/320
f 272/1/272 321/1/321 273/1/273
f 272/1/272 320/1/320 321/1/321
f 273/1/273 322/1/322 274/1/274
f 273/1/273 321/1/321 322/1/322
f 274/1/274 323/1/323 275/1/275
f 274/1/274 322/1/322 323/1/323
f 275/1/275 324/1/324 276/1/276
f 275/1/275 323/1/323 324/1/324
f 276/1/276 325/1/325 277/1/277
f 276/1/276 324/1/324 325/1/325
f 277/1/277 326/1/326 278/1/278
f 277/1/277 325/1/325 326/1/326
f 278/1/278 327/1/327 279/1/279
f 278/1/278 326/1/326 327/1/327
f 279/1/279 328/1/328 280/1/280
f 279/1/279 327/1/327 328/1/328
f 280/1/280 329/1/329 281/1/281
f 280/1/280 328/1/328 329/1/329
f 281/1/281 330/1/330 282/1/282
f 281/1/281 329/1/329 330/1/330
f 282/1/282 331/1/331 283/1/283
f 282/1/282 330/1/330 331/1/331
f 283/1/283 332/1/332 284/1/284
f 283/1/283 331/1/331 332/1/332
f 284/1/284 333/1/333 285/1/285
f 284/1/284 332/1/332 333/1/333
f 285/1/285 334/1/334 286/1/286
f 285/1/285 333/1/333 334/1/334
f 286/1/286 335/1/335 287/1/287
f 286/1/286 334/1/334 335/1/335
f 287/1/287 336/1/336 288/1/288
f 287/1/287 335/1/335 336/1/336
f 288/1/288 289/1/289 241/1/241
f 288/1/288 336/1/336 289/1/289
f 289/1/289 338/1/338 290/1/290
f 289/1/289 337/1/337 338/1/338
f 290/1/290 339/1/339 291/1/291
f 290/1/290 338/1/338 339/1/339
f 291/1/291 340/1/340 292/1/292
f 291/1/291 339/1/339 340/1/340
f 292/1/292 341/1/341 293/1/293
f 292/1/292 340/1/340 341/1/341
f 293/1/293 342/1/342 294/1/294
f 293/1/293 341/1/341 342/1/342
f 294/1/294 343/1/343 295/1/295
f 294/1/294 342/1/342 343/1/343
f 295/1/295 344/1/344 296/1/296
f 295/1/295 343/1/343 344/1/344
f 296/1/296 345/1/345 297/1/297
f 296/1/296 344/1/344 345/1/345
f 297/1/297 346/1/346 298/1/298
f 297/1/297 345/1/345 346/1/346
f 298/1/298 347/1/347 299/1/299
f 298/1/298 346/1/346 347/1/347
f 299/1/299 348/1/348 300/1/300
f 299/1/299 347/1/347 348/1/348
f 300/1/300 349/1/349 301/1/301
f 300/1/300 348/1/348 349/1/349
f 301/1/301 350/1/350 302/1/302
f 301/1/301 349/1/349 350/1/350
f 302/1/302 351/1/351 303/1/303
f 302/1/302 350/1/350 351/1/351
f 303/1/303 352/1/352 304/1/304
f 303/1/303 351/1/351 352/1/352
f 304/1/304 353/1/353 305/1/305
f 304/1/304 352/1/352 353/1/353
f 305/1/305 354/1/354 306/1/306
f 305/1/305 353/1/353 354/1/354
f 306/1/306 355/1/355 307/1/307
f 306/1/306 354/1/354 355/1/355
f 307/1/307 356/1/356 308/1/308
f 307/1/307 355/1/355 356/1/356
f 308/1/308 357/1/357 309/1/309
f 308/1/308 356/1/356 357/1/357
f 309/1/309 358/1/358 310/1/310
f 309/1/309 357/1/357 358/1/358
f 310/1/310 359/1/359 311/1/311
f 310/1/310 358/1/358 359/1/359
f 311/1/311 360/1/360 312/1/312
f 311/1/311 359/1/359 360/1/360
f 312/1/312 361/1/361 313/1/313
f 312/1/312 360/1/360 361/1/361
f 313/1/313 362/1/362 314/1/314
f 313/1/313 361/1/361 362/1/362
f 314/1/314 363/1/363 315/1/315
f 314/1/314 362/1/362 363/1/363
f 315/1/315 364/1/364 316/1/316
f 315/1/315 363/1/363 364/1/364
f 316/1/316 365/1/365 317/1/317
f 316/1/316 364/1/364 365/1/365
f 317/1/317 366/1/366 318/1/318
f 317/1/317 365/1/365 366/1/366
f 318/1/318 367/1/367 319/1/319
f 318/1/318 366/1/366 367/1/367
f 319/1/319 368/1/368 320/1/320
f 319/1/319 367/1/367 368/1/368
f 320/1/320 369/1/369 321/1/321
f 320/1/320 368/1/368 369/1/369
f 321/1/321 370/1/370 322/1/322
f 321/1/321 369/1/369 370/1/370
f 322/1/322 371/1/371 323/1/323
f 322/1/322 370/1/370 371/1/371
f 323/1/323 372/1/372 324/1/324
f 323/1/323 371/1/371 372/1/372
f 324/1/324 373/1/373 325/1/325
f 324/1/324 372/1/372 373/1/373
f 325/1/325 374/1/374 326/1/326
f 325/1/325 373/1/373 374/1/374
f 326/1/326 375/1/375 327/1/327
f 326/1/326 374/1/374 375/1/375
f 327/1/327 376/1/376 328/1/328
f 327/1/327 375/1/375 376/1/376
f 328/1/328 377/1/377 329/1/329
f 328/1/328 376/1/376 377/1/377
f 329/1/329 378/1/378 330/1/330
f 329/1/329 377/1/377 378/1/378
f 330/1/330 379/1/379 331/1/331
f 330/1/330 378/1/378 379/1/379
f 331/1/331 380/1/380 332/1/332
f 331/1/331 379/1/379 380/1/380
f 332/1/332 381/1/381 333/1/333
f 332/1/332 380/1/380 381/1/381
f 333/1/333 382/1/382 334/1/334
f 333/1/333 381/1/381 382/1/382
f 334/1/334 383/1/383 335/1/335
f 334/1/334 382/1/382 383/1/383
f 335/1/335 384/1/384 336/1/336
f 335/1/335 383/1/383 384/1/384
f 336/1/336 337/1/337 289/1/289
f 336/1/336 384/1/384 337/1/337
f 337/1/337 386/1/386 338/1/338
f 337/1/337 385/1/385 386/1/386
f 338/1/338 387/1/387 339/1/339
f 338/1/338 386/1/386 387/1/387
f 339/1/339 388/1/388 340/1/340
f 339/1/339 387/1/387 388/1/388
f 340/1/340 389/1/389 341/1/341
f 340/1/340 388/1/388 389/1/389
f 341/1/341 390/1/390 342/1/342
f 341/1/341 389/1/389 390/1/390
f 342/1/342 391/1/391 343/1/343
f 342/1/342 390/1/390 391/1/391
f 343/1/343 392/1/392 344/1/344
f 343/1/343 391/1/391 392/1/392
f 344/1/344 393/1/393 345/1/345
f 344/1/344 392/1/392 393/1/393
f 345/1/345 394/1/394 346/1/346
f 345/1/345 393/1/393 394/1/394
f 346/1/346 395/1/395 347/1/347
f 346/1/346 394/1/394 395/1/395
f 347/1/347 396/1/396 348/1/348
f 347/1/347 395/1/395 396/1/396
f 348/1/348 397/1/397 349/1/349
f 348/1/348 396/1/396 397/1/397
f 349/1/349 398/1/398 350/1/350
f 349/1/349 397/1/397 398/1/398
f 350/1/350 399/1/399 351/1/351
f 350/1/350 398/1/398 399/1/399
f 351/1/351 400/1/400 352/1/352
f 351/1/351 399/1/399 400/1/400
f 352/1/352 401/1/401 353/1/353
f 352/1/352 400/1/400 401/1/401
f 353/1/353 402/1/402 354/1/354
f 353/1/353 401/1/401 402/1/402
f 354/1/354 403/1/403 355/1/355
f 354/1/354 402/1/402 403/1/403
f 355/1/355 404/1/404 356/1/356
f 355/1/355 403/1/403 404/1/404
f 356/1/356 405/1/405 357/1/357
f 356/1/356 404/1/404 405/1/405
f 357/1/357 406/1/406 358/1/358
f 357/1/357 405/1/405 406/1/406
f 358/1/358 407/1/407 359/1/359
f 358/1/358 406/1/406 407/1/407
f 359/1/359 408/1/408 360/1/360
f 359/1/359 407/1/407 408/1/408
f 360/1/360 409/1/409 361/1/361
f 360/1/360 408/1/408 409/1/409
f 361/1/361 410/1/410 362/1/362
f 361/1/361 409/1/409 410/1/410
f 362/1/362 411/1/411 363/1/363
f 362/1/362 410/1/410 411/1/411
f 363/1/363 412/1/412 364/1/364
f 363/1/363 411/1/411 412/1/412
f 364/1/364 413/1/413 365/1/365
f 364/1/364 412/1/412 413/1/413
f 365/1/365 414/1/414 366/1/366
f 365/1/365 413/1/413 414/1/414
f 366/1/366 415/1/415 367/1/367
f 366/1/366 414/1/414 415/1/415
f 367/1/367 416/1/416 368/1/368
f 367/1/367 415/1/415 416/1/416
f 368/1/368 417/1/417 369/1/369
f 368/1/368 416/1/416 417/1/417
f 369/1/369 418/1/418 370/1/370
f 369/1/369 417/1/417 418/1/418
f 370/1/370 419/1/419 371/1/371
f 370/1/370 418/1/418 419/1/419
f 371/1/371 420/1/420 372/1/372
f 371/1/371 419/1/419 420/1/420
f 372/1/372 421/1/421 373/1/373
f 372/1/372 420/1/420 421/1/421
f 373/1/373 422/1/422 374/1/374
f 373/1/373 421/1/421 422/1/422
f 374/1/374 423/1/423 375/1/375
f 374/1/374 422/1/422 423/1/423
f 375/1/375 424/1/424 376/1/376
f 375/1/375 423/1/423 424/1/424
f 376/1/376 425/1/425 377/1/377
f 376/1/376 424/1/424 425/1/425
f 377/1/377 426/1/426 378/1/378
f 377/1/377 425/1/425 426/1/426
f 378/1/378 427/1/427 379/1/379
f 378/1/378 426/1/426 427/1/427
f 379/1/379 428/1/428 380/1/380
f 379/1/379 427/1/427 428/1/428
f 380/1/380 429/1/429 381/1/381
f 380/1/380 428/1/428 429/1/429
f 381/1/381 430/1/430 382/1/382
f 381/1/381 429/1/429 430/1/430
f 382/1/382 431/1/431 383/1/383
f 382/1/382 430/1/430 431/1/431
f 383/1/383 432/1/432 384/1/384
f 383/1/383 431/1/431 432/1/432
f 384/1/384 385/1/385 337/1/337
f 384/1/384 432/1/432 385/1/385
f 385/1/385 434/1/434 386/1/386
f 385/1/385 433/1/433 434/1/434
f 386/1/386 435/1/435 387/1/387
f 386/1/386 434/1/434 435/1/435
f 387/1/387 436/1/436 388/1/388
f 387/1/387 435/1/435 436/1/436
f 388/1/388 437/1/437 389/1/389
f 388/1/388 436/1/436 437/1/437
f 389/1/389 438/1/438 390/1/390
f 389/1/389 437/1/437 438/1/438
f 390/1/390 439/1/439 391/1/391
f 390/1/390 438/1/438 439/1/439
f 391/1/391 440/1/440 392/1/392
f 391/1/391 439/1/439 440/1/440
f 392/1/392 441/1/441 393/1/393
f 392/1/392 440/1/440 441/1/441
f 393/1/393 442/1/442 394/1/394
f 393/1/393 441/1/441 442/1/442
f 394/1/394 443/1/443 395/1/395
f 394/1/394 442/1/442 443/1/443
f 395/1/395 444/1/444 396/1/396
f 395/1/395 443/1/443 444/1/444
f 396/1/396 445/1/445 397/1/397
f 396/1/396 444/1/444 445/1/445
f 397/1/397 446/1/446 398/1/398
f 397/1/397 445/1/445 446/1/446
f 398/1/398 447/1/447 399/1/399
f 398/1/398 446/1/446 447/1/447
f 399/1/399 448/1/448 400/1/400
f 399/1/399 447/1/447 448/1/448
f 400/1/400 449/1/449 401/1/401
f 400/1/400 448/1/448 449/1/449
f 401/1/401 450/1/450 402/1/402
f 401/1/401 449/1/449 450/1/450
f 402/1/402 451/1/451 403/1/403
f 402/1/402 450/1/450 451/1/451
f 403/1/403 452/1/452 404/1/404
f 403/1/403 451/1/451 452/1/452
f 404/1/404 453/1/453 405/1/405
f 404/1/404 452/1/452 453/1/453
f 405/1/405 454/1/454 406/1/406
f 405/1/405 453/1/453 454/1/454
f 406/1/406 455/1/455 407/1/407
f 406/1/406 454/1/454 455/1/455
f 407/1/407 456/1/456 408/1/408
f 407/1/407 455/1/455 456/1/456
f 408/1/408 457/1/457 409/1/409
f 408/1/408 456/1/456 457/1/457
f 409/1/409 458/1/458 410/1/410
f 409/1/409 457/1/457 458/1/458
f 410/1/410 459/1/459 411/1/411
f 410/1/410 458/1/458 459/1/459
f 411/1/411 460/1/460 412/1/412
f 411/1/411 459/1/459 460/1/460
f 412/1/412 461/1/461 413/1/413
f 412/1/412 460/1/460 461/1/461
f 413/1/413 462/1/462 414/1/414
f 413/1/413 461/1/461 462/1/462
f 414/1/414 463/1/463 415/1/415
f 414/1/414 462/1/462 463/1/463
f 415/1/415 464/1/464 416/1/416
f 415/1/415 463/1/463 464/1/464
f 416/1/416 465/1/465 417/1/417
f 416/1/416 464/1/464 465/1/465
f 417/1/417 466/1/466 418/1/418
f 417/1/417 465/1/465 466/1/466
f 418/1/418 467/1/467 419/1/419
f 418/1/418 466/1/466 467/1/467
f 419/1/419 468/1/468 420/1/420
f 419/1/419 467/1/467 468/1/468
f 420/1/420 469/1/469 421/1/421
f 420/1/420 468/1/468 469/1/469
f 421/1/421 470/1/470 422/1/422
f 421/1/421 469/1/469 470/1/470
f 422/1/422 471/1/471 423/1/423
f 422/1/422 470/1/470 471/1/471
f 423/1/423 472/1/472 424/1/424
f 423/1/423 471/1/471 472/1/472
f 424/1/424 473/1/473 425/1/425
f 424/1/424 472/1/472 473/1/473
f 425/1/425 474/1/474 426/1/426
f 425/1/425 473/1/473 474/1/474
f 426/1/426 475/1/475 427/1/427
f 426/1/426 474/1/474 475/1/475
f 427/1/427 476/1/476 428/1/428
f 427/1/427 475/1/475 476/1/476
f 428/1/428 477/1/477 429/1/429
f 428/1/428 476/1/476 477/1/477
f 429/1/429 478/1/478 430/1/430
f 429/1/429 477/1/477 478/1/478
f 430/1/430 479/1/479 431/1/431
f 430/1/430 478/1/478 479/1/479
f 431/1/431 480/1/480 432/1/432
f 431/1/431 479/1/479 480/1/480
f 432/1/432 433/1/433 385/1/385
f 432/1/432 480/1/480 433/1/433
f 433/1/433 482/1/482 434/1/434
f 433/1/433 481/1/481 482/1/482
f 434/1/434 483/1/483 435/1/435
f 434/1/434 482/1/482 483/1/483
f 435/1/435 484/1/484 436/1/436
f 435/1/435 483/1/483 484/1/484
f 436/1/436 485/1/485 437/1/437
f 436/1/436 484/1/484 485/1/485
f 437/1/437 486/1/486 438/1/438
f 437/1/437 485/1/485 486/1/486
f 438/1/438 487/1/487 439/1/439
f 438/1/438 486/1/486 487/1/487
f 439/1/439 488/1/488 440/1/440
f 439/1/439 487/1/487 488/1/488
f 440/1/440 489/1/489 441/1/441
f 440/1/440 488/1/488 489/1/489
f 441/1/441 490/1/490 442/1/442
f 441/1/441 489/1/489 490/1/490
f 442/1/442 491/1/491 443/1/443
f 442/1/442 490/1/490 491/1/491
f 443/1/443 492/1/492 444/1/444
f 443/1/443 491/1/491 492/1/492
f 444/1/444 493/1/493 445/1/445
f 444/1/444 492/1/492 493/1/493
f 445/1/445 494/1/494 446/1/446
f 445/1/445 493/1/493 494/1/494
f 446/1/446 495/1/495 447/1/447
f 446/1/446 494/1/494 495/1/495
f 447/1/447 496/1/496 448/1/448
f 447/1/447 495/1/495 496/1/496
f 448/1/448 497/1/497 449/1/449
f 448/1/448 496/1/496 497/1/497
f 449/1/449 498/1/498 450/1/450
f 449/1/449 497/1/497 498/1/498
f 450/1/450 499/1/499 451/1/451
f 450/1/450 498/1/498 499/1/499
f 451/1/451 500/1/500 452/1/452
f 451/1/451 499/1/499 500/1/500
f 452/1/452 501/1/501 453/1/453
f 452/1/452 500/1/500 501/1/501
f 453/1/453 502/1/502 454/1/454
f 453/1/453 501/1/501 502/1/502
f 454/1/454 503/1/503 455/1/455
f 454/1/454 502/1/502 503/1/503
f 455/1/455 504/1/504 456/1/456
f 455/1/455 503/1/503 504/1/504
f 456/1/456 505/1/505 457/1/457
f 456/1/456 504/1/504 505/1/505
f 457/1/457 506/1/506 458/1/458
f 457/1/457 505/1/505 506/1/506
f 458/1/458 507/1/507 459/1/459
f 458/1/458 506/1/506 507/1/507
f 459/1/459 508/1/508 460/1/460
f 459/1/459 507/1/507 508/1/508
f 460/1/460 509/1/509 461/1/461
f 460/1/460 508/1/508 509/1/509
f 461/1/461 510/1/510 462/1/462
f 461/1/461 509/1/509 510/1/510
f 462/1/462 511/1/511 463/1/463
f 462/1/462 510/1/510 511/1/511
f 463/1/463 512/1/512 464/1/464
f 463/1/463 511/1/511 512/1/512
f 464/1/464 513/1/513 465/1/465
f 464/1/464 512/1/512 513/1/513
f 465/1/465 514/1/514 466/1/466
f 465/1/465 513/1/513 514/1/514
f 466/1/466 515/1/515 467/1/467
f 466/1/466 514/1/514 515/1/515
f 467/1/467 516/1/516 468/1/468
f 467/1/467 515/1/515 516/1/516
f 468/1/468 517/1/517 469/1/469
f 468/1/468 516/1/516 517/1/517
f 469/1/469 518/1/518 470/1/470
f 469/1/469 517/1/517 518/1/518
f 470/1/470 519/1/519 471/1/471
f 470/1/470 518/1/518 519/1/519
f 471/1/471 520/1/520 472/1/472
f 471/1/471 519/1/519 520/1/520
f 472/1/472 521/1/521 473/1/473
f 472/1/472 520/1/520 521/1/521
f 473/1/473 522/1/522 474/1/474
f 473/1/473 521/1/521 522/1/522
f 474/1/474 523/1/523 475/1/475
f 474/1/474 522/1/522 523/1/523
f 475/1/475 524/1/524 476/1/476
f 475/1/475 523/1/523 524/1/524
f 476/1/476 525/1/525 477/1/477
f 476/1/476 524/1/524 525/1/525
f 477/1/477 526/1/526 478/1/478
f 477/1/477 525/1/525 526/1/526
f 478/1/478 527/1/527 479/1/479
f 478/1/478 526/1/526 527/1/527
f 479/1/479 528/1/528 480/1/480
f 479/1/479 527/1/527 528/1/528
f 480/1/480 481/1/481 433/1/433
f 480/1/480 528/1/528 481/1/481
f 481/1/481 530/1/530 482/1/482
f 481/1/481 529/1/529 530/1/530
f 482/1/482 531/1/531 483/1/483
f 482/1/482 530/1/530 531/1/531
f 483/1/483 532/1/532 484/1/484
f 483/1/483 531/1/531 532/1/532
f 484/1/484 533/1/533 485/1/485
f 484/1/484 532/1/532 533/1/533
f 485/1/485 534/1/534 486/1/486
f 485/1/485 533/1/533 534/1/534
f 486/1/486 535/1/535 487/1/487
f 486/1/486 534/1/534 535/1/535
f 487/1/487 536/1/536 488/1/488
f 487/1/487 535/1/535 536/1/536
f 488/1/488 537/1/537 489/1/489
f 488/1/488 536/1/536 537/1/537
f 489/1/489 538/1/538 490/1/490
f 489/1/489 537/1/537 538/1/538
f 490/1/490 539/1/539 491/1/491
f 490/1/490 538/1/538 539/1/539
f 491/1/491 540/1/540 492/1/492
f 491/1/491 539/1/539 540/1/540
f 492/1/492 541/1/541 493/1/493
f 492/1/492 540/1/540 541/1/541
f 493/1/493 542/1/542 494/1/494
f 493/1/493 541/1/541 542/1/542
f 494/1/494 543/1/543 495/1/495
f 494/1/494 542/1/542 543/1/543
f 495/1/495 544/1/544 496/1/496
f 495/1/495 543/1/543 544/1/544
f 496/1/496 545/1/545 497/1/497
f 496/1/496 544/1/544 545/1/545
f 497/1/497 546/1/546 498/1/498
f 497/1/497 545/1/545 546/1/546
f 498/1/498 547/1/547 499/1/499
f 498/1/498 546/1/546 547/1/547
f 499/1/499 548/1/548 500/1/500
f 499/1/499 547/1/547 548/1/548
f 500/1/500 549/1/549 501/1/501
f 500/1/500 548/1/548 549/1/549
f 501/1/501 550/1/550 502/1/502
f 501/1/501 549/1/549 550/1/550
f 502/1/502 551/1/551 503/1/503
f 502/1/502 550/1/550 551/1/551
f 503/1/503 552/1/552 504/1/504
f 503/1/503 551/1/551 552/1/552
f 504/1/504 553/1/553 505/1/505
f 504/1/504 552/1/552 553/1/553
f 505/1/505 554/1/554 506/1/506
f 505/1/505 553/1/553 554/1/554
f 506/1/506 555/1/555 507/1/507
f 506/1/506 554/1/554 555/1/555
f 507/1/507 556/1/556 508/1/508
f 507/1/507 555/1/555 556/1/556
f 508/1/508 557/1/557 509/1/509
f 508/1/508 556/1/556 557/1/557
f 509/1/509 558/1/558 510/1/510
f 509/1/509 557/1/557 558/1/558
f 510/1/510 559/1/559 511/1/511
f 510/1/510 558/1/558 559/1/559
f 511/1/511 560/1/560 512/1/512
f 511/1/511 559/1/559 560/1/560
f 512/1/512 561/1/561 513/1/513
f 512/1/512 560/1/560 561/1/561
f 513/1/513 562/1/562 514/1/514
f 513/1/513 561/1/561 562/1/562
f 514/1/514 563/1/563 515/1/515
f 514/1/514 562/1/562 563/1/563
f 515/1/515 564/1/564 516/1/516
f 515/1/515 563/1/563 564/1/564
f 516/1/516 565/1/565 517/1/517
f 516/1/516 564/1/564 565/1/565
f 517/1/517 566/1/566 518/1/518
f 517/1/517 565/1/565 566/1/566
f 518/1/518 567/1/567 519/1/519
f 518/1/518 566/1/566 567/1/567
f 519/1/519 568/1/568 520/1/520
f 519/1/519 567/1/567 568/1/568
f 520/1/520 569/1/569 521/1/521
f 520/1/520 568/1/568 569/1/569
f 521/1/521 570/1/570 522/1/522
f 521/1/521 569/1/569 570/1/570
f 522/1/522 571/1/571 523/1/523
f 522/1/522 570/1/570 571/1/571
f 523/1/523 572/1/572 524/1/524
f 523/1/523 571/1/571 572/1/572
f 524/1/524 573/1/573 525/1/525
f 524/1/524 572/1/572 573/1/573
f 525/1/525 574/1/574 526/1/526
f 525/1/525 573/1/573 574/1/574
f 526/1/526 575/1/575 527/1/527
f 526/1/526 574/1/574 575/1/575
f 527/1/527 576/1/576 528/1/528
f 527/1/527 575/1/575 576/1/576
f 528/1/528 529/1/529 481/1/481
f 528/1/528 576/1/576 529/1/529
f 529/1/529 578/1/578 530/1/530
f 529/1/529 577/1/577 578/1/578
f 530/1/530 579/1/579 531/1/531
f 530/1/530 578/1/578 579/1/579
f 531/1/531 580/1/580 532/1/532
f 531/1/531 579/1/579 580/1/580
f 532/1/532 581/1/581 533/1/533
f 532/1/532 580/1/580 581/1/581
f 533/1/533 582/1/582 534/1/534
f 533/1/533 581/1/581 582/1/582
f 534/1/534 583/1/583 535/1/535
f 534/1/534 582/1/582 583/1/583
f 535/1/535 584/1/584 536/1/536
f 535/1/535 583/1/583 584/1/584
f 536/1/536 585/1/585 537/1/537
f 536/1/536 584/1/584 585/1/585
f 537/1/537 586/1/586 538/1/538
f 537/1/537 585/1/585 586/1/586
f 538/1/538 587/1/587 539/1/539
f 538/1/538 586/1/586 587/1/587
f 539/1/539 588/1/588 540/1/540
f 539/1/539 587/1/587 588/1/588
f 540/1/540 589/1/589 541/1/541
f 540/1/540 588/1/588 589/1/589
f 541/1/541 590/1/590 542/1/542
f 541/1/541 589/1/589 590/1/590
f 542/1/542 591/1/591 543/1/543
f 542/1/542 590/1/590 591/1/591
f 543/1/543 592/1/592 544/1/544
f 543/1/543 591/1/591 592/1/592
f 544/1/544 593/1/593 545/1/545
f 544/1/544 592/1/592 593/1/593
f 545/1/545 594/1/594 546/1/546
f 545/1/545 593/1/593 594/1/594
f 546/1/546 595/1/595 547/1/547
f 546/1/546 594/1/594 595/1/595
f 547/1/547 596/1/596 548/1/548
f 547/1/547 595/1/595 596/1/596
f 548/1/548 597/1/597 549/1/549
f 548/1/548 596/1/596 597/1/597
f 549/1/549 598/1/598 550/1/550
f 549/1/549 597/1/597 598/1/598
f 550/1/550 599/1/599 551/1/551
f 550/1/550 598/1/598 599/1/599
f 551/1/551 600/1/600 552/1/552
f 551/1/551 599/1/599 600/1/600
f 552/1/552 601/1/601 553/1/553
f 552/1/552 600/1/600 601/1/601
f 553/1/553 602/1/602 554/1/554
f 553/1/553 601/1/601 602/1/602
f 554/1/554 603/1/603 555/1/555
f 554/1/554 602/1/602 603/1/603
f 555/1/555 604/1/604 556/1/556
f 555/1/555 603/1/603 604/1/604
f 556/1/556 605/1/605 557/1/557
f 556/1/556 604/1/604 605/1/605
f 557/1/557 606/1/606 558/1/558
f 557/1/557 605/1/605 606/1/606
f 558/1/558 607/1/607 559/1/559
f 558/1/558 606/1/606 607/1/607
f 559/1/559 608/1/608 560/1/560
f 559/1/559 607/1/607 608/1/608
f 560/1/560 609/1/609 561/1/561
f 560/1/560 608/1/608 609/1/609
f 561/1/561 610/1/610 562/1/562
f 561/1/561 609/1/609 610/1/610
f 562/1/562 611/1/611 563/1/563
f 562/1/562 610/1/610 611/1/611
f 563/1/563 612/1/612 564/1/564
f 563/1/563 611/1/611 612/1/612
f 564/1/564 613/1/613 565/1/565
f 564/1/564 612/1/612 613/1/613
f 565/1/565 614/1/614 566/1/566
f 565/1/565 613/1/613 614/1/614
f 566/1/566 615/1/615 567/1/567
f 566/1/566 614/1/614 615/1/615
f 567/1/567 616/1/616 568/1/568
f 567/1/567 615/1/615 616/1/616
f 568/1/568 617/1/617 569/1/569
f 568/1/568 616/1/616 617/1/617
f 569/1/569 618/1/618 570/1/570
f 569/1/569 617/1/617 618/1/618
f 570/1/570 619/1/619 571/1/571
f 570/1/570 618/1/618 619/1/619
f 571/1/571 620/1/620 572/1/572
f 571/1/571 619/1/619 620/1/620
f 572/1/572 621/1/621 573/1/573
f 572/1/572 620/1/620 621/1/621
f 573/1/573 622/1/622 574/1/574
f 573/1/573 621/1/621 622/1/622
f 574/1/574 623/1/623 575/1/575
f 574/1/574 622/1/622 623/1/623
f 575/1/575 624/1/624 576/1/576
f 575/1/575 623/1/623 624/1/624
f 576/1/576 577/1/577 529/1/529
f 576/1/576 624/1/624 577/1/577
f 577/1/577 626/1/626 578/1/578
f 577/1/577 625/1/625 626/1/626
f 578/1/578 627/1/627 579/1/579
f 578/1/578 626/1/626 627/1/627
f 579/1/579 628/1/628 580/1/580
f 579/1/579 627/1/627 628/1/628
f 580/1/580 629/1/629 581/1/581
f 580/1/580 628/1/628 629/1/629
f 581/1/581 630/1/630 582/1/582
f 581/1/581 629/1/629 630/1/630
f 582/1/582 631/1/631 583/1/583
f 582/1/582 630/1/630 631/1/631
f 583/1/583 632/1/632 584/1/584
f 583/1/583 631/1/631 632/1/632
f 584/1/584 633/1/633 585/1/585
f 584/1/584 632/1/632 633/1/633
f 585/1/585 634/1/634 586/1/586
f 585/1/585 633/1/633 634/1/634
f 586/1/586 635/1/635 587/1/587
f 586/1/586 634/1/634 635/1/635
f 587/1/587 636/1/636 588/1/588
f 587/1/587 635/1/635 636/1/636
f 588/1/588 637/1/637 589/1/589
f 588/1/588 636/1/636 637/1/637
f 589/1/589 638/1/638 590/1/590
f 589/1/589 637/1/637 638/1/638
f 590/1/590 639/1/639 591/1/591
f 590/1/590 638/1/638 639/1/639
f 591/1/591 640/1/640 592/1/592
f 591/1/591 639/1/639 640/1/640
f 592/1/592 641/1/641 593/1/593
f 592/1/592 640/1/640 641/1/641
f 593/1/593 642/1/642 594/1/594
f 593/1/593 641/1/641 642/1/642
f 594/1/594 643/1/643 595/1/595
f 594/1/594 642/1/642 643/1/643
f 595/1/595 644/1/644 596/1/596
f 595/1/595 643/1/643 644/1/644
f 596/1/596 645/1/645 597/1/597
f 596/1/596 644/1/644 645/1/645
f 597/1/597 646/1/646 598/1/598
f 597/1/597 645/1/645 646/1/646
f 598/1/598 647/1/647 599/1/599
f 598/1/598 646/1/646 647/1/647
f 599/1/599 648/1/648 600/1/600
f 599/1/599 647/1/647 648/1/648
f 600/1/600 649/1/649 601/1/601
f 600/1/600 648/1/648 649/1/649
f 601/1/601 650/1/650 602/1/602
f 601/1/601 649/1/649 650/1/650
f 602/1/602 651/1/651 603/1/603
f 602/1/602 650/1/650 651/1/651
f 603/1/603 652/1/652 604/1/604
f 603/1/603 651/1/651 652/1/652
f 604/1/604 653/1/653 605/1/605
f 604/1/604 652/1/652 653/1/653
f 605/1/605 654/1/654 606/1/606
f 605/1/605 653/1/653 654/1/654
f 606/1/606 655/1/655 607/1/607
f 606/1/606 654/1/654 655/1/655
f 607/1/607 656/1/656 608/1/608
f 607/1/607 655/1/655 656/1/656
f 608/1/608 657/1/657 609/1/609
f 608/1/608 656/1/656 657/1/657
f 609/1/609 658/1/658 610/1/610
f 609/1/609 657/1/657 658/1/658
f 610/1/610 659/1/659 611/1/611
f 610/1/610 658/1/658 659/1/659
f 611/1/611 660/1/660 612/1/612
f 611/1/611 659/1/659 660/1/660
f 612/1/612 661/1/661 613/1/613
f 612/1/612 660/1/660 661/1/661
f 613/1/613 662/1/662 614/1/614
f 613/1/613 661/1/661 662/1/662
f 614/1/614 663/1/663 615/1/615
f 614/1/614 662/1/662 663/1/663
f 615/1/615 664/1/664 616/1/616
f 615/1/615 663/1/663 664/1/664
f 616/1/616 665/1/665 617/1/617
f 616/1/616 664/1/664 665/1/665
f 617/1/617 666/1/666 618/1/618
f 617/1/617 665/1/665 666/1/666
f 618/1/618 667/1/667 619/1/619
f 618/1/618 666/1/666 667/1/667
f 619/1/619 668/1/668 620/1/620
f 619/1/619 667/1/667 668/1/668
f 620/1/620 669/1/669 621/1/621
f 620/1/620 668/1/668 669/1/669
f 621/1/621 670/1/670 622/1/622
f 621/1/621 669/1/669 670/1/670
f 622/1/622 671/1/671 623/1/623
f 622/1/622 670/1/670 671/1/671
f 623/1/623 672/1/672 624/1/624
f 623/1/623 671/1/671 672/1/672
f 624/1/624 625/1/625 577/1/577
f 624/1/624 672/1/672 625/1/625
f 625/1/625 674/1/674 626/1/626
f 625/1/625 673/1/673 674/1/674
f 626/1/626 675/1/675 627/1/627
f 626/1/626 674/1/674 675/1/675
f 627/1/627 676/1/676 628/1/628
f 627/1/627 675/1/675 676/1/676
f 628/1/628 677/1/677 629/1/629
f 628/1/628 676/1/676 677/1/677
f 629/1/629 678/1/678 630/1/630
f 629/1/629 677/1/677 678/1/678
f 630/1/630 679/1/679 631/1/631
f 630/1/630 678/1/678 679/1/679
f 631/1/631 680/1/680 632/1/632
f 631/1/631 679/1/679 680/1/680
f 632/1/632 681/1/681 633/1/633
f 632/1/632 680/1/680 681/1/681
f 633/1/633 682/1/682 634/1/634
f 633/1/633 681/1/681 682/1/682
f 634/1/634 683/1/683 635/1/635
f 634/1/634 682/1/682 683/1/683
f 635/1/635 684/1/684 636/1/636
f 635/1/635 683/1/683 684/1/684
f 636/1/636 685/1/685 637/1/637
f 636/1/636 684/1/684 685/1/685
f 637/1/637 686/1/686 638/1/638
f 637/1/637 685/1/685 686/1/686
f 638/1/638 687/1/687 639/1/639
f 638/1/638 686/1/686 687/1/687
f 639/1/639 688/1/688 640/1/640
f 639/1/639 687/1/687 688/1/688
f 640/1/640 689/1/689 641/1/641
f 640/1/640 688/1/688 689/1/689
f 641/1/641 690/1/690 642/1/642
f 641/1/641 689/1/689 690/1/690
f 642/1/642 691/1/691 643/1/643
f 642/1/642 690/1/690 691/1/691
f 643/1/643 692/1/692 644/1/644
f 643/1/643 691/1/691 692/1/692
f 644/1/644 693/1/693 645/1/645
f 644/1/644 692/1/692 693/1/693
f 645/1/645 694/1/694 646/1/646
f 645/1/645 693/1/693 694/1/694
f 646/1/646 695/1/695 647/1/647
f 646/1/646 694/1/694 695/1/695
f 647/1/647 696/1/696 648/1/648
f 647/1/647 695/1/695 696/1/696
f 648/1/648 697/1/697 649/1/649
f 648/1/648 696/1/696 697/1/697
f 649/1/649 698/1/698 650/1/650
f 649/1/649 697/1/697 698/1/698
f 650/1/650 699/1/699 651/1/651
f 650/1/650 698/1/698 699/1/699
f 651/1/651 700/1/700 652/1/652
f 651/1/651 699/1/699 700/1/700
f 652/1/652 701/1/701 653/1/653
f 652/1/652 700/1/700 701/1/701
f 653/1/653 702/1/702 654/1/654
f 653/1/653 701/1/701 702/1/702
f 654/1/654 703/1/703 655/1/655
f 654/1/654 702/1/702 703/1/703
f 655/1/655 704/1/704 656/1/656
f 655/1/655 703/1/703 704/1/704
f 656/1/656 705/1/705 657/1/657
f 656/1/656 704/1/704 705/1/705
f 657/1/657 706/1/706 658/1/658
f 657/1/657 705/1/705 706/1/706
f 658/1/658 707/1/707 659/1/659
f 658/1/658 706/1/706 707/1/707
f 659/1/659 708/1/708 660/1/660
f 659/1/659 707/1/707 708/1/708
f 660/1/660 709/1/709 661/1/661
f 660/1/660 708/1/708 709/1/709
f 661/1/661 710/1/710 662/1/662
f 661/1/661 709/1/709 710/1/710
f 662/1/662 711/1/711 663/1/663
f 662/1/662 710/1/710 711/1/711
f 663/1/663 712/1/712 664/1/664
f 663/1/663 711/1/711 712/1/712
f 664/1/664 713/1/713 665/1/665
f 664/1/664 712/1/712 713/1/713
f 665/1/665 714/1/714 666/1/666
f 665/1/665 713/1/713 714/1/714
f 666/1/666 715/1/715 667/1/667
f 666/1/666 714/1/714 715/1/715
f 667/1/667 716/1/716 668/1/668
f 667/1/667 715/1/715 716/1/716
f 668/1/668 717/1/717 669/1/669
f 668/1/668 716/1/716 717/1/717
f 669/1/669 718/1/718 670/1/670
f 669/1/669 717/1/717 718/1/718
f 670/1/670 719/1/719 671/1/671
f 670/1/670 718/1/718 719/1/719
f 671/1/671 720/1/720 672/1/672
f 671/1/671 719/1/719 720/1/720
f 672/1/672 673/1/673 625/1/625
f 672/1/672 720/1/720 673/1/673
f 673/1/673 722/1/722 674/1/674
f 673/1/673 721/1/721 722/1/722
f 674/1/674 723/1/723 675/1/675
f 674/1/674 722/1/722 723/1/723
f 675/1/675 724/1/724 676/1/676
f 675/1/675 723/1/723 724/1/724
f 676/1/676 725/1/725 677/1/677
f 676/1/676 724/1/724 725/1/725
f 677/1/677 726/1/726 678/1/678
f 677/1/677 725/1/725 726/1/726
f 678/1/678 727/1/727 679/1/679
f 678/1/678 726/1/726 727/1/727
f 679/1/679 728/1/728 680/1/680
f 679/1/679 727/1/727 728/1/728
f 680/1/680 729/1/729 681/1/681
f 680/1/680 728/1/728 729/1/729
f 681/1/681 730/1/730 682/1/682
f 681/1/681 729/1/729 730/1/730
f 682/1/682 731/1/731 683/1/683
f 682/1/682 730/1/730 731/1/731
f 683/1/683 732/1/732 684/1/684
f 683/1/683 731/1/731 732/1/732
f 684/1/684 733/1/733 685/1/685
f 684/1/684 732/1/732 733/1/733
f 685/1/685 734/1/734 686/1/686
f 685/1/685 733/1/733 734/1/734
f 686/1/686 735/1/735 687/1/687
f 686/1/686 734/1/734 735/1/735
f 687/1/687 736/1/736 688/1/688
f 687/1/687 735/1/735 736/1/736
f 688/1/688 737/1/737 689/1/689
f 688/1/688 736/1/736 737/1/737
f 689/1/689 738/1/738 690/1/690
f 689/1/689 737/1/737 738/1/738
f 690/1/690 739/1/739 691/1/691
f 690/1/690 738/1/738 739/1/739
f 691/1/691 740/1/740 692/1/692
f 691/1/691 739/1/739 740/1/740
f 692/1/692 741/1/741 693/1/693
f 692/1/692 740/1/740 741/1/741
f 693/1/693 742/1/742 694/1/694
f 693/1/693 741/1/741 742/1/742
f 694/1/694 743/1/743 695/1/695
f 694/1/694 742/1/742 743/1/743
f 695/1/695 744/1/744 696/1/696
f 695/1/695 743/1/743 744/1/744
f 696/1/696 745/1/745 697/1/697
f 696/1/696 744/1/744 745/1/745
f 697/1/697 746/1/746 698/1/698
f 697/1/697 745/1/745 746/1/746
f 698/1/698 747/1/747 699/1/699
f 698/1/698 746/1/746 747/1/747
f 699/1/699 748/1/748 700/1/700
f 699/1/699 747/1/747 748/1/748
f 700/1/700 749/1/749 701/1/701
f 700/1/700 748/1/748 749/1/749
f 701/1/701 750/1/750 702/1/702
f 701/1/701 749/1/749 750/1/750
f 702/1/702 751/1/751 703/1/703
f 702/1/702 750/1/750 751/1/751
f 703/1/703 752/1/752 704/1/704
f 703/1/703 751/1/751 752/1/752
f 704/1/704 753/1/753 705/1/705
f 704/1/704 752/1/752 753/1/753
f 705/1/705 754/1/754 706/1/706
f 705/1/705 753/1/753 754/1/754
f 706/1/706 755/1/755 707/1/707
f 706/1/706 754/1/754 755/1/755
f 707/1/707 756/1/756 708/1/708
f 707/1/707 755/1/755 756/1/756
f 708/1/708 757/1/757 709/1/709
f 708/1/708 756/1/756 757/1/757
f 709/1/709 758/1/758 710/1/710
f 709/1/709 757/1/757 758/1/758
f 710/1/710 759/1/759 711/1/711
f 710/1/710 758/1/758 759/1/759
f 711/1/711 760/1/760 712/1/712
f 711/1/711 759/1/759 760/1/760
f 712/1/712 761/1/761 713/1/713
f 712/1/712 760/1/760 761/1/761
f 713/1/713 762/1/762 714/1/714
f 713/1/713 761/1/761 762/1/762
f 714/1/714 763/1/763 715/1/715
f 714/1/714 762/1/762 763/1/763
f 715/1/715 764/1/764 716/1/716
f 715/1/715 763/1/763 764/1/764
f 716/1/716 765/1/765 717/1/717
f 716/1/716 764/1/764 765/1/765
f 717/1/717 766/1/766 718/1/718
f 717/1/717 765/1/765 766/1/766
f 718/1/718 767/1/767 719/1/719
f 718/1/718 766/1/766 767/1/767
f 719/1/719 768/1/768 720/1/720
f 719/1/719 767/1/767 768/1/768
f 720/1/720 721/1/721 673/1/673
f 720/1/720 768/1/768 721/1/721
f 721/1/721 770/1/770 722/1/722
f 721/1/721 769/1/769 770/1/770
f 722/1/722 771/1/771 723/1/723
f 722/1/722 770/1/770 771/1/771
f 723/1/723 772/1/772 724/1/724
f 723/1/723 771/1/771 772/1/772
f 724/1/724 773/1/773 725/1/725
f 724/1/724 772/1/772 773/1/773
f 725/1/725 774/1/774 726/1/726
f 725/1/725 773/1/773 774/1/774
f 726/1/726 775/1/775 727/1/727
f 726/1/726 774/1/774 775/1/775
f 727/1/727 776/1/776 728/1/728
f 727/1/727 775/1/775 776/1/776
f 728/1/728 777/1/777 729/1/729
f 728/1/728 776/1/776 777/1/777
f 729/1/729 778/1/778 730/1/730
f 729/1/729 777/1/777 778/1/778
f 730/1/730 779/1/779 731/1/731
f 730/1/730 778/1/778 779/1/779
f 731/1/731 780/1/780 732/1/732
f 731/1/731 779/1/779 780/1/780
f 732/1/732 781/1/781 733/1/733
f 732/1/732 780/1/780 781/1/781
f 733/1/733 782/1/782 734/1/734
f 733/1/733 781/1/781 782/1/782
f 734/1/734 783/1/783 735/1/735
f 734/1/734 782/1/782 783/1/783
f 735/1/735 784/1/784 736/1/736
f 735/1/735 783/1/783 784/1/784
f 736/1/736 785/1/785 737/1/737
f 736/1/736 784/1/784 785/1/785
f 737/1/737 786/1/786 738/1/738
f 737/1/737 785/1/785 786/1/786
f 738/1/738 787/1/787 739/1/739
f 738/1/738 786/1/786 787/1/787
f 739/1/739 788/1/788 740/1/740
f 739/1/739 787/1/787 788/1/788
f 740/1/740 789/1/789 741/1/741
f 740/1/740 788/1/788 789/1/789
f 741/1/741 790/1/790 742/1/742
f 741/1/741 789/1/789 790/1/790
f 742/1/742 791/1/791 743/1/743
f 742/1/742 790/1/790 791/1/791
f 743/1/743 792/1/792 744/1/744
f 743/1/743 791/1/791 792/1/792
f 744/1/744 793/1/793 745/1/745
f 744/1/744 792/1/792 793/1/793
f 745/1/745 794/1/794 746/1/746
f 745/1/745 793/1/793 794/1/794
f 746/1/746 795/1/795 747/1/747
f 746/1/746 794/1/794 795/1/795
f 747/1/747 796/1/796 748/1/748
f 747/1/747 795/1/795 796/1/796
f 748/1/748 797/1/797 749/1/749
f 748/1/748 796/1/796 797/1/797
f 749/1/749 798/1/798 750/1/750
f 749/1/749 797/1/797 798/1/798
f 750/1/750 799/1/799 751/1/751
f 750/1/750 798/1/798 799/1/799
f 751/1/751 800/1/800 752/1/752
f 751/1/751 799/1/799 800/1/800
f 752/1/752 801/1/801 753/1/753
f 752/1/752 800/1/800 801/1/801
f 753/1/753 802/1/802 754/1/754
f 753/1/753 801/1/801 802/1/802
f 754/1/754 803/1/803 755/1/755
f 754/1/754 802/1/802 803/1/803
f 755/1/755 804/1/804 756/1/756
f 755/1/755 803/1/803 804/1/804
f 756/1/756 805/1/805 757/1/757
f 756/1/756 804/1/804 805/1/805
f 757/1/757 806/1/806 758/1/758
f 757/1/757 805/1/805 806/1/806
f 758/1/758 807/1/807 759/1/759
f 758/1/758 806/1/806 807/1/807
f 759/1/759 808/1/808 760/1/760
f 759/1/759 807/1/807 808/1/808
f 760/1/760 809/1/809 761/1/761
f 760/1/760 808/1/808 809/1/809
f 761/1/761 810/1/810 762/1/762
f 761/1/761 809/1/809 810/1/810
f 762/1/762 811/1/811 763/1/763
f 762/1/762 810/1/810 811/1/811
f 763/1/763 812/1/812 764/1/764
f 763/1/763 811/1/811 812/1/812
f 764/1/764 813/1/813 765/1/765
f 764/1/764 812/1/812 813/1/813
f 765/1/765 814/1/814 766/1/766
f 765/1/765 813/1/813 814/1/814
f 766/1/766 815/1/815 767/1/767
f 766/1/766 814/1/814 815/1/815
f 767/1/767 816/1/816 768/1/768
f 767/1/767 815/1/815 816/1/816
f 768/1/768 769/1/769 721/1/721
f 768/1/768 816/1/816 769/1/769
f 769/1/769 818/1/818 770/1/770
f 769/1/769 817/1/817 818/1/818
f 770/1/770 819/1/819 771/1/771
f 770/1/770 818/1/818 819/1/819
f 771/1/771 820/1/820 772/1/772
f 771/1/771 819/1/819 820/1/820
f 772/1/772 821/1/821 773/1/773
f 772/1/772 820/1/820 821/1/821
f 773/1/773 822/1/822 774/1/774
f 773/1/773 821/1/821 822/1/822
f 774/1/774 823/1/823 775/1/775
f 774/1/774 822/1/822 823/1/823
f 775/1/775 824/1/824 776/1/776
f 775/1/775 823/1/823 824/1/824
f 776/1/776 825/1/825 777/1/777
f 776/1/776 824/1/824 825/1/825
f 777/1/777 826/1/826 778/1/778
f 777/1/777 825/1/825 826/1/826
f 778/1/778 827/1/827 779/1/779
f 778/1/778 826/1/826 827/1/827
f 779/1/779 828/1/828 780/1/780
f 779/1/779 827/1/827 828/1/828
f 780/1/780 829/1/829 781/1/781
f 780/1/780 828/1/828 829/1/829
f 781/1/781 830/1/830 782/1/782
f 781/1/781 829/1/829 830/1/830
f 782/1/782 831/1/831 783/1/783
f 782/1/782 830/1/830 831/1/831
f 783/1/783 832/1/832 784/1/784
f 783/1/783 831/1/831 832/1/832
f 784/1/784 833/1/833 785/1/785
f 784/1/784 832/1/832 833/1/833
f 785/1/785 834/1/834 786/1/786
f 785/1/785 833/1/833 834/1/834
f 786/1/786 835/1/835 787/1/787
f 786/1/786 834/1/834 835/1/835
f 787/1/787 836/1/836 788/1/788
f 787/1/787 835/1/835 836/1/836
f 788/1/788 837/1/837 789/1/789
f 788/1/788 836/1/836 837/1/837
f 789/1/789 838/1/838 790/1/790
f 789/1/789 837/1/837 838/1/838
f 790/1/790 839/1/839 791/1/791
f 790/1/790 838/1/838 839/1/839
f 791/1/791 840/1/840 792/1/792
f 791/1/791 839/1/839 840/1/840
f 792/1/792 841/1/841 793/1/793
f 792/1/792 840/1/840 841/1/841
f 793/1/793 842/1/842 794/1/794
f 793/1/793 841/1/841 842/1/842
f 794/1/794 843/1/843 795/1/795
f 794/1/794 842/1/842 843/1/843
f 795/1/795 844/1/844 796/1/796
f 795/1/795 843/1/843 844/1/844
f 796/1/796 845/1/845 797/1/797
f 796/1/796 844/1/844 845/1/845
f 797/1/797 846/1/846 798/1/798
f 797/1/797 845/1/845 846/1/846
f 798/1/798 847/1/847 799/1/799
f 798/1/798 846/1/846 847/1/847
f 799/1/799 848/1/848 800/1/800
f 799/1/799 847/1/847 848/1/848
f 800/1/800 849/1/849 801/1/801
f 800/1/800 848/1/848 849/1/849
f 801/1/801 850/1/850 802/1/802
f 801/1/801 849/1/849 850/1/850
f 802/1/802 851/1/851 803/1/803
f 802/1/802 850/1/850 851/1/851
f 803/1/803 852/1/852 804/1/804
f 803/1/803 851/1/851 852/1/852
f 804/1/804 853/1/853 805/1/805
f 804/1/804 852/1/852 853/1/853
f 805/1/805 854/1/854 806/1/806
f 805/1/805 853/1/853 854/1/854
f 806/1/806 855/1/855 807/1/807
f 806/1/806 854/1/854 855/1/855
f 807/1/807 856/1/856 808/1/808
f 807/1/807 855/1/855 856/1/856
f 808/1/808 857/1/857 809/1/809
f 808/1/808 856/1/856 857/1/857
f 809/1/809 858/1/858 810/1/810
f 809/1/809 857/1/857 858/1/858
f 810/1/810 859/1/859 811/1/811
f 810/1/810 858/1/858 859/1/859
f 811/1/811 860/1/860 812/1/812
f 811/1/811 859/1/859 860/1/860
f 812/1/812 861/1/861 813/1/813
f 812/1/812 860/1/860 861/1/861
f 813/1/813 862/1/862 814/1/814
f 813/1/813 861/1/861 862/1/862
f 814/1/814 863/1/863 815/1/815
f 814/1/814 862/1/862 863/1/863
f 815/1/815 864/1/864 816/1/816
f 815/1/815 863/1/863 864/1/864
f 816/1/816 817/1/817 769/1/769
f 816/1/816 864/1/864 817/1/817
f 817/1/817 866/1/866 818/1/818
f 817/1/817 865/1/865 866/1/866
f 818/1/818 867/1/867 819/1/819
f 818/1/818 866/1/866 867/1/867
f 819/1/819 868/1/868 820/1/820
f 819/1/819 867/1/867 868/1/868
f 820/1/820 869/1/869 821/1/821
f 820/1/820 868/1/868 869/1/869
f 821/1/821 870/1/870 822/1/822
f 821/1/821 869/1/869 870/1/870
f 822/1/822 871/1/871 823/1/823
f 822/1/822 870/1/870 871/1/871
f 823/1/823 872/1/872 824/1/824
f 823/1/823 871/1/871 872/1/872
f 824/1/824 873/1/873 825/1/825
f 824/1/824 872/1/872 873/1/873
f 825/1/825 874/1/874 826/1/826
f 825/1/825 873/1/873 874/1/874
f 826/1/826 875/1/875 827/1/827
f 826/1/826 874/1/874 875/1/875
f 827/1/827 876/1/876 828/1/828
f 827/1/827 875/1/875 876/1/876
f 828/1/828 877/1/877 829/1/829
f 828/1/828 876/1/876 877/1/877
f 829/1/829 878/1/878 830/1/830
f 829/1/829 877/1/877 878/1/878
f 830/1/830 879/1/879 831/1/831
f 830/1/830 878/1/878 879/1/879
f 831/1/831 880/1/880 832/1/832
f 831/1/831 879/1/879 880/1/880
f 832/1/832 881/1/881 833/1/833
f 832/1/832 880/1/880 881/1/881
f 833/1/833 882/1/882 834/1/834
f 833/1/833 881/1/881 882/1/882
f 834/1/834 883/1/883 835/1/835
f 834/1/834 882/1/882 883/1/883
f 835/1/835 884/1/884 836/1/836
f 835/1/835 883/1/883 884/1/884
f 836/1/836 885/1/885 837/1/837
f 836/1/836 884/1/884 885/1/885
f 837/1/837 886/1/886 838/1/838
f 837/1/837 885/1/885 886/1/886
f 838/1/838 887/1/887 839/1/839
f 838/1/838 886/1/886 887/1/887
f 839/1/839 888/1/888 840/1/840
f 839/1/839 887/1/887 888/1/888
f 840/1/840 889/1/889 841/1/841
f 840/1/840 888/1/888 889/1/889
f 841/1/841 890/1/890 842/1/842
f 841/1/841 889/1/889 890/1/890
f 842/1/842 891/1/891 843/1/843
f 842/1/842 890/1/890 891/1/891
f 843/1/843 892/1/892 844/1/844
f 843/1/843 891/1/891 892/1/892
f 844/1/844 893/1/893 845/1/845
f 844/1/844 892/1/892 893/1/893
f 845/1/845 894/1/894 846/1/846
f 845/1/845 893/1/893 894/1/894
f 846/1/846 895/1/895 847/1/847
f 846/1/846 894/1/894 895/1/895
f 847/1/847 896/1/896 848/1/848
f 847/1/847 895/1/895 896/1/896
f 848/1/848 897/1/897 849/1/849
f 848/1/848 896/1/896 897/1/897
f 849/1/849 898/1/898 850/1/850
f 849/1/849 897/1/897 898/1/898
f 850/1/850 899/1/899 851/1/851
f 850/1/850 898/1/898 899/1/899
f 851/1/851 900/1/900 852/1/852
f 851/1/851 899/1/899 900/1/900
f 852/1/852 901/1/901 853/1/853
f 852/1/852 900/1/900 901/1/901
f 853/1/853 902/1/902 854/1/854
f 853/1/853 901/1/901 902/1/902
f 854/1/854 903/1/903 855/1/855
f 854/1/854 902/1/902 903/1/903
f 855/1/855 904/1/904 856/1/856
f 855/1/855 903/1/903 904/1/904
f 856/1/856 905/1/905 857/1/857
f 856/1/856 904/1/904 905/1/905
f 857/1/857 906/1/906 858/1/858
f 857/1/857 905/1/905 906/1/906
f 858/1/858 907/1/907 859/1/859
f 858/1/858 906/1/906 907/1/907
f 859/1/859 908/1/908 860/1/860
f 859/1/859 907/1/907 908/1/908
f 860/1/860 909/1/909 861/1/861
f 860/1/860 908/1/908 909/1/909
f 861/1/861 910/1/910 862/1/862
f 861/1/861 909/1/909 910/1/910
f 862/1/862 911/1/911 863/1/863
f 862/1/862 910/1/910 911/1/911
f 863/1/863 912/1/912 864/1/864
f 863/1/863 911/1/911 912/1/912
f 864/1/864 865/1/865 817/1/817
f 864/1/864 912/1/912 865/1/865
f 865/1/865 914/1/914 866/1/866
f 865/1/865 913/1/913 914/1/914
f 866/1/866 915/1/915 867/1/867
f 866/1/866 914/1/914 915/1/915
f 867/1/867 916/1/916 868/1/868
f 867/1/867 915/1/915 916/1/916
f 868/1/868 917/1/917 869/1/869
f 868/1/868 916/1/916 917/1/917
f 869/1/869 918/1/918 870/1/870
f 869/1/869 917/1/917 918/1/918
f 870/1/870 919/1/919 871/1/871
f 870/1/870 918/1/918 919/1/919
f 871/1/871 920/1/920 872/1/872
f 871/1/871 919/1/919 920/1/920
f 872/1/872 921/1/921 873/1/873
f 872/1/872 920/1/920 921/1/921
f 873/1/873 922/1/922 874/1/874
f 873/1/873 921/1/921 922/1/922
f 874/1/874 923/1/923 875/1/875
f 874/1/874 922/1/922 923/1/923
f 875/1/875 924/1/924 876/1/876
f 875/1/875 923/1/923 924/1/924
f 876/1/876 925/1/925 877/1/877
f 876/1/876 924/1/924 925/1/925
f 877/1/877 926/1/926 878/1/878
f 877/1/877 925/1/925 926/1/926
f 878/1/878 927/1/927 879/1/879
f 878/1/878 926/1/926 927/1/927
f 879/1/879 928/1/928 880/1/880
f 879/1/879 927/1/927 928/1/928
f 880/1/880 929/1/929 881/1/881
f 880/1/880 928/1/928 929/1/929
f 881/1/881 930/1/930 882/1/882
f 881/1/881 929/1/929 930/1/930
f 882/1/882 931/1/931 883/1/883
f 882/1/882 930/1/930 931/1/931
f 883/1/883 932/1/932 884/1/884
f 883/1/883 931/1/931 932/1/932
f 884/1/884 933/1/933 885/1/885
f 884/1/884 932/1/932 933/1/933
f 885/1/885 934/1/934 886/1/886
f 885/1/885 933/1/933 934/1/934
f 886/1/886 935/1/935 887/1/887
f 886/1/886 934/1/934 935/1/935
f 887/1/887 936/1/936 888/1/888
f 887/1/887 935/1/935 936/1/936
f 888/1/888 937/1/937 889/1/889
f 888/1/888 936/1/936 937/1/937
f 889/1/889 938/1/938 890/1/890
f 889/1/889 937/1/937 938/1/938
f 890/1/890 939/1/939 891/1/891
f 890/1/890 938/1/938 939/1/939
f 891/1/891 940/1/940 892/1/892
f 891/1/891 939/1/939 940/1/940
f 892/1/892 941/1/941 893/1/893
f 892/1/892 940/1/940 941/1/941
f 893/1/893 942/1/942 894/1/894
f 893/1/893 941/1/941 942/1/942
f 894/1/894 943/1/943 895/1/895
f 894/1/894 942/1/942 943/1/943
f 895/1/895 944/1/944 896/1/896
f 895/1/895 943/1/943 944/1/944
f 896/1/896 945/1/945 897/1/897
f 896/1/896 944/1/944 945/1/945
f 897/1/897 946/1/946 898/1/898
f 897/1/897 945/1/945 946/1/946
f 898/1/898 947/1/947 899/1/899
f 898/1/898 946/1/946 947/1/947
f 899/1/899 948/1/948 900/1/900
f 899/1/899 947/1/947 948/1/948
f 900/1/900 949/1/949 901/1/901
f 900/1/900 948/1/948 949/1/949
f 901/1/901 950/1/950 902/1/902
f 901/1/901 949/1/949 950/1/950
f 902/1/902 951/1/951 903/1/903
f 902/1/902 950/1/950 951/1/951
f 903/1/903 952/1/952 904/1/904
f 903/1/903 951/1/951 952/1/952
f 904/1/904 953/1/953 905/1/905
f 904/1/904 952/1/952 953/1/953
f 905/1/905 954/1/954 906/1/906
f 905/1/905 953/1/953 954/1/954
f 906/1/906 955/1/955 907/1/907
f 906/1/906 954/1/954 955/1/955
f 907/1/907 956/1/956 908/1/908
f 907/1/907 955/1/955 956/1/956
f 908/1/908 957/1/957 909/1/909
f 908/1/908 956/1/956 957/1/957
f 909/1/909 958/1/958 910/1/910
f 909/1/909 957/1/957 958/1/958
f 910/1/910 959/1/959 911/1/911
f 910/1/910 958/1/958 959/1/959
f 911/1/911 960/1/960 912/1/912
f 911/1/911 959/1/959 960/1/960
f 912/1/912 913/1/913 865/1/865
f 912/1/912 960/1/960 913/1/913
f 913/1/913 961/1/961 914/1/914
f 914/1/914 961/1/961 915/1/915
f 915/1/915 961/1/961 916/1/916
f 916/1/916 961/1/961 917/1/917
f 917/1/917 961/1/961 918/1/918
f 918/1/918 961/1/961 919/1/919
f 919/1/919 961/1/961 920/1/920
f 920/1/920 961/1/961 921/1/921
f 921/1/921 961/1/961 922/1/922
f 922/1/922 961/1/961 923/1/923
f 923/1/923 961/1/961 924/1/924
f 924/1/924 961/1/961 925/1/925
f 925/1/925 961/1/961 926/1/926
f 926/1/926 961/1/961 927/1/927
f 927/1/927 961/1/961 928/1/928
f 928/1/928 961/1/961 929/1/929
f 929/1/929 961/1/961 930/1/930
f 930/1/930 961/1/961 931/1/931
f 931/1/931 961/1/961 932/1/932
f 932/1/932 961/1/961 933/1/933
f 933/1/933 961/1/961 934/1/934
f 934/1/934 961/1/961 935/1/935
f 935/1/935 961/1/961 936/1/936
f 936/1/936 961/1/961 937/1/937
f 937/1/937 961/1/961 938/1/938
f 938/1/938 961/1/961 939/1/939
f 939/1/939 961/1/961 940/1/940
f 940/1/940 961/1/961 941/1/941
f 941/1/941 961/1/961 942/1/942
f 942/1/942 961/1/961 943/1/943
f 943/1/943 961/1/961 944/1/944
f 944/1/944 961/1/961 945/1/945
f 945/1/945 961/1/961 946/1/946
f 946/1/946 961/1/961 947/1/947
f 947/1/947 961/1/961 948/1/948
f 948/1/948 961/1/961 949/1/949
f 949/1/949 961/1/961 950/1/950
f 950/1/950 961/1/961 951/1/951
f 951/1/951 961/1/961 952/1/952
f 952/1/952 961/1/961 953/1/953
f 953/1/953 961/1/961 954/1/954
f 954/1/954 961/1/961 955/1/955
f 955/1/955 961/1/961 956/1/956
f 956/1/956 961/1/961 957/1/957
f 957/1/957 961/1/961 958/1/958
f 958/1/958 961/1/961 959/1/959
f 959/1/959 961/1/961 960/1/960
f 960/1/960 961/1/961 913/1/913
f 1/1/962 2/1/962 962/1/962
f 2/1/962 3/1/962 962/1/962
f 3/1/962 4/1/962 962/1/962
f 4/1/962 5/1/962 962/1/962
f 5/1/962 6/1/962 962/1/962
f 6/1/962 7/1/962 962/1/962
f 7/1/962 8/1/962 962/1/962
f 8/1/962 9/1/962 962/1/962
f 9/1/962 10/1/962 962/1/962
f 10/1/962 11/1/962 962/1/962
f 11/1/962 12/1/962 962/1/962
f 12/1/962 13/1/962 962/1/962
f 13/1/962 14/1/962 962/1/962
f 14/1/962 15/1/962 962/1/962
f 15/1/962 16/1/962 962/1/962
f 16/1/962 17/1/962 962/1/962
f 17/1/962 18/1/962 962/1/962
f 18/1/962 19/1/962 962/1/962
f 19/1/962 20/1/962 962/1/962
f 20/1/962 21/1/962 962/1/962
f 21/1/962 22/1/962 962/1/962
f 22/1/962 23/1/962 962/1/962
f 23/1/962 24/1/962 962/1/962
f 24/1/962 25/1/962 962/1/962
f 25/1/962 26/1/962 962/1/962
f 26/1/962 27/1/962 962/1/962
f 27/1/962 28/1/962 962/1/962
f 28/1/962 29/1/962 962/1/962
f 29/1/962 30/1/962 962/1/962
f 30/1/962 31/1/962 962/1/962
f 31/1/962 32/1/962 962/1/962
f 32/1/962 33/1/962 962/1/962
f 33/1/962 34/1/962 962/1/962
f 34/1/962 35/1/962 962/1/962
f 35/1/962 36/1/962 962/1/962
f 36/1/962 37/1/962 962/1/962
f 37/1/962 38/1/962 962/1/962
f 38/1/962 39/1/962 962/1/962
f 39/1/962 40/1/962 962/1/962
f 40/1/962 41/1/962 962/1/962
f 41/1/962 42/1/962 962/1/962
f 42/1/962 43/1/962 962/1/962
f 43/1/962 44/1/962 962/1/962
f 44/1/962 45/1/962 962/1/962
f 45/1/962 46/1/962 962/1/962
f 46/1/962 47/1/962 962/1/962
f 47/1/962 48/1/962 962/1/962
f 48/1/962 1/1/962 962/1/962
