# Ruins concept asset; Y up; units: meters
mtllib ruins.mtl
o ruin_distant_temple
v -11.000000 0.038781 -1.861219
v -10.961219 0.000000 -1.861219
v -10.961219 0.038781 -1.900000
v -11.000000 0.045301 1.854699
v -10.954699 0.000000 1.854699
v -10.954699 0.045301 1.900000
v -11.000000 0.324210 -1.864210
v -10.964210 0.360000 -1.864210
v -10.964210 0.324210 -1.900000
v -11.000000 0.328150 1.868150
v -10.968150 0.360000 1.868150
v -10.968150 0.328150 1.900000
v 11.000000 0.027019 -1.872981
v 10.972981 0.000000 -1.872981
v 10.972981 0.027019 -1.900000
v 11.000000 0.033784 1.866216
v 10.966216 0.000000 1.866216
v 10.966216 0.033784 1.900000
v 11.000000 0.322996 -1.862996
v 10.962996 0.360000 -1.862996
v 10.962996 0.322996 -1.900000
v 11.000000 0.321051 1.861051
v 10.961051 0.360000 1.861051
v 10.961051 0.321051 1.900000
v -10.700000 0.395221 -1.599779
v -10.674779 0.370000 -1.599779
v -10.674779 0.395221 -1.625000
v -10.700000 0.398893 1.596107
v -10.671107 0.370000 1.596107
v -10.671107 0.398893 1.625000
v -10.700000 0.546745 -1.601745
v -10.676745 0.570000 -1.601745
v -10.676745 0.546745 -1.625000
v -10.700000 0.543817 1.598817
v -10.673817 0.570000 1.598817
v -10.673817 0.543817 1.625000
v 10.700000 0.397611 -1.597389
v 10.672389 0.370000 -1.597389
v 10.672389 0.397611 -1.625000
v 10.700000 0.402016 1.592984
v 10.667984 0.370000 1.592984
v 10.667984 0.402016 1.625000
v 10.700000 0.544995 -1.599995
v 10.674995 0.570000 -1.599995
v 10.674995 0.544995 -1.625000
v 10.700000 0.541102 1.596102
v 10.671102 0.570000 1.596102
v 10.671102 0.541102 1.625000
v -9.700000 0.603601 -0.726399
v -9.676399 0.580000 -0.726399
v -9.676399 0.603601 -0.750000
v -9.700000 0.606601 0.723399
v -9.673399 0.580000 0.723399
v -9.673399 0.606601 0.750000
v -9.700000 0.868010 -0.718010
v -9.668010 0.900000 -0.718010
v -9.668010 0.868010 -0.750000
v -9.700000 0.882176 0.732176
v -9.682176 0.900000 0.732176
v -9.682176 0.882176 0.750000
v -8.300000 0.605762 -0.724238
v -8.325762 0.580000 -0.724238
v -8.325762 0.605762 -0.750000
v -8.300000 0.612497 0.717503
v -8.332497 0.580000 0.717503
v -8.332497 0.612497 0.750000
v -8.300000 0.869365 -0.719365
v -8.330635 0.900000 -0.719365
v -8.330635 0.869365 -0.750000
v -8.300000 0.878741 0.728741
v -8.321259 0.900000 0.728741
v -8.321259 0.878741 0.750000
v -9.450000 0.932964 -0.495036
v -9.425036 0.908000 -0.495036
v -9.425036 0.932964 -0.520000
v -9.450000 0.926913 0.501087
v -9.431087 0.908000 0.501087
v -9.431087 0.926913 0.520000
v -9.450000 6.087402 -0.499402
v -9.429402 6.108000 -0.499402
v -9.429402 6.087402 -0.520000
v -9.450000 6.090461 0.502461
v -9.432461 6.108000 0.502461
v -9.432461 6.090461 0.520000
v -8.550000 0.933967 -0.494033
v -8.575967 0.908000 -0.494033
v -8.575967 0.933967 -0.520000
v -8.550000 0.924215 0.503785
v -8.566215 0.908000 0.503785
v -8.566215 0.924215 0.520000
v -8.550000 6.085586 -0.497586
v -8.572414 6.108000 -0.497586
v -8.572414 6.085586 -0.520000
v -8.550000 6.082120 0.494120
v -8.575880 6.108000 0.494120
v -8.575880 6.082120 0.520000
v -9.700000 6.146273 -0.694727
v -9.669727 6.116000 -0.694727
v -9.669727 6.146273 -0.725000
v -9.700000 6.140010 0.700990
v -9.675990 6.116000 0.700990
v -9.675990 6.140010 0.725000
v -9.700000 6.304425 -0.693425
v -9.668425 6.336000 -0.693425
v -9.668425 6.304425 -0.725000
v -9.700000 6.305637 0.694637
v -9.669637 6.336000 0.694637
v -9.669637 6.305637 0.725000
v -8.300000 6.139809 -0.701191
v -8.323809 6.116000 -0.701191
v -8.323809 6.139809 -0.725000
v -8.300000 6.139123 0.701877
v -8.323123 6.116000 0.701877
v -8.323123 6.139123 0.725000
v -8.300000 6.313571 -0.702571
v -8.322429 6.336000 -0.702571
v -8.322429 6.313571 -0.725000
v -8.300000 6.313636 0.702636
v -8.322364 6.336000 0.702636
v -8.322364 6.313636 0.725000
v -6.700000 0.597596 -0.732404
v -6.682404 0.580000 -0.732404
v -6.682404 0.597596 -0.750000
v -6.700000 0.606908 0.723092
v -6.673092 0.580000 0.723092
v -6.673092 0.606908 0.750000
v -6.700000 0.872496 -0.722496
v -6.672496 0.900000 -0.722496
v -6.672496 0.872496 -0.750000
v -6.700000 0.870118 0.720118
v -6.670118 0.900000 0.720118
v -6.670118 0.870118 0.750000
v -5.300000 0.601956 -0.728044
v -5.321956 0.580000 -0.728044
v -5.321956 0.601956 -0.750000
v -5.300000 0.609914 0.720086
v -5.329914 0.580000 0.720086
v -5.329914 0.609914 0.750000
v -5.300000 0.875738 -0.725738
v -5.324262 0.900000 -0.725738
v -5.324262 0.875738 -0.750000
v -5.300000 0.875307 0.725307
v -5.324693 0.900000 0.725307
v -5.324693 0.875307 0.750000
v -6.450000 0.923327 -0.504673
v -6.434673 0.908000 -0.504673
v -6.434673 0.923327 -0.520000
v -6.450000 0.924864 0.503136
v -6.433136 0.908000 0.503136
v -6.433136 0.924864 0.520000
v -6.450000 6.086689 -0.498689
v -6.428689 6.108000 -0.498689
v -6.428689 6.086689 -0.520000
v -6.450000 6.085477 0.497477
v -6.427477 6.108000 0.497477
v -6.427477 6.085477 0.520000
v -5.550000 0.923482 -0.504518
v -5.565482 0.908000 -0.504518
v -5.565482 0.923482 -0.520000
v -5.550000 0.928628 0.499372
v -5.570628 0.908000 0.499372
v -5.570628 0.928628 0.520000
v -5.550000 6.086212 -0.498212
v -5.571788 6.108000 -0.498212
v -5.571788 6.086212 -0.520000
v -5.550000 6.082805 0.494805
v -5.575195 6.108000 0.494805
v -5.575195 6.082805 0.520000
v -6.700000 6.143469 -0.697531
v -6.672531 6.116000 -0.697531
v -6.672531 6.143469 -0.725000
v -6.700000 6.140460 0.700540
v -6.675540 6.116000 0.700540
v -6.675540 6.140460 0.725000
v -6.700000 6.317991 -0.706991
v -6.681991 6.336000 -0.706991
v -6.681991 6.317991 -0.725000
v -6.700000 6.313615 0.702615
v -6.677615 6.336000 0.702615
v -6.677615 6.313615 0.725000
v -5.300000 6.140299 -0.700701
v -5.324299 6.116000 -0.700701
v -5.324299 6.140299 -0.725000
v -5.300000 6.148346 0.692654
v -5.332346 6.116000 0.692654
v -5.332346 6.148346 0.725000
v -5.300000 6.304612 -0.693612
v -5.331388 6.336000 -0.693612
v -5.331388 6.304612 -0.725000
v -5.300000 6.309261 0.698261
v -5.326739 6.336000 0.698261
v -5.326739 6.309261 0.725000
v -3.700000 0.599764 -0.730236
v -3.680236 0.580000 -0.730236
v -3.680236 0.599764 -0.750000
v -3.700000 0.600591 0.729409
v -3.679409 0.580000 0.729409
v -3.679409 0.600591 0.750000
v -3.700000 0.880236 -0.730236
v -3.680236 0.900000 -0.730236
v -3.680236 0.880236 -0.750000
v -3.700000 0.878656 0.728656
v -3.678656 0.900000 0.728656
v -3.678656 0.878656 0.750000
v -2.300000 0.601707 -0.728293
v -2.321707 0.580000 -0.728293
v -2.321707 0.601707 -0.750000
v -2.300000 0.605601 0.724399
v -2.325601 0.580000 0.724399
v -2.325601 0.605601 0.750000
v -2.300000 0.869193 -0.719193
v -2.330807 0.900000 -0.719193
v -2.330807 0.869193 -0.750000
v -2.300000 0.877203 0.727203
v -2.322797 0.900000 0.727203
v -2.322797 0.877203 0.750000
v -3.450000 0.923184 -0.504816
v -3.434816 0.908000 -0.504816
v -3.434816 0.923184 -0.520000
v -3.450000 0.929395 0.498605
v -3.428605 0.908000 0.498605
v -3.428605 0.929395 0.520000
v -3.450000 6.088674 -0.500674
v -3.430674 6.108000 -0.500674
v -3.430674 6.088674 -0.520000
v -3.450000 6.092318 0.504318
v -3.434318 6.108000 0.504318
v -3.434318 6.092318 0.520000
v -2.550000 0.933722 -0.494278
v -2.575722 0.908000 -0.494278
v -2.575722 0.933722 -0.520000
v -2.550000 0.929845 0.498155
v -2.571845 0.908000 0.498155
v -2.571845 0.929845 0.520000
v -2.550000 6.091105 -0.503105
v -2.566895 6.108000 -0.503105
v -2.566895 6.091105 -0.520000
v -2.550000 6.082632 0.494632
v -2.575368 6.108000 0.494632
v -2.575368 6.082632 0.520000
v -3.700000 6.135288 -0.705712
v -3.680712 6.116000 -0.705712
v -3.680712 6.135288 -0.725000
v -3.700000 6.136591 0.704409
v -3.679409 6.116000 0.704409
v -3.679409 6.136591 0.725000
v -3.700000 6.316915 -0.705915
v -3.680915 6.336000 -0.705915
v -3.680915 6.316915 -0.725000
v -3.700000 6.306884 0.695884
v -3.670884 6.336000 0.695884
v -3.670884 6.306884 0.725000
v -2.300000 6.140909 -0.700091
v -2.324909 6.116000 -0.700091
v -2.324909 6.140909 -0.725000
v -2.300000 6.140903 0.700097
v -2.324903 6.116000 0.700097
v -2.324903 6.140903 0.725000
v -2.300000 6.317962 -0.706962
v -2.318038 6.336000 -0.706962
v -2.318038 6.317962 -0.725000
v -2.300000 6.306492 0.695492
v -2.329508 6.336000 0.695492
v -2.329508 6.306492 0.725000
v -0.700000 0.597710 -0.732290
v -0.682290 0.580000 -0.732290
v -0.682290 0.597710 -0.750000
v -0.700000 0.612320 0.717680
v -0.667680 0.580000 0.717680
v -0.667680 0.612320 0.750000
v -0.700000 0.875239 -0.725239
v -0.675239 0.900000 -0.725239
v -0.675239 0.875239 -0.750000
v -0.700000 0.880734 0.730734
v -0.680734 0.900000 0.730734
v -0.680734 0.880734 0.750000
v 0.700000 0.597939 -0.732061
v 0.682061 0.580000 -0.732061
v 0.682061 0.597939 -0.750000
v 0.700000 0.608015 0.721985
v 0.671985 0.580000 0.721985
v 0.671985 0.608015 0.750000
v 0.700000 0.870488 -0.720488
v 0.670488 0.900000 -0.720488
v 0.670488 0.870488 -0.750000
v 0.700000 0.876348 0.726348
v 0.676348 0.900000 0.726348
v 0.676348 0.876348 0.750000
v -0.450000 0.929954 -0.498046
v -0.428046 0.908000 -0.498046
v -0.428046 0.929954 -0.520000
v -0.450000 0.923556 0.504444
v -0.434444 0.908000 0.504444
v -0.434444 0.923556 0.520000
v -0.450000 3.489574 -0.501574
v -0.431574 3.508000 -0.501574
v -0.431574 3.489574 -0.520000
v -0.450000 3.491441 0.503441
v -0.433441 3.508000 0.503441
v -0.433441 3.491441 0.520000
v 0.450000 0.927456 -0.500544
v 0.430544 0.908000 -0.500544
v 0.430544 0.927456 -0.520000
v 0.450000 0.931310 0.496690
v 0.426690 0.908000 0.496690
v 0.426690 0.931310 0.520000
v 0.450000 3.489207 -0.501207
v 0.431207 3.508000 -0.501207
v 0.431207 3.489207 -0.520000
v 0.450000 3.485454 0.497454
v 0.427454 3.508000 0.497454
v 0.427454 3.485454 0.520000
v -0.700000 3.545675 -0.695325
v -0.670325 3.516000 -0.695325
v -0.670325 3.545675 -0.725000
v -0.700000 3.539977 0.701023
v -0.676023 3.516000 0.701023
v -0.676023 3.539977 0.725000
v -0.700000 3.713829 -0.702829
v -0.677829 3.736000 -0.702829
v -0.677829 3.713829 -0.725000
v -0.700000 3.713302 0.702302
v -0.677302 3.736000 0.702302
v -0.677302 3.713302 0.725000
v 0.700000 3.542236 -0.698764
v 0.673764 3.516000 -0.698764
v 0.673764 3.542236 -0.725000
v 0.700000 3.547145 0.693855
v 0.668855 3.516000 0.693855
v 0.668855 3.547145 0.725000
v 0.700000 3.704620 -0.693620
v 0.668620 3.736000 -0.693620
v 0.668620 3.704620 -0.725000
v 0.700000 3.718157 0.707157
v 0.682157 3.736000 0.707157
v 0.682157 3.718157 0.725000
v 2.300000 0.606479 -0.723521
v 2.326479 0.580000 -0.723521
v 2.326479 0.606479 -0.750000
v 2.300000 0.612454 0.717546
v 2.332454 0.580000 0.717546
v 2.332454 0.612454 0.750000
v 2.300000 0.875278 -0.725278
v 2.324722 0.900000 -0.725278
v 2.324722 0.875278 -0.750000
v 2.300000 0.878633 0.728633
v 2.321367 0.900000 0.728633
v 2.321367 0.878633 0.750000
v 3.700000 0.599519 -0.730481
v 3.680481 0.580000 -0.730481
v 3.680481 0.599519 -0.750000
v 3.700000 0.602799 0.727201
v 3.677201 0.580000 0.727201
v 3.677201 0.602799 0.750000
v 3.700000 0.882197 -0.732197
v 3.682197 0.900000 -0.732197
v 3.682197 0.882197 -0.750000
v 3.700000 0.877757 0.727757
v 3.677757 0.900000 0.727757
v 3.677757 0.877757 0.750000
v 2.550000 0.924281 -0.503719
v 2.566281 0.908000 -0.503719
v 2.566281 0.924281 -0.520000
v 2.550000 0.923686 0.504314
v 2.565686 0.908000 0.504314
v 2.565686 0.923686 0.520000
v 2.550000 6.083824 -0.495824
v 2.574176 6.108000 -0.495824
v 2.574176 6.083824 -0.520000
v 2.550000 6.086136 0.498136
v 2.571864 6.108000 0.498136
v 2.571864 6.086136 0.520000
v 3.450000 0.929668 -0.498332
v 3.428332 0.908000 -0.498332
v 3.428332 0.929668 -0.520000
v 3.450000 0.927156 0.500844
v 3.430844 0.908000 0.500844
v 3.430844 0.927156 0.520000
v 3.450000 6.090943 -0.502943
v 3.432943 6.108000 -0.502943
v 3.432943 6.090943 -0.520000
v 3.450000 6.093242 0.505242
v 3.435242 6.108000 0.505242
v 3.435242 6.093242 0.520000
v 2.300000 6.145395 -0.695605
v 2.329395 6.116000 -0.695605
v 2.329395 6.145395 -0.725000
v 2.300000 6.144795 0.696205
v 2.328795 6.116000 0.696205
v 2.328795 6.144795 0.725000
v 2.300000 6.317324 -0.706324
v 2.318676 6.336000 -0.706324
v 2.318676 6.317324 -0.725000
v 2.300000 6.318319 0.707319
v 2.317681 6.336000 0.707319
v 2.317681 6.318319 0.725000
v 3.700000 6.140505 -0.700495
v 3.675495 6.116000 -0.700495
v 3.675495 6.140505 -0.725000
v 3.700000 6.135010 0.705990
v 3.680990 6.116000 0.705990
v 3.680990 6.135010 0.725000
v 3.700000 6.309305 -0.698305
v 3.673305 6.336000 -0.698305
v 3.673305 6.309305 -0.725000
v 3.700000 6.313886 0.702886
v 3.677886 6.336000 0.702886
v 3.677886 6.313886 0.725000
v 5.300000 0.599969 -0.730031
v 5.319969 0.580000 -0.730031
v 5.319969 0.599969 -0.750000
v 5.300000 0.604980 0.725020
v 5.324980 0.580000 0.725020
v 5.324980 0.604980 0.750000
v 5.300000 0.876325 -0.726325
v 5.323675 0.900000 -0.726325
v 5.323675 0.876325 -0.750000
v 5.300000 0.879007 0.729007
v 5.320993 0.900000 0.729007
v 5.320993 0.879007 0.750000
v 6.700000 0.602465 -0.727535
v 6.677535 0.580000 -0.727535
v 6.677535 0.602465 -0.750000
v 6.700000 0.600362 0.729638
v 6.679638 0.580000 0.729638
v 6.679638 0.600362 0.750000
v 6.700000 0.877962 -0.727962
v 6.677962 0.900000 -0.727962
v 6.677962 0.877962 -0.750000
v 6.700000 0.875867 0.725867
v 6.675867 0.900000 0.725867
v 6.675867 0.875867 0.750000
v 5.550000 0.922335 -0.505665
v 5.564335 0.908000 -0.505665
v 5.564335 0.922335 -0.520000
v 5.550000 0.928151 0.499849
v 5.570151 0.908000 0.499849
v 5.570151 0.928151 0.520000
v 5.550000 6.090414 -0.502414
v 5.567586 6.108000 -0.502414
v 5.567586 6.090414 -0.520000
v 5.550000 6.092303 0.504303
v 5.565697 6.108000 0.504303
v 5.565697 6.092303 0.520000
v 6.450000 0.930468 -0.497532
v 6.427532 0.908000 -0.497532
v 6.427532 0.930468 -0.520000
v 6.450000 0.930654 0.497346
v 6.427346 0.908000 0.497346
v 6.427346 0.930654 0.520000
v 6.450000 6.091643 -0.503643
v 6.433643 6.108000 -0.503643
v 6.433643 6.091643 -0.520000
v 6.450000 6.083946 0.495946
v 6.425946 6.108000 0.495946
v 6.425946 6.083946 0.520000
v 5.300000 6.137735 -0.703265
v 5.321735 6.116000 -0.703265
v 5.321735 6.137735 -0.725000
v 5.300000 6.147406 0.693594
v 5.331406 6.116000 0.693594
v 5.331406 6.147406 0.725000
v 5.300000 6.309775 -0.698775
v 5.326225 6.336000 -0.698775
v 5.326225 6.309775 -0.725000
v 5.300000 6.313367 0.702367
v 5.322633 6.336000 0.702367
v 5.322633 6.313367 0.725000
v 6.700000 6.134024 -0.706976
v 6.681976 6.116000 -0.706976
v 6.681976 6.134024 -0.725000
v 6.700000 6.136188 0.704812
v 6.679812 6.116000 0.704812
v 6.679812 6.136188 0.725000
v 6.700000 6.305943 -0.694943
v 6.669943 6.336000 -0.694943
v 6.669943 6.305943 -0.725000
v 6.700000 6.317347 0.706347
v 6.681347 6.336000 0.706347
v 6.681347 6.317347 0.725000
v 8.300000 0.604602 -0.725398
v 8.324602 0.580000 -0.725398
v 8.324602 0.604602 -0.750000
v 8.300000 0.603762 0.726238
v 8.323762 0.580000 0.726238
v 8.323762 0.603762 0.750000
v 8.300000 0.870877 -0.720877
v 8.329123 0.900000 -0.720877
v 8.329123 0.870877 -0.750000
v 8.300000 0.870870 0.720870
v 8.329130 0.900000 0.720870
v 8.329130 0.870870 0.750000
v 9.700000 0.602810 -0.727190
v 9.677190 0.580000 -0.727190
v 9.677190 0.602810 -0.750000
v 9.700000 0.598087 0.731913
v 9.681913 0.580000 0.731913
v 9.681913 0.598087 0.750000
v 9.700000 0.882181 -0.732181
v 9.682181 0.900000 -0.732181
v 9.682181 0.882181 -0.750000
v 9.700000 0.872495 0.722495
v 9.672495 0.900000 0.722495
v 9.672495 0.872495 0.750000
v 8.550000 0.930108 -0.497892
v 8.572108 0.908000 -0.497892
v 8.572108 0.930108 -0.520000
v 8.550000 0.922185 0.505815
v 8.564185 0.908000 0.505815
v 8.564185 0.922185 0.520000
v 8.550000 4.386043 -0.498043
v 8.571957 4.408000 -0.498043
v 8.571957 4.386043 -0.520000
v 8.550000 4.390288 0.502288
v 8.567712 4.408000 0.502288
v 8.567712 4.390288 0.520000
v 9.450000 0.924657 -0.503343
v 9.433343 0.908000 -0.503343
v 9.433343 0.924657 -0.520000
v 9.450000 0.923609 0.504391
v 9.434391 0.908000 0.504391
v 9.434391 0.923609 0.520000
v 9.450000 4.392635 -0.504635
v 9.434635 4.408000 -0.504635
v 9.434635 4.392635 -0.520000
v 9.450000 4.387248 0.499248
v 9.429248 4.408000 0.499248
v 9.429248 4.387248 0.520000
v 8.300000 4.443068 -0.697932
v 8.327068 4.416000 -0.697932
v 8.327068 4.443068 -0.725000
v 8.300000 4.440061 0.700939
v 8.324061 4.416000 0.700939
v 8.324061 4.440061 0.725000
v 8.300000 4.604801 -0.693801
v 8.331199 4.636000 -0.693801
v 8.331199 4.604801 -0.725000
v 8.300000 4.615958 0.704958
v 8.320042 4.636000 0.704958
v 8.320042 4.615958 0.725000
v 9.700000 4.447351 -0.693649
v 9.668649 4.416000 -0.693649
v 9.668649 4.447351 -0.725000
v 9.700000 4.448231 0.692769
v 9.667769 4.416000 0.692769
v 9.667769 4.448231 0.725000
v 9.700000 4.610394 -0.699394
v 9.674394 4.636000 -0.699394
v 9.674394 4.610394 -0.725000
v 9.700000 4.607323 0.696323
v 9.671323 4.636000 0.696323
v 9.671323 4.607323 0.725000
v -9.875000 6.377791 -0.747209
v -9.847209 6.350000 -0.747209
v -9.847209 6.377791 -0.775000
v -9.875000 6.379695 0.745305
v -9.845305 6.350000 0.745305
v -9.845305 6.379695 0.775000
v -9.875000 6.678495 -0.743495
v -9.843495 6.710000 -0.743495
v -9.843495 6.678495 -0.775000
v -9.875000 6.680145 0.745145
v -9.845145 6.710000 0.745145
v -9.845145 6.680145 0.775000
v -2.125000 6.375905 -0.749095
v -2.150905 6.350000 -0.749095
v -2.150905 6.375905 -0.775000
v -2.125000 6.378075 0.746925
v -2.153075 6.350000 0.746925
v -2.153075 6.378075 0.775000
v -2.125000 6.686118 -0.751118
v -2.148882 6.710000 -0.751118
v -2.148882 6.686118 -0.775000
v -2.125000 6.687756 0.752756
v -2.147244 6.710000 0.752756
v -2.147244 6.687756 0.775000
v -10.300000 6.745807 -0.872193
v -10.272193 6.718000 -0.872193
v -10.272193 6.745807 -0.900000
v -10.300000 6.737506 0.880494
v -10.280494 6.718000 0.880494
v -10.280494 6.737506 0.900000
v -10.300000 6.954118 -0.872118
v -10.272118 6.982000 -0.872118
v -10.272118 6.954118 -0.900000
v -10.300000 6.957418 0.875418
v -10.275418 6.982000 0.875418
v -10.275418 6.957418 0.900000
v -2.200000 6.749340 -0.868660
v -2.231340 6.718000 -0.868660
v -2.231340 6.749340 -0.900000
v -2.200000 6.741835 0.876165
v -2.223835 6.718000 0.876165
v -2.223835 6.741835 0.900000
v -2.200000 6.953290 -0.871290
v -2.228710 6.982000 -0.871290
v -2.228710 6.953290 -0.900000
v -2.200000 6.962328 0.880328
v -2.219672 6.982000 0.880328
v -2.219672 6.962328 0.900000
v 2.410000 6.373642 -0.751358
v 2.433642 6.350000 -0.751358
v 2.433642 6.373642 -0.775000
v 2.410000 6.372939 0.752061
v 2.432939 6.350000 0.752061
v 2.432939 6.372939 0.775000
v 2.410000 6.682969 -0.747969
v 2.437031 6.710000 -0.747969
v 2.437031 6.682969 -0.775000
v 2.410000 6.680681 0.745681
v 2.439319 6.710000 0.745681
v 2.439319 6.680681 0.775000
v 6.690000 6.372077 -0.752923
v 6.667923 6.350000 -0.752923
v 6.667923 6.372077 -0.775000
v 6.690000 6.382216 0.742784
v 6.657784 6.350000 0.742784
v 6.657784 6.382216 0.775000
v 6.690000 6.679307 -0.744307
v 6.659307 6.710000 -0.744307
v 6.659307 6.679307 -0.775000
v 6.690000 6.683653 0.748653
v 6.663653 6.710000 0.748653
v 6.663653 6.683653 0.775000
v 2.275000 6.749758 -0.868242
v 2.306758 6.718000 -0.868242
v 2.306758 6.749758 -0.900000
v 2.275000 6.750458 0.867542
v 2.307458 6.718000 0.867542
v 2.307458 6.750458 0.900000
v 2.275000 6.952872 -0.870872
v 2.304128 6.982000 -0.870872
v 2.304128 6.952872 -0.900000
v 2.275000 6.962743 0.880743
v 2.294257 6.982000 0.880743
v 2.294257 6.962743 0.900000
v 6.325000 6.747763 -0.870237
v 6.295237 6.718000 -0.870237
v 6.295237 6.747763 -0.900000
v 6.325000 6.737907 0.880093
v 6.305093 6.718000 0.880093
v 6.305093 6.737907 0.900000
v 6.325000 6.960315 -0.878315
v 6.303315 6.982000 -0.878315
v 6.303315 6.960315 -0.900000
v 6.325000 6.952266 0.870266
v 6.295266 6.982000 0.870266
v 6.295266 6.952266 0.900000
v -10.300000 7.000000 -0.675000
v -2.750000 7.000000 -0.675000
v -3.100000 8.150000 -0.675000
v -4.000000 8.550000 -0.675000
v -10.300000 7.000000 0.675000
v -2.750000 7.000000 0.675000
v -3.100000 8.150000 0.675000
v -4.000000 8.550000 0.675000
v 2.300000 7.000000 -0.675000
v 6.200000 7.000000 -0.675000
v 2.800000 8.420000 -0.675000
v 2.300000 7.000000 0.675000
v 6.200000 7.000000 0.675000
v 2.800000 8.420000 0.675000
v -7.860000 0.601381 -1.368619
v -7.838619 0.580000 -1.368619
v -7.838619 0.601381 -1.390000
v -7.860000 0.599906 -0.669906
v -7.840094 0.580000 -0.669906
v -7.840094 0.599906 -0.650000
v -7.860000 5.063198 -1.373198
v -7.843198 5.080000 -1.373198
v -7.843198 5.063198 -1.390000
v -7.860000 5.063727 -0.666273
v -7.843727 5.080000 -0.666273
v -7.843727 5.063727 -0.650000
v -7.140000 0.601732 -1.368268
v -7.161732 0.580000 -1.368268
v -7.161732 0.601732 -1.390000
v -7.140000 0.599787 -0.669787
v -7.159787 0.580000 -0.669787
v -7.159787 0.599787 -0.650000
v -7.140000 5.060386 -1.370386
v -7.159614 5.080000 -1.370386
v -7.159614 5.060386 -1.390000
v -7.140000 5.065385 -0.664615
v -7.154615 5.080000 -0.664615
v -7.154615 5.065385 -0.650000
v -1.860000 0.598357 -1.371643
v -1.841643 0.580000 -1.371643
v -1.841643 0.598357 -1.390000
v -1.860000 0.598651 -0.668651
v -1.841349 0.580000 -0.668651
v -1.841349 0.598651 -0.650000
v -1.860000 3.664323 -1.374323
v -1.844323 3.680000 -1.374323
v -1.844323 3.664323 -1.390000
v -1.860000 3.659369 -0.670631
v -1.839369 3.680000 -0.670631
v -1.839369 3.659369 -0.650000
v -1.140000 0.593878 -1.376122
v -1.153878 0.580000 -1.376122
v -1.153878 0.593878 -1.390000
v -1.140000 0.594435 -0.664435
v -1.154435 0.580000 -0.664435
v -1.154435 0.594435 -0.650000
v -1.140000 3.657137 -1.367137
v -1.162863 3.680000 -1.367137
v -1.162863 3.657137 -1.390000
v -1.140000 3.663744 -0.666256
v -1.156256 3.680000 -0.666256
v -1.156256 3.663744 -0.650000
v 4.140000 0.594698 -1.375302
v 4.154698 0.580000 -1.375302
v 4.154698 0.594698 -1.390000
v 4.140000 0.597213 -0.667213
v 4.157213 0.580000 -0.667213
v 4.157213 0.597213 -0.650000
v 4.140000 5.066203 -1.376203
v 4.153797 5.080000 -1.376203
v 4.153797 5.066203 -1.390000
v 4.140000 5.060506 -0.669494
v 4.159494 5.080000 -0.669494
v 4.159494 5.060506 -0.650000
v 4.860000 0.602551 -1.367449
v 4.837449 0.580000 -1.367449
v 4.837449 0.602551 -1.390000
v 4.860000 0.599342 -0.669342
v 4.840658 0.580000 -0.669342
v 4.840658 0.599342 -0.650000
v 4.860000 5.058099 -1.368099
v 4.838099 5.080000 -1.368099
v 4.838099 5.058099 -1.390000
v 4.860000 5.066836 -0.663164
v 4.846836 5.080000 -0.663164
v 4.846836 5.066836 -0.650000
v 7.140000 0.600353 -1.369647
v 7.160353 0.580000 -1.369647
v 7.160353 0.600353 -1.390000
v 7.140000 0.600024 -0.670024
v 7.160024 0.580000 -0.670024
v 7.160024 0.600024 -0.650000
v 7.140000 2.563035 -1.373035
v 7.156965 2.580000 -1.373035
v 7.156965 2.563035 -1.390000
v 7.140000 2.564124 -0.665876
v 7.155876 2.580000 -0.665876
v 7.155876 2.564124 -0.650000
v 7.860000 0.600471 -1.369529
v 7.839529 0.580000 -1.369529
v 7.839529 0.600471 -1.390000
v 7.860000 0.601135 -0.671135
v 7.838865 0.580000 -0.671135
v 7.838865 0.601135 -0.650000
v 7.860000 2.566508 -1.376508
v 7.846508 2.580000 -1.376508
v 7.846508 2.566508 -1.390000
v 7.860000 2.566141 -0.663859
v 7.846141 2.580000 -0.663859
v 7.846141 2.566141 -0.650000
v -9.136944 0.617941 0.689493
v -9.094365 0.575000 0.683926
v -9.099932 0.617941 0.641347
v -9.049175 0.615006 1.360832
v -9.009506 0.575000 1.355646
v -9.004320 0.615006 1.395315
v -9.138488 0.993969 0.677683
v -9.107719 1.025000 0.673660
v -9.111741 0.993969 0.642891
v -9.048205 0.992473 1.368249
v -9.015953 1.025000 1.364032
v -9.011736 0.992473 1.396284
v -7.549817 0.622785 0.486881
v -7.597198 0.575000 0.493075
v -7.603393 0.622785 0.445694
v -7.462161 0.611036 1.157354
v -7.497893 0.575000 1.162026
v -7.493222 0.611036 1.197758
v -7.552371 0.996915 0.467347
v -7.580218 1.025000 0.470988
v -7.583859 0.996915 0.443140
v -7.464061 0.974311 1.142825
v -7.514322 1.025000 1.149396
v -7.507751 0.974311 1.199657
v -1.783846 0.619052 0.735966
v -1.740166 0.575000 0.730256
v -1.745877 0.619052 0.686575
v -1.695196 0.607094 1.414049
v -1.663372 0.575000 1.409889
v -1.659212 0.607094 1.441712
v -1.784438 1.035511 0.731441
v -1.745283 1.075000 0.726322
v -1.750402 1.035511 0.687167
v -1.697752 1.023184 1.394494
v -1.646373 1.075000 1.387776
v -1.639656 1.023184 1.439156
v 0.495049 0.605960 0.424826
v 0.464350 0.575000 0.428839
v 0.460337 0.605960 0.398141
v 0.582854 0.626706 1.096444
v 0.531584 0.575000 1.103147
v 0.538287 0.626706 1.154417
v 0.497350 1.026286 0.442430
v 0.449047 1.075000 0.448745
v 0.442732 1.026286 0.400442
v 0.583751 1.030214 1.103306
v 0.539344 1.075000 1.109112
v 0.545149 1.030214 1.153520
v 0.760577 0.618344 0.651002
v 0.803556 0.575000 0.645383
v 0.797937 0.618344 0.602405
v 0.847506 0.621083 1.315917
v 0.893200 0.575000 1.309943
v 0.899174 0.621083 1.355637
v 0.761100 1.287624 0.655000
v 0.808076 1.335000 0.648858
v 0.801935 1.287624 0.601882
v 0.849597 1.305048 1.331911
v 0.879296 1.335000 1.328029
v 0.883179 1.305048 1.357728
v 1.751442 0.612970 0.516039
v 1.713792 0.575000 0.520962
v 1.708870 0.612970 0.483312
v 1.839587 0.617083 1.190249
v 1.797859 0.575000 1.195704
v 1.803314 0.617083 1.237432
v 1.751199 1.298907 0.514178
v 1.715410 1.335000 0.518857
v 1.710731 1.298907 0.483068
v 1.840566 1.300469 1.197737
v 1.806326 1.335000 1.202213
v 1.810802 1.300469 1.236453
v 6.964684 0.610969 0.721470
v 7.000350 0.575000 0.716807
v 6.995687 0.610969 0.681141
v 7.053542 0.613578 1.401139
v 7.091794 0.575000 1.396138
v 7.096795 0.613578 1.434390
v 6.964276 0.962180 0.718347
v 6.996819 0.995000 0.714093
v 6.992564 0.962180 0.681549
v 7.051871 0.943534 1.388359
v 7.102903 0.995000 1.381688
v 7.109575 0.943534 1.432719
v 9.147819 0.624077 0.449272
v 9.099156 0.575000 0.455634
v 9.092794 0.624077 0.406971
v 9.235927 0.606261 1.123198
v 9.204929 0.575000 1.127251
v 9.208981 0.606261 1.158249
v 9.147755 0.946417 0.448782
v 9.099582 0.995000 0.455080
v 9.093284 0.946417 0.406907
v 9.234743 0.954611 1.114148
v 9.194695 0.995000 1.119383
v 9.199931 0.954611 1.159432
vn -1.000000 0.000000 0.000000
vn -1.000000 0.000000 -0.000000
vn 1.000000 0.000000 0.000000
vn 1.000000 0.000000 0.000000
vn 0.000000 -1.000000 0.000000
vn 0.000000 -1.000000 0.000000
vn 0.000000 1.000000 0.000000
vn 0.000000 1.000000 0.000000
vn 0.000000 0.000000 -1.000000
vn 0.000000 0.000000 -1.000000
vn -0.000000 0.000000 1.000000
vn 0.000000 -0.000000 1.000000
vn -0.707106 -0.707106 0.001241
vn -0.707106 -0.707106 0.001241
vn -0.707107 0.707107 -0.000746
vn -0.707107 0.707107 -0.000746
vn 0.707106 -0.707106 0.001279
vn 0.707106 -0.707106 0.001279
vn 0.707107 0.707107 0.000369
vn 0.707107 0.707107 0.000369
vn -0.707087 -0.007410 -0.707087
vn -0.707087 -0.007410 -0.707087
vn -0.706707 -0.033607 0.706707
vn -0.706707 -0.033607 0.706707
vn 0.706906 0.023848 -0.706906
vn 0.706906 0.023848 -0.706906
vn 0.707050 0.012712 0.707050
vn 0.707050 0.012712 0.707050
vn -0.000379 -0.707107 -0.707107
vn -0.000379 -0.707107 -0.707107
vn -0.000371 -0.707107 0.707107
vn -0.000371 -0.707107 0.707107
vn 0.000039 0.707107 -0.707107
vn 0.000039 0.707107 -0.707107
vn 0.000229 0.707107 0.707107
vn 0.000229 0.707107 0.707107
vn -0.577350 -0.577350 -0.577350
vn -0.577350 -0.577350 0.577350
vn -0.577350 0.577350 -0.577350
vn -0.577350 0.577350 0.577350
vn 0.577350 -0.577350 -0.577350
vn 0.577350 -0.577350 0.577350
vn 0.577350 0.577350 -0.577350
vn 0.577350 0.577350 0.577350
vn -1.000000 0.000000 0.000000
vn -1.000000 0.000000 -0.000000
vn 1.000000 -0.000000 0.000000
vn 1.000000 0.000000 0.000000
vn 0.000000 -1.000000 0.000000
vn 0.000000 -1.000000 0.000000
vn 0.000000 1.000000 0.000000
vn 0.000000 1.000000 0.000000
vn 0.000000 0.000000 -1.000000
vn 0.000000 0.000000 -1.000000
vn 0.000000 0.000000 1.000000
vn 0.000000 -0.000000 1.000000
vn -0.707107 -0.707107 0.000812
vn -0.707107 -0.707107 0.000812
vn -0.707107 0.707107 0.000647
vn -0.707107 0.707107 0.000647
vn 0.707106 -0.707106 0.000976
vn 0.707106 -0.707106 0.000976
vn 0.707107 0.707107 0.000861
vn 0.707107 0.707107 0.000861
vn -0.707077 -0.009174 -0.707077
vn -0.707077 -0.009174 -0.707077
vn -0.707045 -0.013221 0.707045
vn -0.707045 -0.013221 0.707045
vn 0.707051 -0.012505 -0.707051
vn 0.707051 -0.012505 -0.707051
vn 0.707018 -0.015847 0.707018
vn 0.707018 -0.015847 0.707018
vn 0.000079 -0.707107 -0.707107
vn 0.000079 -0.707107 -0.707107
vn 0.000103 -0.707107 0.707107
vn 0.000103 -0.707107 0.707107
vn 0.000058 0.707107 -0.707107
vn 0.000058 0.707107 -0.707107
vn 0.000090 0.707107 0.707107
vn 0.000090 0.707107 0.707107
vn -0.577350 -0.577350 -0.577350
vn -0.577350 -0.577350 0.577350
vn -0.577350 0.577350 -0.577350
vn -0.577350 0.577350 0.577350
vn 0.577350 -0.577350 -0.577350
vn 0.577350 -0.577350 0.577350
vn 0.577350 0.577350 -0.577350
vn 0.577350 0.577350 0.577350
vn -1.000000 0.000000 0.000000
vn -1.000000 0.000000 -0.000000
vn 1.000000 0.000000 0.000000
vn 1.000000 0.000000 0.000000
vn 0.000000 -1.000000 0.000000
vn 0.000000 -1.000000 0.000000
vn 0.000000 1.000000 0.000000
vn 0.000000 1.000000 0.000000
vn 0.000000 0.000000 -1.000000
vn 0.000000 -0.000000 -1.000000
vn 0.000000 0.000000 1.000000
vn 0.000000 -0.000000 1.000000
vn -0.707106 -0.707106 0.001463
vn -0.707106 -0.707106 0.001463
vn -0.707090 0.707090 -0.006907
vn -0.707090 0.707090 -0.006907
vn 0.707103 -0.707103 0.003303
vn 0.707103 -0.707103 0.003303
vn 0.707099 0.707099 -0.004578
vn 0.707099 0.707099 -0.004578
vn -0.706929 0.022428 -0.706929
vn -0.706929 0.022428 -0.706929
vn -0.706928 -0.022515 0.706928
vn -0.706928 -0.022515 0.706928
vn 0.707046 0.013072 -0.707046
vn 0.707046 0.013072 -0.707046
vn 0.706792 -0.029832 0.706792
vn 0.706792 -0.029832 0.706792
vn 0.001131 -0.707106 -0.707106
vn 0.001131 -0.707106 -0.707106
vn 0.003109 -0.707103 0.707103
vn 0.003109 -0.707103 0.707103
vn -0.000716 0.707107 -0.707107
vn -0.000716 0.707107 -0.707107
vn 0.001785 0.707106 0.707106
vn 0.001785 0.707106 0.707106
vn -0.577350 -0.577350 -0.577350
vn -0.577350 -0.577350 0.577350
vn -0.577350 0.577350 -0.577350
vn -0.577350 0.577350 0.577350
vn 0.577350 -0.577350 -0.577350
vn 0.577350 -0.577350 0.577350
vn 0.577350 0.577350 -0.577350
vn 0.577350 0.577350 0.577350
vn -1.000000 0.000000 0.000000
vn -1.000000 0.000000 0.000000
vn 1.000000 -0.000000 0.000000
vn 1.000000 0.000000 -0.000000
vn 0.000000 -1.000000 0.000000
vn 0.000000 -1.000000 0.000000
vn 0.000000 1.000000 0.000000
vn 0.000000 1.000000 0.000000
vn 0.000000 0.000000 -1.000000
vn 0.000000 0.000000 -1.000000
vn -0.000000 0.000000 1.000000
vn 0.000000 -0.000000 1.000000
vn -0.707100 -0.707100 -0.004295
vn -0.707100 -0.707100 -0.004295
vn -0.707105 0.707105 -0.002159
vn -0.707105 0.707105 -0.002159
vn 0.707090 -0.707090 -0.006911
vn 0.707090 -0.707090 -0.006911
vn 0.707105 0.707105 0.002471
vn 0.707105 0.707105 0.002471
vn -0.707107 -0.000599 -0.707107
vn -0.707107 -0.000599 -0.707107
vn -0.707107 -0.000188 0.707107
vn -0.707107 -0.000188 0.707107
vn 0.707107 -0.000488 -0.707107
vn 0.707107 -0.000488 -0.707107
vn 0.707106 0.001325 0.707106
vn 0.707106 0.001325 0.707106
vn 0.000835 -0.707107 -0.707107
vn 0.000835 -0.707107 -0.707107
vn -0.002206 -0.707105 0.707105
vn -0.002206 -0.707105 0.707105
vn 0.001498 0.707106 -0.707106
vn 0.001498 0.707106 -0.707106
vn 0.006885 0.707090 0.707090
vn 0.006885 0.707090 0.707090
vn -0.577350 -0.577350 -0.577350
vn -0.577350 -0.577350 0.577350
vn -0.577350 0.577350 -0.577350
vn -0.577350 0.577350 0.577350
vn 0.577350 -0.577350 -0.577350
vn 0.577350 -0.577350 0.577350
vn 0.577350 0.577350 -0.577350
vn 0.577350 0.577350 0.577350
vn -1.000000 0.000000 0.000000
vn -1.000000 0.000000 0.000000
vn 1.000000 -0.000000 0.000000
vn 1.000000 0.000000 -0.000000
vn 0.000000 -1.000000 0.000000
vn 0.000000 -1.000000 0.000000
vn -0.000000 1.000000 0.000000
vn 0.000000 1.000000 0.000000
vn 0.000000 0.000000 -1.000000
vn 0.000000 -0.000000 -1.000000
vn -0.000000 0.000000 1.000000
vn 0.000000 0.000000 1.000000
vn -0.707103 -0.707103 -0.003173
vn -0.707103 -0.707103 -0.003173
vn -0.707107 0.707107 -0.000617
vn -0.707107 0.707107 -0.000617
vn 0.707107 -0.707107 -0.000346
vn 0.707107 -0.707107 -0.000346
vn 0.707107 0.707107 -0.000033
vn 0.707107 0.707107 -0.000033
vn -0.707095 0.005817 -0.707095
vn -0.707095 0.005817 -0.707095
vn -0.706847 0.027113 0.706847
vn -0.706847 0.027113 0.706847
vn 0.707096 -0.005617 -0.707096
vn 0.707096 -0.005617 -0.707096
vn 0.707103 -0.003078 0.707103
vn 0.707103 -0.003078 0.707103
vn -0.003396 -0.707103 -0.707103
vn -0.003396 -0.707103 -0.707103
vn -0.000464 -0.707107 0.707107
vn -0.000464 -0.707107 0.707107
vn -0.004804 0.707099 -0.707099
vn -0.004804 0.707099 -0.707099
vn -0.004198 0.707101 0.707101
vn -0.004198 0.707101 0.707101
vn -0.577350 -0.577350 -0.577350
vn -0.577350 -0.577350 0.577350
vn -0.577350 0.577350 -0.577350
vn -0.577350 0.577350 0.577350
vn 0.577350 -0.577350 -0.577350
vn 0.577350 -0.577350 0.577350
vn 0.577350 0.577350 -0.577350
vn 0.577350 0.577350 0.577350
vn -1.000000 0.000000 0.000000
vn -1.000000 0.000000 -0.000000
vn 1.000000 0.000000 0.000000
vn 1.000000 0.000000 0.000000
vn 0.000000 -1.000000 0.000000
vn 0.000000 -1.000000 0.000000
vn -0.000000 1.000000 0.000000
vn 0.000000 1.000000 0.000000
vn 0.000000 0.000000 -1.000000
vn 0.000000 -0.000000 -1.000000
vn 0.000000 0.000000 1.000000
vn 0.000000 0.000000 1.000000
vn -0.707100 -0.707100 0.004524
vn -0.707100 -0.707100 0.004524
vn -0.707106 0.707106 0.001165
vn -0.707106 0.707106 0.001165
vn 0.707101 -0.707101 0.003886
vn 0.707101 -0.707101 0.003886
vn 0.707107 0.707107 0.000210
vn 0.707107 0.707107 0.000210
vn -0.706877 0.025478 -0.706877
vn -0.706877 0.025478 -0.706877
vn -0.707084 0.007991 0.707084
vn -0.707084 0.007991 0.707084
vn 0.707094 0.005957 -0.707094
vn 0.707094 0.005957 -0.707094
vn 0.707038 -0.013909 0.707038
vn 0.707038 -0.013909 0.707038
vn 0.002266 -0.707105 -0.707105
vn 0.002266 -0.707105 -0.707105
vn 0.001583 -0.707106 0.707106
vn 0.001583 -0.707106 0.707106
vn -0.001700 0.707106 -0.707106
vn -0.001700 0.707106 -0.707106
vn -0.002727 0.707104 0.707104
vn -0.002727 0.707104 0.707104
vn -0.577350 -0.577350 -0.577350
vn -0.577350 -0.577350 0.577350
vn -0.577350 0.577350 -0.577350
vn -0.577350 0.577350 0.577350
vn 0.577350 -0.577350 -0.577350
vn 0.577350 -0.577350 0.577350
vn 0.577350 0.577350 -0.577350
vn 0.577350 0.577350 0.577350
vn -1.000000 0.000000 0.000000
vn -1.000000 0.000000 -0.000000
vn 1.000000 0.000000 0.000000
vn 1.000000 0.000000 0.000000
vn 0.000000 -1.000000 0.000000
vn 0.000000 -1.000000 0.000000
vn 0.000000 1.000000 0.000000
vn 0.000000 1.000000 0.000000
vn 0.000000 0.000000 -1.000000
vn 0.000000 -0.000000 -1.000000
vn 0.000000 0.000000 1.000000
vn 0.000000 0.000000 1.000000
vn -0.707106 -0.707106 0.001079
vn -0.707106 -0.707106 0.001079
vn -0.707107 0.707107 0.000861
vn -0.707107 0.707107 0.000861
vn 0.707102 -0.707102 0.003624
vn 0.707102 -0.707102 0.003624
vn 0.707105 0.707105 0.002426
vn 0.707105 0.707105 0.002426
vn -0.707107 0.000819 -0.707107
vn -0.707107 0.000819 -0.707107
vn -0.707107 0.000775 0.707107
vn -0.707107 0.000775 0.707107
vn 0.707107 0.000864 -0.707107
vn 0.707107 0.000864 -0.707107
vn 0.707107 0.000627 0.707107
vn 0.707107 0.000627 0.707107
vn 0.000126 -0.707107 -0.707107
vn 0.000126 -0.707107 -0.707107
vn 0.003085 -0.707103 0.707103
vn 0.003085 -0.707103 0.707103
vn 0.000394 0.707107 -0.707107
vn 0.000394 0.707107 -0.707107
vn 0.002217 0.707105 0.707105
vn 0.002217 0.707105 0.707105
vn -0.577350 -0.577350 -0.577350
vn -0.577350 -0.577350 0.577350
vn -0.577350 0.577350 -0.577350
vn -0.577350 0.577350 0.577350
vn 0.577350 -0.577350 -0.577350
vn 0.577350 -0.577350 0.577350
vn 0.577350 0.577350 -0.577350
vn 0.577350 0.577350 0.577350
vn -1.000000 0.000000 0.000000
vn -1.000000 0.000000 0.000000
vn 1.000000 0.000000 0.000000
vn 1.000000 0.000000 0.000000
vn 0.000000 -1.000000 0.000000
vn 0.000000 -1.000000 0.000000
vn 0.000000 1.000000 0.000000
vn 0.000000 1.000000 0.000000
vn 0.000000 0.000000 -1.000000
vn 0.000000 0.000000 -1.000000
vn 0.000000 0.000000 1.000000
vn 0.000000 -0.000000 1.000000
vn -0.707106 -0.707106 -0.001522
vn -0.707106 -0.707106 -0.001522
vn -0.707105 0.707105 0.002195
vn -0.707105 0.707105 0.002195
vn 0.707101 -0.707101 0.004083
vn 0.707101 -0.707101 0.004083
vn 0.707105 0.707105 -0.002362
vn 0.707105 0.707105 -0.002362
vn -0.706588 -0.038301 -0.706588
vn -0.706588 -0.038301 -0.706588
vn -0.707081 -0.008473 0.707081
vn -0.707081 -0.008473 0.707081
vn 0.706778 0.030493 -0.706778
vn 0.706778 0.030493 -0.706778
vn 0.706892 -0.024630 0.706892
vn 0.706892 -0.024630 0.706892
vn -0.001663 -0.707106 -0.707106
vn -0.001663 -0.707106 -0.707106
vn 0.004151 -0.707101 0.707101
vn 0.004151 -0.707101 0.707101
vn 0.007005 0.707089 -0.707089
vn 0.007005 0.707089 -0.707089
vn 0.002279 0.707105 0.707105
vn 0.002279 0.707105 0.707105
vn -0.577350 -0.577350 -0.577350
vn -0.577350 -0.577350 0.577350
vn -0.577350 0.577350 -0.577350
vn -0.577350 0.577350 0.577350
vn 0.577350 -0.577350 -0.577350
vn 0.577350 -0.577350 0.577350
vn 0.577350 0.577350 -0.577350
vn 0.577350 0.577350 0.577350
vn -1.000000 0.000000 0.000000
vn -1.000000 0.000000 -0.000000
vn 1.000000 0.000000 0.000000
vn 1.000000 0.000000 0.000000
vn 0.000000 -1.000000 0.000000
vn 0.000000 -1.000000 0.000000
vn 0.000000 1.000000 0.000000
vn 0.000000 1.000000 0.000000
vn 0.000000 0.000000 -1.000000
vn 0.000000 0.000000 -1.000000
vn 0.000000 0.000000 1.000000
vn 0.000000 0.000000 1.000000
vn -0.707107 -0.707107 0.000401
vn -0.707107 -0.707107 0.000401
vn -0.707107 0.707107 0.000766
vn -0.707107 0.707107 0.000766
vn 0.707106 -0.707106 0.001895
vn 0.707106 -0.707106 0.001895
vn 0.707101 0.707101 -0.003916
vn 0.707101 0.707101 -0.003916
vn -0.707107 -0.000000 -0.707107
vn -0.707107 -0.000000 -0.707107
vn -0.707105 0.001915 0.707105
vn -0.707105 0.001915 0.707105
vn 0.706902 0.024051 -0.706902
vn 0.706902 0.024051 -0.706902
vn 0.707088 -0.007297 0.707088
vn 0.707088 -0.007297 0.707088
vn 0.001011 -0.707106 -0.707106
vn 0.001011 -0.707106 -0.707106
vn 0.002616 -0.707104 0.707104
vn 0.002616 -0.707104 0.707104
vn 0.005787 0.707095 -0.707095
vn 0.005787 0.707095 -0.707095
vn 0.000758 0.707107 0.707107
vn 0.000758 0.707107 0.707107
vn -0.577350 -0.577350 -0.577350
vn -0.577350 -0.577350 0.577350
vn -0.577350 0.577350 -0.577350
vn -0.577350 0.577350 0.577350
vn 0.577350 -0.577350 -0.577350
vn 0.577350 -0.577350 0.577350
vn 0.577350 0.577350 -0.577350
vn 0.577350 0.577350 0.577350
vn -1.000000 0.000000 0.000000
vn -1.000000 0.000000 -0.000000
vn 1.000000 -0.000000 0.000000
vn 1.000000 0.000000 -0.000000
vn 0.000000 -1.000000 0.000000
vn 0.000000 -1.000000 0.000000
vn 0.000000 1.000000 0.000000
vn 0.000000 1.000000 0.000000
vn 0.000000 0.000000 -1.000000
vn 0.000000 -0.000000 -1.000000
vn 0.000000 0.000000 1.000000
vn 0.000000 -0.000000 1.000000
vn -0.707100 -0.707100 0.004377
vn -0.707100 -0.707100 0.004377
vn -0.707104 0.707104 -0.002564
vn -0.707104 0.707104 -0.002564
vn 0.707104 -0.707104 -0.002763
vn 0.707104 -0.707104 -0.002763
vn 0.707094 0.707094 0.006004
vn 0.707094 0.707094 0.006004
vn -0.707107 0.000567 -0.707107
vn -0.707107 0.000567 -0.707107
vn -0.707107 -0.000782 0.707107
vn -0.707107 -0.000782 0.707107
vn 0.707106 -0.001210 -0.707106
vn 0.707106 -0.001210 -0.707106
vn 0.707107 0.000483 0.707107
vn 0.707107 0.000483 0.707107
vn 0.008673 -0.707080 -0.707080
vn 0.008673 -0.707080 -0.707080
vn 0.000371 -0.707107 0.707107
vn 0.000371 -0.707107 0.707107
vn -0.001990 0.707105 -0.707105
vn -0.001990 0.707105 -0.707105
vn 0.007973 0.707084 0.707084
vn 0.007973 0.707084 0.707084
vn -0.577350 -0.577350 -0.577350
vn -0.577350 -0.577350 0.577350
vn -0.577350 0.577350 -0.577350
vn -0.577350 0.577350 0.577350
vn 0.577350 -0.577350 -0.577350
vn 0.577350 -0.577350 0.577350
vn 0.577350 0.577350 -0.577350
vn 0.577350 0.577350 0.577350
vn -1.000000 0.000000 0.000000
vn -1.000000 0.000000 -0.000000
vn 1.000000 -0.000000 0.000000
vn 1.000000 0.000000 -0.000000
vn 0.000000 -1.000000 0.000000
vn 0.000000 -1.000000 0.000000
vn 0.000000 1.000000 0.000000
vn 0.000000 1.000000 0.000000
vn 0.000000 0.000000 -1.000000
vn 0.000000 0.000000 -1.000000
vn 0.000000 0.000000 1.000000
vn 0.000000 0.000000 1.000000
vn -0.707107 -0.707107 0.000653
vn -0.707107 -0.707107 0.000653
vn -0.707098 0.707098 0.005060
vn -0.707098 0.707098 0.005060
vn 0.707107 -0.707107 -0.000003
vn 0.707107 -0.707107 -0.000003
vn 0.707095 0.707095 0.005783
vn 0.707095 0.707095 0.005783
vn -0.707107 -0.000789 -0.707107
vn -0.707107 -0.000789 -0.707107
vn -0.706664 0.035377 0.706664
vn -0.706664 0.035377 0.706664
vn 0.706841 -0.027430 -0.706841
vn 0.706841 -0.027430 -0.706841
vn 0.706970 0.019659 0.706970
vn 0.706970 0.019659 0.706970
vn 0.002931 -0.707104 -0.707104
vn 0.002931 -0.707104 -0.707104
vn 0.002251 -0.707105 0.707105
vn 0.002251 -0.707105 0.707105
vn -0.000544 0.707107 -0.707107
vn -0.000544 0.707107 -0.707107
vn 0.000206 0.707107 0.707107
vn 0.000206 0.707107 0.707107
vn -0.577350 -0.577350 -0.577350
vn -0.577350 -0.577350 0.577350
vn -0.577350 0.577350 -0.577350
vn -0.577350 0.577350 0.577350
vn 0.577350 -0.577350 -0.577350
vn 0.577350 -0.577350 0.577350
vn 0.577350 0.577350 -0.577350
vn 0.577350 0.577350 0.577350
vn -1.000000 0.000000 0.000000
vn -1.000000 0.000000 -0.000000
vn 1.000000 0.000000 0.000000
vn 1.000000 0.000000 0.000000
vn 0.000000 -1.000000 0.000000
vn 0.000000 -1.000000 0.000000
vn 0.000000 1.000000 0.000000
vn 0.000000 1.000000 0.000000
vn 0.000000 0.000000 -1.000000
vn 0.000000 -0.000000 -1.000000
vn -0.000000 0.000000 1.000000
vn 0.000000 -0.000000 1.000000
vn -0.707089 -0.707089 0.007125
vn -0.707089 -0.707089 0.007125
vn -0.707104 0.707104 -0.002668
vn -0.707104 0.707104 -0.002668
vn 0.707098 -0.707098 0.004900
vn 0.707098 -0.707098 0.004900
vn 0.707104 0.707104 -0.002864
vn 0.707104 0.707104 -0.002864
vn -0.706993 0.017961 -0.706993
vn -0.706993 0.017961 -0.706993
vn -0.706689 -0.034369 0.706689
vn -0.706689 -0.034369 0.706689
vn 0.706788 0.030011 -0.706788
vn 0.706788 0.030011 -0.706788
vn 0.707060 -0.011498 0.707060
vn 0.707060 -0.011498 0.707060
vn 0.000119 -0.707107 -0.707107
vn 0.000119 -0.707107 -0.707107
vn -0.002272 -0.707105 0.707105
vn -0.002272 -0.707105 0.707105
vn 0.002497 0.707105 -0.707105
vn 0.002497 0.707105 -0.707105
vn 0.002285 0.707105 0.707105
vn 0.002285 0.707105 0.707105
vn -0.577350 -0.577350 -0.577350
vn -0.577350 -0.577350 0.577350
vn -0.577350 0.577350 -0.577350
vn -0.577350 0.577350 0.577350
vn 0.577350 -0.577350 -0.577350
vn 0.577350 -0.577350 0.577350
vn 0.577350 0.577350 -0.577350
vn 0.577350 0.577350 0.577350
vn -1.000000 0.000000 0.000000
vn -1.000000 0.000000 0.000000
vn 1.000000 -0.000000 0.000000
vn 1.000000 0.000000 0.000000
vn 0.000000 -1.000000 0.000000
vn 0.000000 -1.000000 0.000000
vn 0.000000 1.000000 0.000000
vn 0.000000 1.000000 0.000000
vn 0.000000 0.000000 -1.000000
vn 0.000000 0.000000 -1.000000
vn 0.000000 0.000000 1.000000
vn 0.000000 0.000000 1.000000
vn -0.707100 -0.707100 -0.004513
vn -0.707100 -0.707100 -0.004513
vn -0.707106 0.707106 -0.001314
vn -0.707106 0.707106 -0.001314
vn 0.707104 -0.707104 0.002733
vn 0.707104 -0.707104 0.002733
vn 0.707104 0.707104 0.002657
vn 0.707104 0.707104 0.002657
vn -0.707106 -0.000975 -0.707106
vn -0.707106 -0.000975 -0.707106
vn -0.707107 0.000276 0.707107
vn -0.707107 0.000276 0.707107
vn 0.707107 -0.000183 -0.707107
vn 0.707107 -0.000183 -0.707107
vn 0.707107 -0.000212 0.707107
vn 0.707107 -0.000212 0.707107
vn -0.002057 -0.707105 -0.707105
vn -0.002057 -0.707105 -0.707105
vn 0.006367 -0.707092 0.707092
vn 0.006367 -0.707092 0.707092
vn 0.000301 0.707107 -0.707107
vn 0.000301 0.707107 -0.707107
vn 0.004917 0.707098 0.707098
vn 0.004917 0.707098 0.707098
vn -0.577350 -0.577350 -0.577350
vn -0.577350 -0.577350 0.577350
vn -0.577350 0.577350 -0.577350
vn -0.577350 0.577350 0.577350
vn 0.577350 -0.577350 -0.577350
vn 0.577350 -0.577350 0.577350
vn 0.577350 0.577350 -0.577350
vn 0.577350 0.577350 0.577350
vn -1.000000 0.000000 0.000000
vn -1.000000 0.000000 0.000000
vn 1.000000 0.000000 0.000000
vn 1.000000 0.000000 0.000000
vn 0.000000 -1.000000 0.000000
vn 0.000000 -1.000000 0.000000
vn -0.000000 1.000000 0.000000
vn 0.000000 1.000000 0.000000
vn 0.000000 0.000000 -1.000000
vn 0.000000 0.000000 -1.000000
vn 0.000000 0.000000 1.000000
vn 0.000000 -0.000000 1.000000
vn -0.707104 -0.707104 -0.002886
vn -0.707104 -0.707104 -0.002886
vn -0.707107 0.707107 0.000265
vn -0.707107 0.707107 0.000265
vn 0.707105 -0.707105 0.002493
vn 0.707105 -0.707105 0.002493
vn 0.707090 0.707090 -0.006833
vn 0.707090 0.707090 -0.006833
vn -0.706755 -0.031541 -0.706755
vn -0.706755 -0.031541 -0.706755
vn -0.707097 -0.005217 0.707097
vn -0.707097 -0.005217 0.707097
vn 0.706929 0.022394 -0.706929
vn 0.706929 0.022394 -0.706929
vn 0.706040 -0.054920 0.706040
vn 0.706040 -0.054920 0.706040
vn -0.001809 -0.707106 -0.707106
vn -0.001809 -0.707106 -0.707106
vn 0.003769 -0.707102 0.707102
vn 0.003769 -0.707102 0.707102
vn 0.004836 0.707099 -0.707099
vn 0.004836 0.707099 -0.707099
vn -0.002525 0.707105 0.707105
vn -0.002525 0.707105 0.707105
vn -0.577350 -0.577350 -0.577350
vn -0.577350 -0.577350 0.577350
vn -0.577350 0.577350 -0.577350
vn -0.577350 0.577350 0.577350
vn 0.577350 -0.577350 -0.577350
vn 0.577350 -0.577350 0.577350
vn 0.577350 0.577350 -0.577350
vn 0.577350 0.577350 0.577350
vn -1.000000 0.000000 0.000000
vn -1.000000 0.000000 -0.000000
vn 1.000000 -0.000000 0.000000
vn 1.000000 0.000000 0.000000
vn 0.000000 -1.000000 0.000000
vn 0.000000 -1.000000 0.000000
vn 0.000000 1.000000 0.000000
vn 0.000000 1.000000 0.000000
vn 0.000000 0.000000 -1.000000
vn 0.000000 0.000000 -1.000000
vn -0.000000 0.000000 1.000000
vn 0.000000 -0.000000 1.000000
vn -0.707104 -0.707104 0.002932
vn -0.707104 -0.707104 0.002932
vn -0.707106 0.707106 -0.001632
vn -0.707106 0.707106 -0.001632
vn 0.707106 -0.707106 0.001591
vn 0.707106 -0.707106 0.001591
vn 0.707105 0.707105 0.002151
vn 0.707105 0.707105 0.002151
vn -0.707099 -0.004624 -0.707099
vn -0.707099 -0.004624 -0.707099
vn -0.706800 -0.029442 0.706800
vn -0.706800 -0.029442 0.706800
vn 0.707100 -0.004294 -0.707100
vn 0.707100 -0.004294 -0.707100
vn 0.707106 -0.001428 0.707106
vn 0.707106 -0.001428 0.707106
vn -0.003635 -0.707102 -0.707102
vn -0.003635 -0.707102 -0.707102
vn -0.005077 -0.707098 0.707098
vn -0.005077 -0.707098 0.707098
vn -0.003604 0.707102 -0.707102
vn -0.003604 0.707102 -0.707102
vn 0.000457 0.707107 0.707107
vn 0.000457 0.707107 0.707107
vn -0.577350 -0.577350 -0.577350
vn -0.577350 -0.577350 0.577350
vn -0.577350 0.577350 -0.577350
vn -0.577350 0.577350 0.577350
vn 0.577350 -0.577350 -0.577350
vn 0.577350 -0.577350 0.577350
vn 0.577350 0.577350 -0.577350
vn 0.577350 0.577350 0.577350
vn -1.000000 0.000000 0.000000
vn -1.000000 0.000000 0.000000
vn 1.000000 -0.000000 0.000000
vn 1.000000 0.000000 -0.000000
vn 0.000000 -1.000000 0.000000
vn 0.000000 -1.000000 0.000000
vn -0.000000 1.000000 0.000000
vn 0.000000 1.000000 0.000000
vn 0.000000 0.000000 -1.000000
vn 0.000000 -0.000000 -1.000000
vn 0.000000 0.000000 1.000000
vn 0.000000 0.000000 1.000000
vn -0.707107 -0.707107 -0.000418
vn -0.707107 -0.707107 -0.000418
vn -0.707106 0.707106 -0.001644
vn -0.707106 0.707106 -0.001644
vn 0.707106 -0.707106 -0.001778
vn 0.707106 -0.707106 -0.001778
vn 0.707106 0.707106 -0.001613
vn 0.707106 0.707106 -0.001613
vn -0.707106 0.001082 -0.707106
vn -0.707106 0.001082 -0.707106
vn -0.707107 0.000846 0.707107
vn -0.707107 0.000846 0.707107
vn 0.707107 -0.000632 -0.707107
vn 0.707107 -0.000632 -0.707107
vn 0.707107 -0.000602 0.707107
vn 0.707107 -0.000602 0.707107
vn 0.004419 -0.707100 -0.707100
vn 0.004419 -0.707100 -0.707100
vn 0.002836 -0.707104 0.707104
vn 0.002836 -0.707104 0.707104
vn -0.005861 0.707095 -0.707095
vn -0.005861 0.707095 -0.707095
vn -0.005820 0.707095 0.707095
vn -0.005820 0.707095 0.707095
vn -0.577350 -0.577350 -0.577350
vn -0.577350 -0.577350 0.577350
vn -0.577350 0.577350 -0.577350
vn -0.577350 0.577350 0.577350
vn 0.577350 -0.577350 -0.577350
vn 0.577350 -0.577350 0.577350
vn 0.577350 0.577350 -0.577350
vn 0.577350 0.577350 0.577350
vn -1.000000 0.000000 0.000000
vn -1.000000 0.000000 0.000000
vn 1.000000 0.000000 0.000000
vn 1.000000 0.000000 -0.000000
vn 0.000000 -1.000000 0.000000
vn 0.000000 -1.000000 0.000000
vn 0.000000 1.000000 0.000000
vn 0.000000 1.000000 0.000000
vn 0.000000 0.000000 -1.000000
vn 0.000000 0.000000 -1.000000
vn -0.000000 0.000000 1.000000
vn 0.000000 -0.000000 1.000000
vn -0.707107 -0.707107 -0.000305
vn -0.707107 -0.707107 -0.000305
vn -0.707107 0.707107 -0.000498
vn -0.707107 0.707107 -0.000498
vn 0.707104 -0.707104 -0.002763
vn 0.707104 -0.707104 -0.002763
vn 0.707105 0.707105 -0.002312
vn 0.707105 0.707105 -0.002312
vn -0.706421 -0.044042 -0.706421
vn -0.706421 -0.044042 -0.706421
vn -0.706383 -0.045246 0.706383
vn -0.706383 -0.045246 0.706383
vn 0.707077 0.009172 -0.707077
vn 0.707077 0.009172 -0.707077
vn 0.707054 0.012270 0.707054
vn 0.707054 0.012270 0.707054
vn -0.002568 -0.707104 -0.707104
vn -0.002568 -0.707104 -0.707104
vn -0.005117 -0.707098 0.707098
vn -0.005117 -0.707098 0.707098
vn 0.004186 0.707101 -0.707101
vn 0.004186 0.707101 -0.707101
vn 0.002305 0.707105 0.707105
vn 0.002305 0.707105 0.707105
vn -0.577350 -0.577350 -0.577350
vn -0.577350 -0.577350 0.577350
vn -0.577350 0.577350 -0.577350
vn -0.577350 0.577350 0.577350
vn 0.577350 -0.577350 -0.577350
vn 0.577350 -0.577350 0.577350
vn 0.577350 0.577350 -0.577350
vn 0.577350 0.577350 0.577350
vn -1.000000 0.000000 0.000000
vn -1.000000 0.000000 -0.000000
vn 1.000000 -0.000000 0.000000
vn 1.000000 0.000000 -0.000000
vn 0.000000 -1.000000 0.000000
vn 0.000000 -1.000000 0.000000
vn 0.000000 1.000000 0.000000
vn 0.000000 1.000000 0.000000
vn 0.000000 0.000000 -1.000000
vn 0.000000 -0.000000 -1.000000
vn -0.000000 0.000000 1.000000
vn 0.000000 -0.000000 1.000000
vn -0.707105 -0.707105 0.002435
vn -0.707105 -0.707105 0.002435
vn -0.707106 0.707106 -0.001303
vn -0.707106 0.707106 -0.001303
vn 0.707106 -0.707106 -0.001021
vn 0.707106 -0.707106 -0.001021
vn 0.707106 0.707106 0.001019
vn 0.707106 0.707106 0.001019
vn -0.707075 0.009483 -0.707075
vn -0.707075 0.009483 -0.707075
vn -0.707069 -0.010286 0.707069
vn -0.707069 -0.010286 0.707069
vn 0.707106 -0.001095 -0.707106
vn 0.707106 -0.001095 -0.707106
vn 0.707074 0.009680 0.707074
vn 0.707074 0.009680 0.707074
vn 0.001300 -0.707106 -0.707106
vn 0.001300 -0.707106 -0.707106
vn -0.002410 -0.707105 0.707105
vn -0.002410 -0.707105 0.707105
vn -0.000855 0.707107 -0.707107
vn -0.000855 0.707107 -0.707107
vn 0.001639 0.707106 0.707106
vn 0.001639 0.707106 0.707106
vn -0.577350 -0.577350 -0.577350
vn -0.577350 -0.577350 0.577350
vn -0.577350 0.577350 -0.577350
vn -0.577350 0.577350 0.577350
vn 0.577350 -0.577350 -0.577350
vn 0.577350 -0.577350 0.577350
vn 0.577350 0.577350 -0.577350
vn 0.577350 0.577350 0.577350
vn -1.000000 0.000000 0.000000
vn -1.000000 0.000000 -0.000000
vn 1.000000 -0.000000 0.000000
vn 1.000000 0.000000 0.000000
vn 0.000000 -1.000000 0.000000
vn 0.000000 -1.000000 0.000000
vn 0.000000 1.000000 0.000000
vn 0.000000 1.000000 0.000000
vn 0.000000 0.000000 -1.000000
vn 0.000000 -0.000000 -1.000000
vn 0.000000 0.000000 1.000000
vn 0.000000 -0.000000 1.000000
vn -0.707101 -0.707101 0.004090
vn -0.707101 -0.707101 0.004090
vn -0.707106 0.707106 -0.001327
vn -0.707106 0.707106 -0.001327
vn 0.707107 -0.707107 0.000132
vn 0.707107 -0.707107 0.000132
vn 0.707096 0.707096 0.005445
vn 0.707096 0.707096 0.005445
vn -0.707107 0.000445 -0.707107
vn -0.707107 0.000445 -0.707107
vn -0.707107 -0.000610 0.707107
vn -0.707107 -0.000610 0.707107
vn 0.707107 -0.000837 -0.707107
vn 0.707107 -0.000837 -0.707107
vn 0.707107 0.000192 0.707107
vn 0.707107 0.000192 0.707107
vn 0.006662 -0.707091 -0.707091
vn 0.006662 -0.707091 -0.707091
vn 0.002065 -0.707105 0.707105
vn 0.002065 -0.707105 0.707105
vn -0.001004 0.707106 -0.707106
vn -0.001004 0.707106 -0.707106
vn 0.006870 0.707090 0.707090
vn 0.006870 0.707090 0.707090
vn -0.577350 -0.577350 -0.577350
vn -0.577350 -0.577350 0.577350
vn -0.577350 0.577350 -0.577350
vn -0.577350 0.577350 0.577350
vn 0.577350 -0.577350 -0.577350
vn 0.577350 -0.577350 0.577350
vn 0.577350 0.577350 -0.577350
vn 0.577350 0.577350 0.577350
vn -1.000000 0.000000 0.000000
vn -1.000000 0.000000 -0.000000
vn 1.000000 0.000000 0.000000
vn 1.000000 0.000000 0.000000
vn 0.000000 -1.000000 0.000000
vn 0.000000 -1.000000 0.000000
vn -0.000000 1.000000 0.000000
vn 0.000000 1.000000 0.000000
vn 0.000000 0.000000 -1.000000
vn 0.000000 -0.000000 -1.000000
vn -0.000000 0.000000 1.000000
vn 0.000000 -0.000000 1.000000
vn -0.707098 -0.707098 0.004895
vn -0.707098 -0.707098 0.004895
vn -0.707106 0.707106 -0.001813
vn -0.707106 0.707106 -0.001813
vn 0.707106 -0.707106 0.001084
vn 0.707106 -0.707106 0.001084
vn 0.707095 0.707095 -0.005754
vn 0.707095 0.707095 -0.005754
vn -0.706986 0.018450 -0.706986
vn -0.706986 0.018450 -0.706986
vn -0.706613 -0.037354 0.706613
vn -0.706613 -0.037354 0.706613
vn 0.706242 0.049431 -0.706242
vn 0.706242 0.049431 -0.706242
vn 0.707094 -0.005990 0.707094
vn 0.707094 -0.005990 0.707094
vn -0.001929 -0.707105 -0.707105
vn -0.001929 -0.707105 -0.707105
vn -0.005883 -0.707095 0.707095
vn -0.005883 -0.707095 0.707095
vn 0.002016 0.707105 -0.707105
vn 0.002016 0.707105 -0.707105
vn -0.002071 0.707105 0.707105
vn -0.002071 0.707105 0.707105
vn -0.577350 -0.577350 -0.577350
vn -0.577350 -0.577350 0.577350
vn -0.577350 0.577350 -0.577350
vn -0.577350 0.577350 0.577350
vn 0.577350 -0.577350 -0.577350
vn 0.577350 -0.577350 0.577350
vn 0.577350 0.577350 -0.577350
vn 0.577350 0.577350 0.577350
vn -1.000000 0.000000 0.000000
vn -1.000000 0.000000 0.000000
vn 1.000000 -0.000000 0.000000
vn 1.000000 0.000000 -0.000000
vn 0.000000 -1.000000 0.000000
vn 0.000000 -1.000000 0.000000
vn -0.000000 1.000000 0.000000
vn 0.000000 1.000000 0.000000
vn 0.000000 0.000000 -1.000000
vn 0.000000 -0.000000 -1.000000
vn -0.000000 0.000000 1.000000
vn 0.000000 0.000000 1.000000
vn -0.707107 -0.707107 -0.000409
vn -0.707107 -0.707107 -0.000409
vn -0.707107 0.707107 0.000003
vn -0.707107 0.707107 0.000003
vn 0.707105 -0.707105 -0.002289
vn 0.707105 -0.707105 -0.002289
vn 0.707099 0.707099 0.004708
vn 0.707099 0.707099 0.004708
vn -0.707056 0.012004 -0.707056
vn -0.707056 0.012004 -0.707056
vn -0.707035 0.014207 0.707035
vn -0.707035 0.014207 0.707035
vn 0.707050 -0.012630 -0.707050
vn 0.707050 -0.012630 -0.707050
vn 0.706899 0.024262 0.706899
vn 0.706899 0.024262 0.706899
vn -0.000937 -0.707106 -0.707106
vn -0.000937 -0.707106 -0.707106
vn -0.002955 -0.707104 0.707104
vn -0.002955 -0.707104 0.707104
vn -0.005907 0.707094 -0.707094
vn -0.005907 0.707094 -0.707094
vn -0.000855 0.707107 0.707107
vn -0.000855 0.707107 0.707107
vn -0.577350 -0.577350 -0.577350
vn -0.577350 -0.577350 0.577350
vn -0.577350 0.577350 -0.577350
vn -0.577350 0.577350 0.577350
vn 0.577350 -0.577350 -0.577350
vn 0.577350 -0.577350 0.577350
vn 0.577350 0.577350 -0.577350
vn 0.577350 0.577350 0.577350
vn -1.000000 0.000000 0.000000
vn -1.000000 0.000000 0.000000
vn 1.000000 -0.000000 0.000000
vn 1.000000 0.000000 -0.000000
vn 0.000000 -1.000000 0.000000
vn 0.000000 -1.000000 0.000000
vn 0.000000 1.000000 0.000000
vn 0.000000 1.000000 0.000000
vn 0.000000 0.000000 -1.000000
vn 0.000000 0.000000 -1.000000
vn 0.000000 0.000000 1.000000
vn 0.000000 0.000000 1.000000
vn -0.707096 -0.707096 -0.005582
vn -0.707096 -0.707096 -0.005582
vn -0.707104 0.707104 -0.003000
vn -0.707104 0.707104 -0.003000
vn 0.707107 -0.707107 -0.000736
vn 0.707107 -0.707107 -0.000736
vn 0.707102 0.707102 0.003794
vn 0.707102 0.707102 0.003794
vn -0.707107 -0.000031 -0.707107
vn -0.707107 -0.000031 -0.707107
vn -0.707107 0.000719 0.707107
vn -0.707107 0.000719 0.707107
vn 0.707107 -0.000264 -0.707107
vn 0.707107 -0.000264 -0.707107
vn 0.707106 0.001050 0.707106
vn 0.707106 0.001050 0.707106
vn -0.004476 -0.707100 -0.707100
vn -0.004476 -0.707100 -0.707100
vn 0.001157 -0.707106 0.707106
vn 0.001157 -0.707106 0.707106
vn -0.005403 0.707096 -0.707096
vn -0.005403 0.707096 -0.707096
vn 0.002495 0.707105 0.707105
vn 0.002495 0.707105 0.707105
vn -0.577350 -0.577350 -0.577350
vn -0.577350 -0.577350 0.577350
vn -0.577350 0.577350 -0.577350
vn -0.577350 0.577350 0.577350
vn 0.577350 -0.577350 -0.577350
vn 0.577350 -0.577350 0.577350
vn 0.577350 0.577350 -0.577350
vn 0.577350 0.577350 0.577350
vn -1.000000 0.000000 0.000000
vn -1.000000 0.000000 0.000000
vn 1.000000 -0.000000 0.000000
vn 1.000000 0.000000 0.000000
vn 0.000000 -1.000000 0.000000
vn 0.000000 -1.000000 0.000000
vn 0.000000 1.000000 0.000000
vn 0.000000 1.000000 0.000000
vn 0.000000 0.000000 -1.000000
vn 0.000000 -0.000000 -1.000000
vn 0.000000 0.000000 1.000000
vn 0.000000 -0.000000 1.000000
vn -0.707106 -0.707106 -0.001520
vn -0.707106 -0.707106 -0.001520
vn -0.707096 0.707096 -0.005640
vn -0.707096 0.707096 -0.005640
vn 0.707107 -0.707107 0.000449
vn 0.707107 -0.707107 0.000449
vn 0.707106 0.707106 0.001556
vn 0.707106 0.707106 0.001556
vn -0.706992 0.018056 -0.706992
vn -0.706992 0.018056 -0.706992
vn -0.707014 -0.016156 0.707014
vn -0.707014 -0.016156 0.707014
vn 0.706887 -0.024907 -0.706887
vn 0.706887 -0.024907 -0.706887
vn 0.707019 -0.015795 0.707019
vn 0.707019 -0.015795 0.707019
vn 0.002257 -0.707105 -0.707105
vn 0.002257 -0.707105 -0.707105
vn 0.004299 -0.707100 0.707100
vn 0.004299 -0.707100 0.707100
vn -0.002944 0.707104 -0.707104
vn -0.002944 0.707104 -0.707104
vn 0.004519 0.707100 0.707100
vn 0.004519 0.707100 0.707100
vn -0.577350 -0.577350 -0.577350
vn -0.577350 -0.577350 0.577350
vn -0.577350 0.577350 -0.577350
vn -0.577350 0.577350 0.577350
vn 0.577350 -0.577350 -0.577350
vn 0.577350 -0.577350 0.577350
vn 0.577350 0.577350 -0.577350
vn 0.577350 0.577350 0.577350
vn -1.000000 0.000000 0.000000
vn -1.000000 0.000000 -0.000000
vn 1.000000 -0.000000 0.000000
vn 1.000000 0.000000 0.000000
vn 0.000000 -1.000000 0.000000
vn 0.000000 -1.000000 0.000000
vn -0.000000 1.000000 0.000000
vn 0.000000 1.000000 0.000000
vn 0.000000 0.000000 -1.000000
vn 0.000000 -0.000000 -1.000000
vn -0.000000 0.000000 1.000000
vn 0.000000 0.000000 1.000000
vn -0.707106 -0.707106 0.000902
vn -0.707106 -0.707106 0.000902
vn -0.707107 0.707107 -0.000784
vn -0.707107 0.707107 -0.000784
vn 0.707106 -0.707106 0.001026
vn 0.707106 -0.707106 0.001026
vn 0.707107 0.707107 -0.000771
vn 0.707107 0.707107 -0.000771
vn -0.707080 0.008733 -0.707080
vn -0.707080 0.008733 -0.707080
vn -0.707107 0.000375 0.707107
vn -0.707107 0.000375 0.707107
vn 0.707099 -0.004609 -0.707099
vn 0.707099 -0.004609 -0.707099
vn 0.707044 -0.013313 0.707044
vn 0.707044 -0.013313 0.707044
vn -0.000173 -0.707107 -0.707107
vn -0.000173 -0.707107 -0.707107
vn -0.000149 -0.707107 0.707107
vn -0.000149 -0.707107 0.707107
vn -0.000701 0.707107 -0.707107
vn -0.000701 0.707107 -0.707107
vn -0.000699 0.707107 0.707107
vn -0.000699 0.707107 0.707107
vn -0.577350 -0.577350 -0.577350
vn -0.577350 -0.577350 0.577350
vn -0.577350 0.577350 -0.577350
vn -0.577350 0.577350 0.577350
vn 0.577350 -0.577350 -0.577350
vn 0.577350 -0.577350 0.577350
vn 0.577350 0.577350 -0.577350
vn 0.577350 0.577350 0.577350
vn -1.000000 0.000000 0.000000
vn -1.000000 0.000000 0.000000
vn 1.000000 -0.000000 0.000000
vn 1.000000 0.000000 -0.000000
vn 0.000000 -1.000000 0.000000
vn 0.000000 -1.000000 0.000000
vn -0.000000 1.000000 0.000000
vn 0.000000 1.000000 0.000000
vn 0.000000 0.000000 -1.000000
vn 0.000000 -0.000000 -1.000000
vn 0.000000 0.000000 1.000000
vn 0.000000 0.000000 1.000000
vn -0.707103 -0.707103 -0.003349
vn -0.707103 -0.707103 -0.003349
vn -0.707106 0.707106 -0.001335
vn -0.707106 0.707106 -0.001335
vn 0.707104 -0.707104 -0.003042
vn 0.707104 -0.707104 -0.003042
vn 0.707102 0.707102 -0.003648
vn 0.707102 0.707102 -0.003648
vn -0.707107 0.000253 -0.707107
vn -0.707107 0.000253 -0.707107
vn -0.707013 0.016319 0.707013
vn -0.707013 0.016319 0.707013
vn 0.707077 -0.009117 -0.707077
vn 0.707077 -0.009117 -0.707077
vn 0.707044 -0.013348 0.707044
vn 0.707044 -0.013348 0.707044
vn 0.000311 -0.707107 -0.707107
vn 0.000311 -0.707107 -0.707107
vn 0.000380 -0.707107 0.707107
vn 0.000380 -0.707107 0.707107
vn 0.000073 0.707107 -0.707107
vn 0.000073 0.707107 -0.707107
vn -0.000431 0.707107 0.707107
vn -0.000431 0.707107 0.707107
vn -0.577350 -0.577350 -0.577350
vn -0.577350 -0.577350 0.577350
vn -0.577350 0.577350 -0.577350
vn -0.577350 0.577350 0.577350
vn 0.577350 -0.577350 -0.577350
vn 0.577350 -0.577350 0.577350
vn 0.577350 0.577350 -0.577350
vn 0.577350 0.577350 0.577350
vn -1.000000 0.000000 0.000000
vn -1.000000 0.000000 0.000000
vn 1.000000 0.000000 0.000000
vn 1.000000 0.000000 0.000000
vn 0.000000 -1.000000 0.000000
vn 0.000000 -1.000000 0.000000
vn -0.000000 1.000000 0.000000
vn 0.000000 1.000000 0.000000
vn 0.000000 0.000000 -1.000000
vn 0.000000 -0.000000 -1.000000
vn 0.000000 0.000000 1.000000
vn 0.000000 0.000000 1.000000
vn -0.707107 -0.707107 -0.000331
vn -0.707107 -0.707107 -0.000331
vn -0.707106 0.707106 0.001083
vn -0.707106 0.707106 0.001083
vn 0.707099 -0.707099 0.004793
vn 0.707099 -0.707099 0.004793
vn 0.707105 0.707105 -0.002058
vn 0.707105 0.707105 -0.002058
vn -0.707086 0.007747 -0.707086
vn -0.707086 0.007747 -0.707086
vn -0.707031 0.014658 0.707031
vn -0.707031 0.014658 0.707031
vn 0.706968 0.019827 -0.706968
vn 0.706968 0.019827 -0.706968
vn 0.707040 -0.013766 0.707040
vn 0.707040 -0.013766 0.707040
vn -0.000261 -0.707107 -0.707107
vn -0.000261 -0.707107 -0.707107
vn 0.001553 -0.707106 0.707106
vn 0.001553 -0.707106 0.707106
vn 0.000613 0.707107 -0.707107
vn 0.000613 0.707107 -0.707107
vn -0.000498 0.707107 0.707107
vn -0.000498 0.707107 0.707107
vn -0.577350 -0.577350 -0.577350
vn -0.577350 -0.577350 0.577350
vn -0.577350 0.577350 -0.577350
vn -0.577350 0.577350 0.577350
vn 0.577350 -0.577350 -0.577350
vn 0.577350 -0.577350 0.577350
vn 0.577350 0.577350 -0.577350
vn 0.577350 0.577350 0.577350
vn -1.000000 0.000000 0.000000
vn -1.000000 0.000000 -0.000000
vn 1.000000 -0.000000 0.000000
vn 1.000000 0.000000 -0.000000
vn 0.000000 -1.000000 0.000000
vn 0.000000 -1.000000 0.000000
vn 0.000000 1.000000 0.000000
vn 0.000000 1.000000 0.000000
vn 0.000000 0.000000 -1.000000
vn 0.000000 0.000000 -1.000000
vn -0.000000 0.000000 1.000000
vn 0.000000 -0.000000 1.000000
vn -0.707107 -0.707107 0.000285
vn -0.707107 -0.707107 0.000285
vn -0.707101 0.707101 -0.003985
vn -0.707101 0.707101 -0.003985
vn 0.707101 -0.707101 -0.003982
vn 0.707101 -0.707101 -0.003982
vn 0.707103 0.707103 0.003255
vn 0.707103 0.707103 0.003255
vn -0.707077 -0.009157 -0.707077
vn -0.707077 -0.009157 -0.707077
vn -0.706424 -0.043930 0.706424
vn -0.706424 -0.043930 0.706424
vn 0.706852 -0.026864 -0.706852
vn 0.706852 -0.026864 -0.706852
vn 0.706736 0.032400 0.706736
vn 0.706736 0.032400 0.706736
vn -0.000354 -0.707107 -0.707107
vn -0.000354 -0.707107 -0.707107
vn -0.002220 -0.707105 0.707105
vn -0.002220 -0.707105 0.707105
vn -0.001316 0.707106 -0.707106
vn -0.001316 0.707106 -0.707106
vn 0.001852 0.707106 0.707106
vn 0.001852 0.707106 0.707106
vn -0.577350 -0.577350 -0.577350
vn -0.577350 -0.577350 0.577350
vn -0.577350 0.577350 -0.577350
vn -0.577350 0.577350 0.577350
vn 0.577350 -0.577350 -0.577350
vn 0.577350 -0.577350 0.577350
vn 0.577350 0.577350 -0.577350
vn 0.577350 0.577350 0.577350
vn 0.000000 0.000000 -1.000000
vn 0.000000 0.000000 1.000000
vn 0.000000 0.000000 -1.000000
vn 0.000000 0.000000 1.000000
vn 0.000000 -1.000000 0.000000
vn 0.000000 -1.000000 0.000000
vn 0.956674 0.291162 0.000000
vn 0.956674 0.291162 -0.000000
vn 0.406138 0.913812 0.000000
vn 0.406138 0.913812 -0.000000
vn -0.238907 0.971042 0.000000
vn -0.238907 0.971042 0.000000
vn 0.000000 0.000000 -1.000000
vn 0.000000 0.000000 1.000000
vn 0.000000 -1.000000 0.000000
vn 0.000000 -1.000000 0.000000
vn 0.385386 0.922755 0.000000
vn 0.385386 0.922755 -0.000000
vn -0.943235 0.332125 0.000000
vn -0.943235 0.332125 0.000000
vn -1.000000 0.000000 0.000000
vn -1.000000 0.000000 0.000000
vn 1.000000 -0.000000 0.000000
vn 1.000000 0.000000 -0.000000
vn 0.000000 -1.000000 0.000000
vn 0.000000 -1.000000 0.000000
vn -0.000000 1.000000 0.000000
vn 0.000000 1.000000 0.000000
vn 0.000000 0.000000 -1.000000
vn 0.000000 0.000000 -1.000000
vn -0.000000 0.000000 1.000000
vn 0.000000 -0.000000 1.000000
vn -0.707106 -0.707106 -0.001493
vn -0.707106 -0.707106 -0.001493
vn -0.707107 0.707107 -0.000529
vn -0.707107 0.707107 -0.000529
vn 0.707105 -0.707105 -0.001969
vn 0.707105 -0.707105 -0.001969
vn 0.707098 0.707098 -0.005009
vn 0.707098 0.707098 -0.005009
vn -0.707107 -0.000726 -0.707107
vn -0.707107 -0.000726 -0.707107
vn -0.707107 -0.000575 0.707107
vn -0.707107 -0.000575 0.707107
vn 0.707107 -0.000336 -0.707107
vn 0.707107 -0.000336 -0.707107
vn 0.707107 -0.000819 0.707107
vn 0.707107 -0.000819 0.707107
vn 0.000367 -0.707107 -0.707107
vn 0.000367 -0.707107 -0.707107
vn -0.000124 -0.707107 0.707107
vn -0.000124 -0.707107 0.707107
vn 0.002910 0.707104 -0.707104
vn 0.002910 0.707104 -0.707104
vn -0.001702 0.707106 0.707106
vn -0.001702 0.707106 0.707106
vn -0.577350 -0.577350 -0.577350
vn -0.577350 -0.577350 0.577350
vn -0.577350 0.577350 -0.577350
vn -0.577350 0.577350 0.577350
vn 0.577350 -0.577350 -0.577350
vn 0.577350 -0.577350 0.577350
vn 0.577350 0.577350 -0.577350
vn 0.577350 0.577350 0.577350
vn -1.000000 0.000000 0.000000
vn -1.000000 0.000000 -0.000000
vn 1.000000 0.000000 0.000000
vn 1.000000 0.000000 0.000000
vn 0.000000 -1.000000 0.000000
vn 0.000000 -1.000000 0.000000
vn -0.000000 1.000000 0.000000
vn 0.000000 1.000000 0.000000
vn 0.000000 0.000000 -1.000000
vn 0.000000 0.000000 -1.000000
vn -0.000000 0.000000 1.000000
vn 0.000000 0.000000 1.000000
vn -0.707107 -0.707107 0.000296
vn -0.707107 -0.707107 0.000296
vn -0.707098 0.707098 0.004978
vn -0.707098 0.707098 0.004978
vn 0.707107 -0.707107 0.000554
vn 0.707107 -0.707107 0.000554
vn 0.707091 0.707091 -0.006666
vn 0.707091 0.707091 -0.006666
vn -0.707107 -0.000618 -0.707107
vn -0.707107 -0.000618 -0.707107
vn -0.707107 0.000457 0.707107
vn -0.707107 0.000457 0.707107
vn 0.707105 0.002074 -0.707105
vn 0.707105 0.002074 -0.707105
vn 0.707107 0.000419 0.707107
vn 0.707107 0.000419 0.707107
vn -0.004606 -0.707099 -0.707099
vn -0.004606 -0.707099 -0.707099
vn -0.004340 -0.707100 0.707100
vn -0.004340 -0.707100 0.707100
vn 0.007456 0.707087 -0.707087
vn 0.007456 0.707087 -0.707087
vn -0.004529 0.707100 0.707100
vn -0.004529 0.707100 0.707100
vn -0.577350 -0.577350 -0.577350
vn -0.577350 -0.577350 0.577350
vn -0.577350 0.577350 -0.577350
vn -0.577350 0.577350 0.577350
vn 0.577350 -0.577350 -0.577350
vn 0.577350 -0.577350 0.577350
vn 0.577350 0.577350 -0.577350
vn 0.577350 0.577350 0.577350
vn -1.000000 0.000000 0.000000
vn -1.000000 0.000000 -0.000000
vn 1.000000 -0.000000 0.000000
vn 1.000000 0.000000 -0.000000
vn 0.000000 -1.000000 0.000000
vn 0.000000 -1.000000 0.000000
vn -0.000000 1.000000 0.000000
vn 0.000000 1.000000 0.000000
vn 0.000000 0.000000 -1.000000
vn 0.000000 0.000000 -1.000000
vn 0.000000 0.000000 1.000000
vn 0.000000 0.000000 1.000000
vn -0.707105 -0.707105 0.002512
vn -0.707105 -0.707105 0.002512
vn -0.707095 0.707095 0.005700
vn -0.707095 0.707095 0.005700
vn 0.707103 -0.707103 -0.003251
vn 0.707103 -0.707103 -0.003251
vn 0.707080 0.707080 -0.008763
vn 0.707080 0.707080 -0.008763
vn -0.707107 -0.000143 -0.707107
vn -0.707107 -0.000143 -0.707107
vn -0.707107 0.000361 0.707107
vn -0.707107 0.000361 0.707107
vn 0.707107 -0.000103 -0.707107
vn 0.707107 -0.000103 -0.707107
vn 0.707106 -0.000978 0.707106
vn 0.707106 -0.000978 0.707106
vn 0.008133 -0.707083 -0.707083
vn 0.008133 -0.707083 -0.707083
vn 0.002202 -0.707105 0.707105
vn 0.002202 -0.707105 0.707105
vn 0.008374 0.707082 -0.707082
vn 0.008374 0.707082 -0.707082
vn -0.006511 0.707092 0.707092
vn -0.006511 0.707092 0.707092
vn -0.577350 -0.577350 -0.577350
vn -0.577350 -0.577350 0.577350
vn -0.577350 0.577350 -0.577350
vn -0.577350 0.577350 0.577350
vn 0.577350 -0.577350 -0.577350
vn 0.577350 -0.577350 0.577350
vn 0.577350 0.577350 -0.577350
vn 0.577350 0.577350 0.577350
vn -1.000000 0.000000 0.000000
vn -1.000000 0.000000 0.000000
vn 1.000000 -0.000000 0.000000
vn 1.000000 0.000000 0.000000
vn 0.000000 -1.000000 0.000000
vn 0.000000 -1.000000 0.000000
vn -0.000000 1.000000 0.000000
vn 0.000000 1.000000 0.000000
vn 0.000000 0.000000 -1.000000
vn 0.000000 0.000000 -1.000000
vn 0.000000 0.000000 1.000000
vn 0.000000 -0.000000 1.000000
vn -0.707107 -0.707107 -0.000332
vn -0.707107 -0.707107 -0.000332
vn -0.707106 0.707106 -0.001089
vn -0.707106 0.707106 -0.001089
vn 0.707107 -0.707107 0.000672
vn 0.707107 -0.707107 0.000672
vn 0.707107 0.707107 0.000364
vn 0.707107 0.707107 0.000364
vn -0.707106 -0.001221 -0.707106
vn -0.707106 -0.001221 -0.707106
vn -0.707106 -0.001493 0.707106
vn -0.707106 -0.001493 0.707106
vn 0.707105 -0.002510 -0.707105
vn 0.707105 -0.002510 -0.707105
vn 0.707104 -0.002618 0.707104
vn 0.707104 -0.002618 0.707104
vn 0.000123 -0.707107 -0.707107
vn 0.000123 -0.707107 -0.707107
vn 0.001157 -0.707106 0.707106
vn 0.001157 -0.707106 0.707106
vn -0.003561 0.707102 -0.707102
vn -0.003561 0.707102 -0.707102
vn -0.002066 0.707105 0.707105
vn -0.002066 0.707105 0.707105
vn -0.577350 -0.577350 -0.577350
vn -0.577350 -0.577350 0.577350
vn -0.577350 0.577350 -0.577350
vn -0.577350 0.577350 0.577350
vn 0.577350 -0.577350 -0.577350
vn 0.577350 -0.577350 0.577350
vn 0.577350 0.577350 -0.577350
vn 0.577350 0.577350 0.577350
vn -0.991562 -0.000000 0.129634
vn -0.991562 -0.000000 0.129634
vn 0.991562 -0.000000 -0.129634
vn 0.991562 0.000000 -0.129634
vn 0.000000 -1.000000 0.000000
vn 0.000000 -1.000000 0.000000
vn 0.000000 1.000000 0.000000
vn 0.000000 1.000000 0.000000
vn -0.129634 0.000000 -0.991562
vn -0.129634 0.000000 -0.991562
vn 0.129634 -0.000000 0.991562
vn 0.129634 0.000000 0.991562
vn -0.701534 -0.707103 0.088625
vn -0.701534 -0.707103 0.088625
vn -0.700942 0.707106 0.093171
vn -0.700942 0.707106 0.093171
vn 0.699495 -0.707053 -0.103840
vn 0.699495 -0.707053 -0.103840
vn 0.703988 0.706912 -0.068381
vn 0.703988 0.706912 -0.068381
vn -0.792607 -0.022391 -0.609322
vn -0.792607 -0.022391 -0.609322
vn -0.609415 -0.014009 0.792728
vn -0.609415 -0.014009 0.792728
vn 0.609053 -0.037207 -0.792256
vn 0.609053 -0.037207 -0.792256
vn 0.792483 0.028510 0.609227
vn 0.792483 0.028510 0.609227
vn -0.089415 -0.707105 -0.701433
vn -0.089415 -0.707105 -0.701433
vn 0.089839 -0.707106 0.701378
vn 0.089839 -0.707106 0.701378
vn -0.093006 0.707106 -0.700964
vn -0.093006 0.707106 -0.700964
vn 0.100057 0.707081 0.700017
vn 0.100057 0.707081 0.700017
vn -0.647323 -0.577350 -0.497634
vn -0.497634 -0.577350 0.647323
vn -0.647323 0.577350 -0.497634
vn -0.497634 0.577350 0.647323
vn 0.497634 -0.577350 -0.647323
vn 0.647323 -0.577350 0.497634
vn 0.497634 0.577350 -0.647323
vn 0.647323 0.577350 0.497634
vn -0.991562 -0.000000 0.129634
vn -0.991562 0.000000 0.129634
vn 0.991562 0.000000 -0.129634
vn 0.991562 -0.000000 -0.129634
vn 0.000000 -1.000000 0.000000
vn 0.000000 -1.000000 0.000000
vn 0.000000 1.000000 0.000000
vn 0.000000 1.000000 0.000000
vn -0.129634 0.000000 -0.991562
vn -0.129634 0.000000 -0.991562
vn 0.129634 0.000000 0.991562
vn 0.129634 0.000000 0.991562
vn -0.702689 -0.707053 0.079399
vn -0.702689 -0.707053 0.079399
vn -0.699391 0.707047 0.104582
vn -0.699391 0.707047 0.104582
vn 0.703783 -0.706941 -0.070173
vn 0.703783 -0.706941 -0.070173
vn 0.700594 0.707101 -0.095797
vn 0.700594 0.707101 -0.095797
vn -0.792782 -0.007749 -0.609457
vn -0.792782 -0.007749 -0.609457
vn -0.609133 0.033497 0.792360
vn -0.609133 0.033497 0.792360
vn 0.609203 0.029855 -0.792452
vn 0.609203 0.029855 -0.792452
vn 0.792747 -0.012127 0.609430
vn 0.792747 -0.012127 0.609430
vn -0.095790 -0.707101 -0.700595
vn -0.095790 -0.707101 -0.700595
vn 0.097868 -0.707093 0.700315
vn 0.097868 -0.707093 0.700315
vn -0.088740 0.707104 -0.701519
vn -0.088740 0.707104 -0.701519
vn 0.089428 0.707105 0.701431
vn 0.089428 0.707105 0.701431
vn -0.647323 -0.577350 -0.497634
vn -0.497634 -0.577350 0.647323
vn -0.647323 0.577350 -0.497634
vn -0.497634 0.577350 0.647323
vn 0.497634 -0.577350 -0.647323
vn 0.647323 -0.577350 0.497634
vn 0.497634 0.577350 -0.647323
vn 0.647323 0.577350 0.497634
vn -0.991562 -0.000000 0.129634
vn -0.991562 -0.000000 0.129634
vn 0.991562 0.000000 -0.129634
vn 0.991562 0.000000 -0.129634
vn 0.000000 -1.000000 0.000000
vn 0.000000 -1.000000 0.000000
vn 0.000000 1.000000 0.000000
vn 0.000000 1.000000 0.000000
vn -0.129634 0.000000 -0.991562
vn -0.129634 -0.000000 -0.991562
vn 0.129634 -0.000000 0.991562
vn 0.129634 0.000000 0.991562
vn -0.700763 -0.707104 0.094528
vn -0.700763 -0.707104 0.094528
vn -0.703365 0.706992 0.073758
vn -0.703365 0.706992 0.073758
vn 0.701688 -0.707100 -0.087424
vn 0.701688 -0.707100 -0.087424
vn 0.700931 0.707106 -0.093254
vn 0.700931 0.707106 -0.093254
vn -0.792798 0.004260 -0.609469
vn -0.792798 0.004260 -0.609469
vn -0.609390 -0.016674 0.792695
vn -0.609390 -0.016674 0.792695
vn 0.609474 -0.001935 -0.792804
vn 0.609474 -0.001935 -0.792804
vn 0.792781 -0.007814 0.609456
vn 0.792781 -0.007814 0.609456
vn -0.095766 -0.707101 -0.700598
vn -0.095766 -0.707101 -0.700598
vn 0.088589 -0.707103 0.701539
vn 0.088589 -0.707103 0.701539
vn -0.100293 0.707080 -0.699985
vn -0.100293 0.707080 -0.699985
vn 0.095096 0.707103 0.700687
vn 0.095096 0.707103 0.700687
vn -0.647323 -0.577350 -0.497634
vn -0.497634 -0.577350 0.647323
vn -0.647323 0.577350 -0.497634
vn -0.497634 0.577350 0.647323
vn 0.497634 -0.577350 -0.647323
vn 0.647323 -0.577350 0.497634
vn 0.497634 0.577350 -0.647323
vn 0.647323 0.577350 0.497634
vn -0.991562 0.000000 0.129634
vn -0.991562 -0.000000 0.129634
vn 0.991562 0.000000 -0.129634
vn 0.991562 -0.000000 -0.129634
vn 0.000000 -1.000000 0.000000
vn 0.000000 -1.000000 0.000000
vn 0.000000 1.000000 0.000000
vn 0.000000 1.000000 0.000000
vn -0.129634 0.000000 -0.991562
vn -0.129634 -0.000000 -0.991562
vn 0.129634 0.000000 0.991562
vn 0.129634 0.000000 0.991562
vn -0.700789 -0.707104 0.094333
vn -0.700789 -0.707104 0.094333
vn -0.698478 0.706972 0.110992
vn -0.698478 0.706972 0.110992
vn 0.698617 -0.706985 -0.110025
vn 0.698617 -0.706985 -0.110025
vn 0.699995 0.707080 -0.100223
vn 0.699995 0.707080 -0.100223
vn -0.792789 -0.006341 -0.609463
vn -0.792789 -0.006341 -0.609463
vn -0.609243 0.027609 0.792503
vn -0.609243 0.027609 0.792503
vn 0.609475 -0.001084 -0.792805
vn 0.609475 -0.001084 -0.792805
vn 0.792669 0.018525 0.609370
vn 0.792669 0.018525 0.609370
vn -0.087319 -0.707100 -0.701702
vn -0.087319 -0.707100 -0.701702
vn 0.089257 -0.707105 0.701453
vn 0.089257 -0.707105 0.701453
vn -0.086447 0.707097 -0.701812
vn -0.086447 0.707097 -0.701812
vn 0.087981 0.707102 0.701617
vn 0.087981 0.707102 0.701617
vn -0.647323 -0.577350 -0.497634
vn -0.497634 -0.577350 0.647323
vn -0.647323 0.577350 -0.497634
vn -0.497634 0.577350 0.647323
vn 0.497634 -0.577350 -0.647323
vn 0.647323 -0.577350 0.497634
vn 0.497634 0.577350 -0.647323
vn 0.647323 0.577350 0.497634
g stone_000
usemtl stone_0
s off
f 4//1 10//1 7//1
f 4//2 7//2 1//2
f 13//3 19//3 22//3
f 13//4 22//4 16//4
f 2//5 14//5 17//5
f 2//6 17//6 5//6
f 11//7 23//7 20//7
f 11//8 20//8 8//8
f 9//9 21//9 15//9
f 9//10 15//10 3//10
f 6//11 18//11 24//11
f 6//12 24//12 12//12
f 1//13 2//13 5//13
f 1//14 5//14 4//14
f 10//15 11//15 8//15
f 10//16 8//16 7//16
f 16//17 17//17 14//17
f 16//18 14//18 13//18
f 19//19 20//19 23//19
f 19//20 23//20 22//20
f 7//21 9//21 3//21
f 7//22 3//22 1//22
f 4//23 6//23 12//23
f 4//24 12//24 10//24
f 13//25 15//25 21//25
f 13//26 21//26 19//26
f 22//27 24//27 18//27
f 22//28 18//28 16//28
f 2//29 3//29 15//29
f 2//30 15//30 14//30
f 17//31 18//31 6//31
f 17//32 6//32 5//32
f 20//33 21//33 9//33
f 20//34 9//34 8//34
f 11//35 12//35 24//35
f 11//36 24//36 23//36
f 3//37 2//37 1//37
f 4//38 5//38 6//38
f 7//39 8//39 9//39
f 12//40 11//40 10//40
f 13//41 14//41 15//41
f 18//42 17//42 16//42
f 21//43 20//43 19//43
f 22//44 23//44 24//44
g stone_001
usemtl stone_2
s off
f 28//45 34//45 31//45
f 28//46 31//46 25//46
f 37//47 43//47 46//47
f 37//48 46//48 40//48
f 26//49 38//49 41//49
f 26//50 41//50 29//50
f 35//51 47//51 44//51
f 35//52 44//52 32//52
f 33//53 45//53 39//53
f 33//54 39//54 27//54
f 30//55 42//55 48//55
f 30//56 48//56 36//56
f 25//57 26//57 29//57
f 25//58 29//58 28//58
f 34//59 35//59 32//59
f 34//60 32//60 31//60
f 40//61 41//61 38//61
f 40//62 38//62 37//62
f 43//63 44//63 47//63
f 43//64 47//64 46//64
f 31//65 33//65 27//65
f 31//66 27//66 25//66
f 28//67 30//67 36//67
f 28//68 36//68 34//68
f 37//69 39//69 45//69
f 37//70 45//70 43//70
f 46//71 48//71 42//71
f 46//72 42//72 40//72
f 26//73 27//73 39//73
f 26//74 39//74 38//74
f 41//75 42//75 30//75
f 41//76 30//76 29//76
f 44//77 45//77 33//77
f 44//78 33//78 32//78
f 35//79 36//79 48//79
f 35//80 48//80 47//80
f 27//81 26//81 25//81
f 28//82 29//82 30//82
f 31//83 32//83 33//83
f 36//84 35//84 34//84
f 37//85 38//85 39//85
f 42//86 41//86 40//86
f 45//87 44//87 43//87
f 46//88 47//88 48//88
g stone_002
usemtl stone_0
s off
f 52//89 58//89 55//89
f 52//90 55//90 49//90
f 61//91 67//91 70//91
f 61//92 70//92 64//92
f 50//93 62//93 65//93
f 50//94 65//94 53//94
f 59//95 71//95 68//95
f 59//96 68//96 56//96
f 57//97 69//97 63//97
f 57//98 63//98 51//98
f 54//99 66//99 72//99
f 54//100 72//100 60//100
f 49//101 50//101 53//101
f 49//102 53//102 52//102
f 58//103 59//103 56//103
f 58//104 56//104 55//104
f 64//105 65//105 62//105
f 64//106 62//106 61//106
f 67//107 68//107 71//107
f 67//108 71//108 70//108
f 55//109 57//109 51//109
f 55//110 51//110 49//110
f 52//111 54//111 60//111
f 52//112 60//112 58//112
f 61//113 63//113 69//113
f 61//114 69//114 67//114
f 70//115 72//115 66//115
f 70//116 66//116 64//116
f 50//117 51//117 63//117
f 50//118 63//118 62//118
f 65//119 66//119 54//119
f 65//120 54//120 53//120
f 68//121 69//121 57//121
f 68//122 57//122 56//122
f 59//123 60//123 72//123
f 59//124 72//124 71//124
f 51//125 50//125 49//125
f 52//126 53//126 54//126
f 55//127 56//127 57//127
f 60//128 59//128 58//128
f 61//129 62//129 63//129
f 66//130 65//130 64//130
f 69//131 68//131 67//131
f 70//132 71//132 72//132
g stone_003
usemtl stone_2
s off
f 76//133 82//133 79//133
f 76//134 79//134 73//134
f 85//135 91//135 94//135
f 85//136 94//136 88//136
f 74//137 86//137 89//137
f 74//138 89//138 77//138
f 83//139 95//139 92//139
f 83//140 92//140 80//140
f 81//141 93//141 87//141
f 81//142 87//142 75//142
f 78//143 90//143 96//143
f 78//144 96//144 84//144
f 73//145 74//145 77//145
f 73//146 77//146 76//146
f 82//147 83//147 80//147
f 82//148 80//148 79//148
f 88//149 89//149 86//149
f 88//150 86//150 85//150
f 91//151 92//151 95//151
f 91//152 95//152 94//152
f 79//153 81//153 75//153
f 79//154 75//154 73//154
f 76//155 78//155 84//155
f 76//156 84//156 82//156
f 85//157 87//157 93//157
f 85//158 93//158 91//158
f 94//159 96//159 90//159
f 94//160 90//160 88//160
f 74//161 75//161 87//161
f 74//162 87//162 86//162
f 89//163 90//163 78//163
f 89//164 78//164 77//164
f 92//165 93//165 81//165
f 92//166 81//166 80//166
f 83//167 84//167 96//167
f 83//168 96//168 95//168
f 75//169 74//169 73//169
f 76//170 77//170 78//170
f 79//171 80//171 81//171
f 84//172 83//172 82//172
f 85//173 86//173 87//173
f 90//174 89//174 88//174
f 93//175 92//175 91//175
f 94//176 95//176 96//176
g stone_004
usemtl stone_4
s off
f 100//177 106//177 103//177
f 100//178 103//178 97//178
f 109//179 115//179 118//179
f 109//180 118//180 112//180
f 98//181 110//181 113//181
f 98//182 113//182 101//182
f 107//183 119//183 116//183
f 107//184 116//184 104//184
f 105//185 117//185 111//185
f 105//186 111//186 99//186
f 102//187 114//187 120//187
f 102//188 120//188 108//188
f 97//189 98//189 101//189
f 97//190 101//190 100//190
f 106//191 107//191 104//191
f 106//192 104//192 103//192
f 112//193 113//193 110//193
f 112//194 110//194 109//194
f 115//195 116//195 119//195
f 115//196 119//196 118//196
f 103//197 105//197 99//197
f 103//198 99//198 97//198
f 100//199 102//199 108//199
f 100//200 108//200 106//200
f 109//201 111//201 117//201
f 109//202 117//202 115//202
f 118//203 120//203 114//203
f 118//204 114//204 112//204
f 98//205 99//205 111//205
f 98//206 111//206 110//206
f 113//207 114//207 102//207
f 113//208 102//208 101//208
f 116//209 117//209 105//209
f 116//210 105//210 104//210
f 107//211 108//211 120//211
f 107//212 120//212 119//212
f 99//213 98//213 97//213
f 100//214 101//214 102//214
f 103//215 104//215 105//215
f 108//216 107//216 106//216
f 109//217 110//217 111//217
f 114//218 113//218 112//218
f 117//219 116//219 115//219
f 118//220 119//220 120//220
g stone_005
usemtl stone_3
s off
f 124//221 130//221 127//221
f 124//222 127//222 121//222
f 133//223 139//223 142//223
f 133//224 142//224 136//224
f 122//225 134//225 137//225
f 122//226 137//226 125//226
f 131//227 143//227 140//227
f 131//228 140//228 128//228
f 129//229 141//229 135//229
f 129//230 135//230 123//230
f 126//231 138//231 144//231
f 126//232 144//232 132//232
f 121//233 122//233 125//233
f 121//234 125//234 124//234
f 130//235 131//235 128//235
f 130//236 128//236 127//236
f 136//237 137//237 134//237
f 136//238 134//238 133//238
f 139//239 140//239 143//239
f 139//240 143//240 142//240
f 127//241 129//241 123//241
f 127//242 123//242 121//242
f 124//243 126//243 132//243
f 124//244 132//244 130//244
f 133//245 135//245 141//245
f 133//246 141//246 139//246
f 142//247 144//247 138//247
f 142//248 138//248 136//248
f 122//249 123//249 135//249
f 122//250 135//250 134//250
f 137//251 138//251 126//251
f 137//252 126//252 125//252
f 140//253 141//253 129//253
f 140//254 129//254 128//254
f 131//255 132//255 144//255
f 131//256 144//256 143//256
f 123//257 122//257 121//257
f 124//258 125//258 126//258
f 127//259 128//259 129//259
f 132//260 131//260 130//260
f 133//261 134//261 135//261
f 138//262 137//262 136//262
f 141//263 140//263 139//263
f 142//264 143//264 144//264
g stone_006
usemtl stone_0
s off
f 148//265 154//265 151//265
f 148//266 151//266 145//266
f 157//267 163//267 166//267
f 157//268 166//268 160//268
f 146//269 158//269 161//269
f 146//270 161//270 149//270
f 155//271 167//271 164//271
f 155//272 164//272 152//272
f 153//273 165//273 159//273
f 153//274 159//274 147//274
f 150//275 162//275 168//275
f 150//276 168//276 156//276
f 145//277 146//277 149//277
f 145//278 149//278 148//278
f 154//279 155//279 152//279
f 154//280 152//280 151//280
f 160//281 161//281 158//281
f 160//282 158//282 157//282
f 163//283 164//283 167//283
f 163//284 167//284 166//284
f 151//285 153//285 147//285
f 151//286 147//286 145//286
f 148//287 150//287 156//287
f 148//288 156//288 154//288
f 157//289 159//289 165//289
f 157//290 165//290 163//290
f 166//291 168//291 162//291
f 166//292 162//292 160//292
f 146//293 147//293 159//293
f 146//294 159//294 158//294
f 161//295 162//295 150//295
f 161//296 150//296 149//296
f 164//297 165//297 153//297
f 164//298 153//298 152//298
f 155//299 156//299 168//299
f 155//300 168//300 167//300
f 147//301 146//301 145//301
f 148//302 149//302 150//302
f 151//303 152//303 153//303
f 156//304 155//304 154//304
f 157//305 158//305 159//305
f 162//306 161//306 160//306
f 165//307 164//307 163//307
f 166//308 167//308 168//308
g stone_007
usemtl stone_2
s off
f 172//309 178//309 175//309
f 172//310 175//310 169//310
f 181//311 187//311 190//311
f 181//312 190//312 184//312
f 170//313 182//313 185//313
f 170//314 185//314 173//314
f 179//315 191//315 188//315
f 179//316 188//316 176//316
f 177//317 189//317 183//317
f 177//318 183//318 171//318
f 174//319 186//319 192//319
f 174//320 192//320 180//320
f 169//321 170//321 173//321
f 169//322 173//322 172//322
f 178//323 179//323 176//323
f 178//324 176//324 175//324
f 184//325 185//325 182//325
f 184//326 182//326 181//326
f 187//327 188//327 191//327
f 187//328 191//328 190//328
f 175//329 177//329 171//329
f 175//330 171//330 169//330
f 172//331 174//331 180//331
f 172//332 180//332 178//332
f 181//333 183//333 189//333
f 181//334 189//334 187//334
f 190//335 192//335 186//335
f 190//336 186//336 184//336
f 170//337 171//337 183//337
f 170//338 183//338 182//338
f 185//339 186//339 174//339
f 185//340 174//340 173//340
f 188//341 189//341 177//341
f 188//342 177//342 176//342
f 179//343 180//343 192//343
f 179//344 192//344 191//344
f 171//345 170//345 169//345
f 172//346 173//346 174//346
f 175//347 176//347 177//347
f 180//348 179//348 178//348
f 181//349 182//349 183//349
f 186//350 185//350 184//350
f 189//351 188//351 187//351
f 190//352 191//352 192//352
g stone_008
usemtl stone_2
s off
f 196//353 202//353 199//353
f 196//354 199//354 193//354
f 205//355 211//355 214//355
f 205//356 214//356 208//356
f 194//357 206//357 209//357
f 194//358 209//358 197//358
f 203//359 215//359 212//359
f 203//360 212//360 200//360
f 201//361 213//361 207//361
f 201//362 207//362 195//362
f 198//363 210//363 216//363
f 198//364 216//364 204//364
f 193//365 194//365 197//365
f 193//366 197//366 196//366
f 202//367 203//367 200//367
f 202//368 200//368 199//368
f 208//369 209//369 206//369
f 208//370 206//370 205//370
f 211//371 212//371 215//371
f 211//372 215//372 214//372
f 199//373 201//373 195//373
f 199//374 195//374 193//374
f 196//375 198//375 204//375
f 196//376 204//376 202//376
f 205//377 207//377 213//377
f 205//378 213//378 211//378
f 214//379 216//379 210//379
f 214//380 210//380 208//380
f 194//381 195//381 207//381
f 194//382 207//382 206//382
f 209//383 210//383 198//383
f 209//384 198//384 197//384
f 212//385 213//385 201//385
f 212//386 201//386 200//386
f 203//387 204//387 216//387
f 203//388 216//388 215//388
f 195//389 194//389 193//389
f 196//390 197//390 198//390
f 199//391 200//391 201//391
f 204//392 203//392 202//392
f 205//393 206//393 207//393
f 210//394 209//394 208//394
f 213//395 212//395 211//395
f 214//396 215//396 216//396
g stone_009
usemtl stone_0
s off
f 220//397 226//397 223//397
f 220//398 223//398 217//398
f 229//399 235//399 238//399
f 229//400 238//400 232//400
f 218//401 230//401 233//401
f 218//402 233//402 221//402
f 227//403 239//403 236//403
f 227//404 236//404 224//404
f 225//405 237//405 231//405
f 225//406 231//406 219//406
f 222//407 234//407 240//407
f 222//408 240//408 228//408
f 217//409 218//409 221//409
f 217//410 221//410 220//410
f 226//411 227//411 224//411
f 226//412 224//412 223//412
f 232//413 233//413 230//413
f 232//414 230//414 229//414
f 235//415 236//415 239//415
f 235//416 239//416 238//416
f 223//417 225//417 219//417
f 223//418 219//418 217//418
f 220//419 222//419 228//419
f 220//420 228//420 226//420
f 229//421 231//421 237//421
f 229//422 237//422 235//422
f 238//423 240//423 234//423
f 238//424 234//424 232//424
f 218//425 219//425 231//425
f 218//426 231//426 230//426
f 233//427 234//427 222//427
f 233//428 222//428 221//428
f 236//429 237//429 225//429
f 236//430 225//430 224//430
f 227//431 228//431 240//431
f 227//432 240//432 239//432
f 219//433 218//433 217//433
f 220//434 221//434 222//434
f 223//435 224//435 225//435
f 228//436 227//436 226//436
f 229//437 230//437 231//437
f 234//438 233//438 232//438
f 237//439 236//439 235//439
f 238//440 239//440 240//440
g stone_010
usemtl stone_3
s off
f 244//441 250//441 247//441
f 244//442 247//442 241//442
f 253//443 259//443 262//443
f 253//444 262//444 256//444
f 242//445 254//445 257//445
f 242//446 257//446 245//446
f 251//447 263//447 260//447
f 251//448 260//448 248//448
f 249//449 261//449 255//449
f 249//450 255//450 243//450
f 246//451 258//451 264//451
f 246//452 264//452 252//452
f 241//453 242//453 245//453
f 241//454 245//454 244//454
f 250//455 251//455 248//455
f 250//456 248//456 247//456
f 256//457 257//457 254//457
f 256//458 254//458 253//458
f 259//459 260//459 263//459
f 259//460 263//460 262//460
f 247//461 249//461 243//461
f 247//462 243//462 241//462
f 244//463 246//463 252//463
f 244//464 252//464 250//464
f 253//465 255//465 261//465
f 253//466 261//466 259//466
f 262//467 264//467 258//467
f 262//468 258//468 256//468
f 242//469 243//469 255//469
f 242//470 255//470 254//470
f 257//471 258//471 246//471
f 257//472 246//472 245//472
f 260//473 261//473 249//473
f 260//474 249//474 248//474
f 251//475 252//475 264//475
f 251//476 264//476 263//476
f 243//477 242//477 241//477
f 244//478 245//478 246//478
f 247//479 248//479 249//479
f 252//480 251//480 250//480
f 253//481 254//481 255//481
f 258//482 257//482 256//482
f 261//483 260//483 259//483
f 262//484 263//484 264//484
g stone_011
usemtl stone_0
s off
f 268//485 274//485 271//485
f 268//486 271//486 265//486
f 277//487 283//487 286//487
f 277//488 286//488 280//488
f 266//489 278//489 281//489
f 266//490 281//490 269//490
f 275//491 287//491 284//491
f 275//492 284//492 272//492
f 273//493 285//493 279//493
f 273//494 279//494 267//494
f 270//495 282//495 288//495
f 270//496 288//496 276//496
f 265//497 266//497 269//497
f 265//498 269//498 268//498
f 274//499 275//499 272//499
f 274//500 272//500 271//500
f 280//501 281//501 278//501
f 280//502 278//502 277//502
f 283//503 284//503 287//503
f 283//504 287//504 286//504
f 271//505 273//505 267//505
f 271//506 267//506 265//506
f 268//507 270//507 276//507
f 268//508 276//508 274//508
f 277//509 279//509 285//509
f 277//510 285//510 283//510
f 286//511 288//511 282//511
f 286//512 282//512 280//512
f 266//513 267//513 279//513
f 266//514 279//514 278//514
f 281//515 282//515 270//515
f 281//516 270//516 269//516
f 284//517 285//517 273//517
f 284//518 273//518 272//518
f 275//519 276//519 288//519
f 275//520 288//520 287//520
f 267//521 266//521 265//521
f 268//522 269//522 270//522
f 271//523 272//523 273//523
f 276//524 275//524 274//524
f 277//525 278//525 279//525
f 282//526 281//526 280//526
f 285//527 284//527 283//527
f 286//528 287//528 288//528
g stone_012
usemtl stone_1
s off
f 292//529 298//529 295//529
f 292//530 295//530 289//530
f 301//531 307//531 310//531
f 301//532 310//532 304//532
f 290//533 302//533 305//533
f 290//534 305//534 293//534
f 299//535 311//535 308//535
f 299//536 308//536 296//536
f 297//537 309//537 303//537
f 297//538 303//538 291//538
f 294//539 306//539 312//539
f 294//540 312//540 300//540
f 289//541 290//541 293//541
f 289//542 293//542 292//542
f 298//543 299//543 296//543
f 298//544 296//544 295//544
f 304//545 305//545 302//545
f 304//546 302//546 301//546
f 307//547 308//547 311//547
f 307//548 311//548 310//548
f 295//549 297//549 291//549
f 295//550 291//550 289//550
f 292//551 294//551 300//551
f 292//552 300//552 298//552
f 301//553 303//553 309//553
f 301//554 309//554 307//554
f 310//555 312//555 306//555
f 310//556 306//556 304//556
f 290//557 291//557 303//557
f 290//558 303//558 302//558
f 305//559 306//559 294//559
f 305//560 294//560 293//560
f 308//561 309//561 297//561
f 308//562 297//562 296//562
f 299//563 300//563 312//563
f 299//564 312//564 311//564
f 291//565 290//565 289//565
f 292//566 293//566 294//566
f 295//567 296//567 297//567
f 300//568 299//568 298//568
f 301//569 302//569 303//569
f 306//570 305//570 304//570
f 309//571 308//571 307//571
f 310//572 311//572 312//572
g stone_013
usemtl stone_2
s off
f 316//573 322//573 319//573
f 316//574 319//574 313//574
f 325//575 331//575 334//575
f 325//576 334//576 328//576
f 314//577 326//577 329//577
f 314//578 329//578 317//578
f 323//579 335//579 332//579
f 323//580 332//580 320//580
f 321//581 333//581 327//581
f 321//582 327//582 315//582
f 318//583 330//583 336//583
f 318//584 336//584 324//584
f 313//585 314//585 317//585
f 313//586 317//586 316//586
f 322//587 323//587 320//587
f 322//588 320//588 319//588
f 328//589 329//589 326//589
f 328//590 326//590 325//590
f 331//591 332//591 335//591
f 331//592 335//592 334//592
f 319//593 321//593 315//593
f 319//594 315//594 313//594
f 316//595 318//595 324//595
f 316//596 324//596 322//596
f 325//597 327//597 333//597
f 325//598 333//598 331//598
f 334//599 336//599 330//599
f 334//600 330//600 328//600
f 314//601 315//601 327//601
f 314//602 327//602 326//602
f 329//603 330//603 318//603
f 329//604 318//604 317//604
f 332//605 333//605 321//605
f 332//606 321//606 320//606
f 323//607 324//607 336//607
f 323//608 336//608 335//608
f 315//609 314//609 313//609
f 316//610 317//610 318//610
f 319//611 320//611 321//611
f 324//612 323//612 322//612
f 325//613 326//613 327//613
f 330//614 329//614 328//614
f 333//615 332//615 331//615
f 334//616 335//616 336//616
g stone_014
usemtl stone_2
s off
f 340//617 346//617 343//617
f 340//618 343//618 337//618
f 349//619 355//619 358//619
f 349//620 358//620 352//620
f 338//621 350//621 353//621
f 338//622 353//622 341//622
f 347//623 359//623 356//623
f 347//624 356//624 344//624
f 345//625 357//625 351//625
f 345//626 351//626 339//626
f 342//627 354//627 360//627
f 342//628 360//628 348//628
f 337//629 338//629 341//629
f 337//630 341//630 340//630
f 346//631 347//631 344//631
f 346//632 344//632 343//632
f 352//633 353//633 350//633
f 352//634 350//634 349//634
f 355//635 356//635 359//635
f 355//636 359//636 358//636
f 343//637 345//637 339//637
f 343//638 339//638 337//638
f 340//639 342//639 348//639
f 340//640 348//640 346//640
f 349//641 351//641 357//641
f 349//642 357//642 355//642
f 358//643 360//643 354//643
f 358//644 354//644 352//644
f 338//645 339//645 351//645
f 338//646 351//646 350//646
f 353//647 354//647 342//647
f 353//648 342//648 341//648
f 356//649 357//649 345//649
f 356//650 345//650 344//650
f 347//651 348//651 360//651
f 347//652 360//652 359//652
f 339//653 338//653 337//653
f 340//654 341//654 342//654
f 343//655 344//655 345//655
f 348//656 347//656 346//656
f 349//657 350//657 351//657
f 354//658 353//658 352//658
f 357//659 356//659 355//659
f 358//660 359//660 360//660
g stone_015
usemtl stone_4
s off
f 364//661 370//661 367//661
f 364//662 367//662 361//662
f 373//663 379//663 382//663
f 373//664 382//664 376//664
f 362//665 374//665 377//665
f 362//666 377//666 365//666
f 371//667 383//667 380//667
f 371//668 380//668 368//668
f 369//669 381//669 375//669
f 369//670 375//670 363//670
f 366//671 378//671 384//671
f 366//672 384//672 372//672
f 361//673 362//673 365//673
f 361//674 365//674 364//674
f 370//675 371//675 368//675
f 370//676 368//676 367//676
f 376//677 377//677 374//677
f 376//678 374//678 373//678
f 379//679 380//679 383//679
f 379//680 383//680 382//680
f 367//681 369//681 363//681
f 367//682 363//682 361//682
f 364//683 366//683 372//683
f 364//684 372//684 370//684
f 373//685 375//685 381//685
f 373//686 381//686 379//686
f 382//687 384//687 378//687
f 382//688 378//688 376//688
f 362//689 363//689 375//689
f 362//690 375//690 374//690
f 377//691 378//691 366//691
f 377//692 366//692 365//692
f 380//693 381//693 369//693
f 380//694 369//694 368//694
f 371//695 372//695 384//695
f 371//696 384//696 383//696
f 363//697 362//697 361//697
f 364//698 365//698 366//698
f 367//699 368//699 369//699
f 372//700 371//700 370//700
f 373//701 374//701 375//701
f 378//702 377//702 376//702
f 381//703 380//703 379//703
f 382//704 383//704 384//704
g stone_016
usemtl stone_1
s off
f 388//705 394//705 391//705
f 388//706 391//706 385//706
f 397//707 403//707 406//707
f 397//708 406//708 400//708
f 386//709 398//709 401//709
f 386//710 401//710 389//710
f 395//711 407//711 404//711
f 395//712 404//712 392//712
f 393//713 405//713 399//713
f 393//714 399//714 387//714
f 390//715 402//715 408//715
f 390//716 408//716 396//716
f 385//717 386//717 389//717
f 385//718 389//718 388//718
f 394//719 395//719 392//719
f 394//720 392//720 391//720
f 400//721 401//721 398//721
f 400//722 398//722 397//722
f 403//723 404//723 407//723
f 403//724 407//724 406//724
f 391//725 393//725 387//725
f 391//726 387//726 385//726
f 388//727 390//727 396//727
f 388//728 396//728 394//728
f 397//729 399//729 405//729
f 397//730 405//730 403//730
f 406//731 408//731 402//731
f 406//732 402//732 400//732
f 386//733 387//733 399//733
f 386//734 399//734 398//734
f 401//735 402//735 390//735
f 401//736 390//736 389//736
f 404//737 405//737 393//737
f 404//738 393//738 392//738
f 395//739 396//739 408//739
f 395//740 408//740 407//740
f 387//741 386//741 385//741
f 388//742 389//742 390//742
f 391//743 392//743 393//743
f 396//744 395//744 394//744
f 397//745 398//745 399//745
f 402//746 401//746 400//746
f 405//747 404//747 403//747
f 406//748 407//748 408//748
g stone_017
usemtl stone_3
s off
f 412//749 418//749 415//749
f 412//750 415//750 409//750
f 421//751 427//751 430//751
f 421//752 430//752 424//752
f 410//753 422//753 425//753
f 410//754 425//754 413//754
f 419//755 431//755 428//755
f 419//756 428//756 416//756
f 417//757 429//757 423//757
f 417//758 423//758 411//758
f 414//759 426//759 432//759
f 414//760 432//760 420//760
f 409//761 410//761 413//761
f 409//762 413//762 412//762
f 418//763 419//763 416//763
f 418//764 416//764 415//764
f 424//765 425//765 422//765
f 424//766 422//766 421//766
f 427//767 428//767 431//767
f 427//768 431//768 430//768
f 415//769 417//769 411//769
f 415//770 411//770 409//770
f 412//771 414//771 420//771
f 412//772 420//772 418//772
f 421//773 423//773 429//773
f 421//774 429//774 427//774
f 430//775 432//775 426//775
f 430//776 426//776 424//776
f 410//777 411//777 423//777
f 410//778 423//778 422//778
f 425//779 426//779 414//779
f 425//780 414//780 413//780
f 428//781 429//781 417//781
f 428//782 417//782 416//782
f 419//783 420//783 432//783
f 419//784 432//784 431//784
f 411//785 410//785 409//785
f 412//786 413//786 414//786
f 415//787 416//787 417//787
f 420//788 419//788 418//788
f 421//789 422//789 423//789
f 426//790 425//790 424//790
f 429//791 428//791 427//791
f 430//792 431//792 432//792
g stone_018
usemtl stone_0
s off
f 436//793 442//793 439//793
f 436//794 439//794 433//794
f 445//795 451//795 454//795
f 445//796 454//796 448//796
f 434//797 446//797 449//797
f 434//798 449//798 437//798
f 443//799 455//799 452//799
f 443//800 452//800 440//800
f 441//801 453//801 447//801
f 441//802 447//802 435//802
f 438//803 450//803 456//803
f 438//804 456//804 444//804
f 433//805 434//805 437//805
f 433//806 437//806 436//806
f 442//807 443//807 440//807
f 442//808 440//808 439//808
f 448//809 449//809 446//809
f 448//810 446//810 445//810
f 451//811 452//811 455//811
f 451//812 455//812 454//812
f 439//813 441//813 435//813
f 439//814 435//814 433//814
f 436//815 438//815 444//815
f 436//816 444//816 442//816
f 445//817 447//817 453//817
f 445//818 453//818 451//818
f 454//819 456//819 450//819
f 454//820 450//820 448//820
f 434//821 435//821 447//821
f 434//822 447//822 446//822
f 449//823 450//823 438//823
f 449//824 438//824 437//824
f 452//825 453//825 441//825
f 452//826 441//826 440//826
f 443//827 444//827 456//827
f 443//828 456//828 455//828
f 435//829 434//829 433//829
f 436//830 437//830 438//830
f 439//831 440//831 441//831
f 444//832 443//832 442//832
f 445//833 446//833 447//833
f 450//834 449//834 448//834
f 453//835 452//835 451//835
f 454//836 455//836 456//836
g stone_019
usemtl stone_1
s off
f 460//837 466//837 463//837
f 460//838 463//838 457//838
f 469//839 475//839 478//839
f 469//840 478//840 472//840
f 458//841 470//841 473//841
f 458//842 473//842 461//842
f 467//843 479//843 476//843
f 467//844 476//844 464//844
f 465//845 477//845 471//845
f 465//846 471//846 459//846
f 462//847 474//847 480//847
f 462//848 480//848 468//848
f 457//849 458//849 461//849
f 457//850 461//850 460//850
f 466//851 467//851 464//851
f 466//852 464//852 463//852
f 472//853 473//853 470//853
f 472//854 470//854 469//854
f 475//855 476//855 479//855
f 475//856 479//856 478//856
f 463//857 465//857 459//857
f 463//858 459//858 457//858
f 460//859 462//859 468//859
f 460//860 468//860 466//860
f 469//861 471//861 477//861
f 469//862 477//862 475//862
f 478//863 480//863 474//863
f 478//864 474//864 472//864
f 458//865 459//865 471//865
f 458//866 471//866 470//866
f 473//867 474//867 462//867
f 473//868 462//868 461//868
f 476//869 477//869 465//869
f 476//870 465//870 464//870
f 467//871 468//871 480//871
f 467//872 480//872 479//872
f 459//873 458//873 457//873
f 460//874 461//874 462//874
f 463//875 464//875 465//875
f 468//876 467//876 466//876
f 469//877 470//877 471//877
f 474//878 473//878 472//878
f 477//879 476//879 475//879
f 478//880 479//880 480//880
g stone_020
usemtl stone_2
s off
f 484//881 490//881 487//881
f 484//882 487//882 481//882
f 493//883 499//883 502//883
f 493//884 502//884 496//884
f 482//885 494//885 497//885
f 482//886 497//886 485//886
f 491//887 503//887 500//887
f 491//888 500//888 488//888
f 489//889 501//889 495//889
f 489//890 495//890 483//890
f 486//891 498//891 504//891
f 486//892 504//892 492//892
f 481//893 482//893 485//893
f 481//894 485//894 484//894
f 490//895 491//895 488//895
f 490//896 488//896 487//896
f 496//897 497//897 494//897
f 496//898 494//898 493//898
f 499//899 500//899 503//899
f 499//900 503//900 502//900
f 487//901 489//901 483//901
f 487//902 483//902 481//902
f 484//903 486//903 492//903
f 484//904 492//904 490//904
f 493//905 495//905 501//905
f 493//906 501//906 499//906
f 502//907 504//907 498//907
f 502//908 498//908 496//908
f 482//909 483//909 495//909
f 482//910 495//910 494//910
f 497//911 498//911 486//911
f 497//912 486//912 485//912
f 500//913 501//913 489//913
f 500//914 489//914 488//914
f 491//915 492//915 504//915
f 491//916 504//916 503//916
f 483//917 482//917 481//917
f 484//918 485//918 486//918
f 487//919 488//919 489//919
f 492//920 491//920 490//920
f 493//921 494//921 495//921
f 498//922 497//922 496//922
f 501//923 500//923 499//923
f 502//924 503//924 504//924
g stone_021
usemtl stone_2
s off
f 508//925 514//925 511//925
f 508//926 511//926 505//926
f 517//927 523//927 526//927
f 517//928 526//928 520//928
f 506//929 518//929 521//929
f 506//930 521//930 509//930
f 515//931 527//931 524//931
f 515//932 524//932 512//932
f 513//933 525//933 519//933
f 513//934 519//934 507//934
f 510//935 522//935 528//935
f 510//936 528//936 516//936
f 505//937 506//937 509//937
f 505//938 509//938 508//938
f 514//939 515//939 512//939
f 514//940 512//940 511//940
f 520//941 521//941 518//941
f 520//942 518//942 517//942
f 523//943 524//943 527//943
f 523//944 527//944 526//944
f 511//945 513//945 507//945
f 511//946 507//946 505//946
f 508//947 510//947 516//947
f 508//948 516//948 514//948
f 517//949 519//949 525//949
f 517//950 525//950 523//950
f 526//951 528//951 522//951
f 526//952 522//952 520//952
f 506//953 507//953 519//953
f 506//954 519//954 518//954
f 521//955 522//955 510//955
f 521//956 510//956 509//956
f 524//957 525//957 513//957
f 524//958 513//958 512//958
f 515//959 516//959 528//959
f 515//960 528//960 527//960
f 507//961 506//961 505//961
f 508//962 509//962 510//962
f 511//963 512//963 513//963
f 516//964 515//964 514//964
f 517//965 518//965 519//965
f 522//966 521//966 520//966
f 525//967 524//967 523//967
f 526//968 527//968 528//968
g stone_022
usemtl stone_4
s off
f 532//969 538//969 535//969
f 532//970 535//970 529//970
f 541//971 547//971 550//971
f 541//972 550//972 544//972
f 530//973 542//973 545//973
f 530//974 545//974 533//974
f 539//975 551//975 548//975
f 539//976 548//976 536//976
f 537//977 549//977 543//977
f 537//978 543//978 531//978
f 534//979 546//979 552//979
f 534//980 552//980 540//980
f 529//981 530//981 533//981
f 529//982 533//982 532//982
f 538//983 539//983 536//983
f 538//984 536//984 535//984
f 544//985 545//985 542//985
f 544//986 542//986 541//986
f 547//987 548//987 551//987
f 547//988 551//988 550//988
f 535//989 537//989 531//989
f 535//990 531//990 529//990
f 532//991 534//991 540//991
f 532//992 540//992 538//992
f 541//993 543//993 549//993
f 541//994 549//994 547//994
f 550//995 552//995 546//995
f 550//996 546//996 544//996
f 530//997 531//997 543//997
f 530//998 543//998 542//998
f 545//999 546//999 534//999
f 545//1000 534//1000 533//1000
f 548//1001 549//1001 537//1001
f 548//1002 537//1002 536//1002
f 539//1003 540//1003 552//1003
f 539//1004 552//1004 551//1004
f 531//1005 530//1005 529//1005
f 532//1006 533//1006 534//1006
f 535//1007 536//1007 537//1007
f 540//1008 539//1008 538//1008
f 541//1009 542//1009 543//1009
f 546//1010 545//1010 544//1010
f 549//1011 548//1011 547//1011
f 550//1012 551//1012 552//1012
g stone_023
usemtl stone_4
s off
f 556//1013 562//1013 559//1013
f 556//1014 559//1014 553//1014
f 565//1015 571//1015 574//1015
f 565//1016 574//1016 568//1016
f 554//1017 566//1017 569//1017
f 554//1018 569//1018 557//1018
f 563//1019 575//1019 572//1019
f 563//1020 572//1020 560//1020
f 561//1021 573//1021 567//1021
f 561//1022 567//1022 555//1022
f 558//1023 570//1023 576//1023
f 558//1024 576//1024 564//1024
f 553//1025 554//1025 557//1025
f 553//1026 557//1026 556//1026
f 562//1027 563//1027 560//1027
f 562//1028 560//1028 559//1028
f 568//1029 569//1029 566//1029
f 568//1030 566//1030 565//1030
f 571//1031 572//1031 575//1031
f 571//1032 575//1032 574//1032
f 559//1033 561//1033 555//1033
f 559//1034 555//1034 553//1034
f 556//1035 558//1035 564//1035
f 556//1036 564//1036 562//1036
f 565//1037 567//1037 573//1037
f 565//1038 573//1038 571//1038
f 574//1039 576//1039 570//1039
f 574//1040 570//1040 568//1040
f 554//1041 555//1041 567//1041
f 554//1042 567//1042 566//1042
f 569//1043 570//1043 558//1043
f 569//1044 558//1044 557//1044
f 572//1045 573//1045 561//1045
f 572//1046 561//1046 560//1046
f 563//1047 564//1047 576//1047
f 563//1048 576//1048 575//1048
f 555//1049 554//1049 553//1049
f 556//1050 557//1050 558//1050
f 559//1051 560//1051 561//1051
f 564//1052 563//1052 562//1052
f 565//1053 566//1053 567//1053
f 570//1054 569//1054 568//1054
f 573//1055 572//1055 571//1055
f 574//1056 575//1056 576//1056
g stone_024
usemtl stone_1
s off
f 580//1057 586//1057 583//1057
f 580//1058 583//1058 577//1058
f 589//1059 595//1059 598//1059
f 589//1060 598//1060 592//1060
f 578//1061 590//1061 593//1061
f 578//1062 593//1062 581//1062
f 587//1063 599//1063 596//1063
f 587//1064 596//1064 584//1064
f 585//1065 597//1065 591//1065
f 585//1066 591//1066 579//1066
f 582//1067 594//1067 600//1067
f 582//1068 600//1068 588//1068
f 577//1069 578//1069 581//1069
f 577//1070 581//1070 580//1070
f 586//1071 587//1071 584//1071
f 586//1072 584//1072 583//1072
f 592//1073 593//1073 590//1073
f 592//1074 590//1074 589//1074
f 595//1075 596//1075 599//1075
f 595//1076 599//1076 598//1076
f 583//1077 585//1077 579//1077
f 583//1078 579//1078 577//1078
f 580//1079 582//1079 588//1079
f 580//1080 588//1080 586//1080
f 589//1081 591//1081 597//1081
f 589//1082 597//1082 595//1082
f 598//1083 600//1083 594//1083
f 598//1084 594//1084 592//1084
f 578//1085 579//1085 591//1085
f 578//1086 591//1086 590//1086
f 593//1087 594//1087 582//1087
f 593//1088 582//1088 581//1088
f 596//1089 597//1089 585//1089
f 596//1090 585//1090 584//1090
f 587//1091 588//1091 600//1091
f 587//1092 600//1092 599//1092
f 579//1093 578//1093 577//1093
f 580//1094 581//1094 582//1094
f 583//1095 584//1095 585//1095
f 588//1096 587//1096 586//1096
f 589//1097 590//1097 591//1097
f 594//1098 593//1098 592//1098
f 597//1099 596//1099 595//1099
f 598//1100 599//1100 600//1100
g stone_025
usemtl stone_0
s off
f 604//1101 610//1101 607//1101
f 604//1102 607//1102 601//1102
f 613//1103 619//1103 622//1103
f 613//1104 622//1104 616//1104
f 602//1105 614//1105 617//1105
f 602//1106 617//1106 605//1106
f 611//1107 623//1107 620//1107
f 611//1108 620//1108 608//1108
f 609//1109 621//1109 615//1109
f 609//1110 615//1110 603//1110
f 606//1111 618//1111 624//1111
f 606//1112 624//1112 612//1112
f 601//1113 602//1113 605//1113
f 601//1114 605//1114 604//1114
f 610//1115 611//1115 608//1115
f 610//1116 608//1116 607//1116
f 616//1117 617//1117 614//1117
f 616//1118 614//1118 613//1118
f 619//1119 620//1119 623//1119
f 619//1120 623//1120 622//1120
f 607//1121 609//1121 603//1121
f 607//1122 603//1122 601//1122
f 604//1123 606//1123 612//1123
f 604//1124 612//1124 610//1124
f 613//1125 615//1125 621//1125
f 613//1126 621//1126 619//1126
f 622//1127 624//1127 618//1127
f 622//1128 618//1128 616//1128
f 602//1129 603//1129 615//1129
f 602//1130 615//1130 614//1130
f 617//1131 618//1131 606//1131
f 617//1132 606//1132 605//1132
f 620//1133 621//1133 609//1133
f 620//1134 609//1134 608//1134
f 611//1135 612//1135 624//1135
f 611//1136 624//1136 623//1136
f 603//1137 602//1137 601//1137
f 604//1138 605//1138 606//1138
f 607//1139 608//1139 609//1139
f 612//1140 611//1140 610//1140
f 613//1141 614//1141 615//1141
f 618//1142 617//1142 616//1142
f 621//1143 620//1143 619//1143
f 622//1144 623//1144 624//1144
g stone_026
usemtl stone_3
s off
f 628//1145 634//1145 631//1145
f 628//1146 631//1146 625//1146
f 637//1147 643//1147 646//1147
f 637//1148 646//1148 640//1148
f 626//1149 638//1149 641//1149
f 626//1150 641//1150 629//1150
f 635//1151 647//1151 644//1151
f 635//1152 644//1152 632//1152
f 633//1153 645//1153 639//1153
f 633//1154 639//1154 627//1154
f 630//1155 642//1155 648//1155
f 630//1156 648//1156 636//1156
f 625//1157 626//1157 629//1157
f 625//1158 629//1158 628//1158
f 634//1159 635//1159 632//1159
f 634//1160 632//1160 631//1160
f 640//1161 641//1161 638//1161
f 640//1162 638//1162 637//1162
f 643//1163 644//1163 647//1163
f 643//1164 647//1164 646//1164
f 631//1165 633//1165 627//1165
f 631//1166 627//1166 625//1166
f 628//1167 630//1167 636//1167
f 628//1168 636//1168 634//1168
f 637//1169 639//1169 645//1169
f 637//1170 645//1170 643//1170
f 646//1171 648//1171 642//1171
f 646//1172 642//1172 640//1172
f 626//1173 627//1173 639//1173
f 626//1174 639//1174 638//1174
f 641//1175 642//1175 630//1175
f 641//1176 630//1176 629//1176
f 644//1177 645//1177 633//1177
f 644//1178 633//1178 632//1178
f 635//1179 636//1179 648//1179
f 635//1180 648//1180 647//1180
f 627//1181 626//1181 625//1181
f 628//1182 629//1182 630//1182
f 631//1183 632//1183 633//1183
f 636//1184 635//1184 634//1184
f 637//1185 638//1185 639//1185
f 642//1186 641//1186 640//1186
f 645//1187 644//1187 643//1187
f 646//1188 647//1188 648//1188
g stone_027
usemtl stone_2
s off
f 649//1189 651//1189 650//1189
f 653//1190 654//1190 655//1190
f 649//1191 652//1191 651//1191
f 653//1192 655//1192 656//1192
f 649//1193 650//1193 654//1193
f 649//1194 654//1194 653//1194
f 650//1195 651//1195 655//1195
f 650//1196 655//1196 654//1196
f 651//1197 652//1197 656//1197
f 651//1198 656//1198 655//1198
f 652//1199 649//1199 653//1199
f 652//1200 653//1200 656//1200
g stone_028
usemtl stone_2
s off
f 657//1201 659//1201 658//1201
f 660//1202 661//1202 662//1202
f 657//1203 658//1203 661//1203
f 657//1204 661//1204 660//1204
f 658//1205 659//1205 662//1205
f 658//1206 662//1206 661//1206
f 659//1207 657//1207 660//1207
f 659//1208 660//1208 662//1208
g stone_029
usemtl stone_3
s off
f 666//1209 672//1209 669//1209
f 666//1210 669//1210 663//1210
f 675//1211 681//1211 684//1211
f 675//1212 684//1212 678//1212
f 664//1213 676//1213 679//1213
f 664//1214 679//1214 667//1214
f 673//1215 685//1215 682//1215
f 673//1216 682//1216 670//1216
f 671//1217 683//1217 677//1217
f 671//1218 677//1218 665//1218
f 668//1219 680//1219 686//1219
f 668//1220 686//1220 674//1220
f 663//1221 664//1221 667//1221
f 663//1222 667//1222 666//1222
f 672//1223 673//1223 670//1223
f 672//1224 670//1224 669//1224
f 678//1225 679//1225 676//1225
f 678//1226 676//1226 675//1226
f 681//1227 682//1227 685//1227
f 681//1228 685//1228 684//1228
f 669//1229 671//1229 665//1229
f 669//1230 665//1230 663//1230
f 666//1231 668//1231 674//1231
f 666//1232 674//1232 672//1232
f 675//1233 677//1233 683//1233
f 675//1234 683//1234 681//1234
f 684//1235 686//1235 680//1235
f 684//1236 680//1236 678//1236
f 664//1237 665//1237 677//1237
f 664//1238 677//1238 676//1238
f 679//1239 680//1239 668//1239
f 679//1240 668//1240 667//1240
f 682//1241 683//1241 671//1241
f 682//1242 671//1242 670//1242
f 673//1243 674//1243 686//1243
f 673//1244 686//1244 685//1244
f 665//1245 664//1245 663//1245
f 666//1246 667//1246 668//1246
f 669//1247 670//1247 671//1247
f 674//1248 673//1248 672//1248
f 675//1249 676//1249 677//1249
f 680//1250 679//1250 678//1250
f 683//1251 682//1251 681//1251
f 684//1252 685//1252 686//1252
g stone_030
usemtl stone_1
s off
f 690//1253 696//1253 693//1253
f 690//1254 693//1254 687//1254
f 699//1255 705//1255 708//1255
f 699//1256 708//1256 702//1256
f 688//1257 700//1257 703//1257
f 688//1258 703//1258 691//1258
f 697//1259 709//1259 706//1259
f 697//1260 706//1260 694//1260
f 695//1261 707//1261 701//1261
f 695//1262 701//1262 689//1262
f 692//1263 704//1263 710//1263
f 692//1264 710//1264 698//1264
f 687//1265 688//1265 691//1265
f 687//1266 691//1266 690//1266
f 696//1267 697//1267 694//1267
f 696//1268 694//1268 693//1268
f 702//1269 703//1269 700//1269
f 702//1270 700//1270 699//1270
f 705//1271 706//1271 709//1271
f 705//1272 709//1272 708//1272
f 693//1273 695//1273 689//1273
f 693//1274 689//1274 687//1274
f 690//1275 692//1275 698//1275
f 690//1276 698//1276 696//1276
f 699//1277 701//1277 707//1277
f 699//1278 707//1278 705//1278
f 708//1279 710//1279 704//1279
f 708//1280 704//1280 702//1280
f 688//1281 689//1281 701//1281
f 688//1282 701//1282 700//1282
f 703//1283 704//1283 692//1283
f 703//1284 692//1284 691//1284
f 706//1285 707//1285 695//1285
f 706//1286 695//1286 694//1286
f 697//1287 698//1287 710//1287
f 697//1288 710//1288 709//1288
f 689//1289 688//1289 687//1289
f 690//1290 691//1290 692//1290
f 693//1291 694//1291 695//1291
f 698//1292 697//1292 696//1292
f 699//1293 700//1293 701//1293
f 704//1294 703//1294 702//1294
f 707//1295 706//1295 705//1295
f 708//1296 709//1296 710//1296
g stone_031
usemtl stone_3
s off
f 714//1297 720//1297 717//1297
f 714//1298 717//1298 711//1298
f 723//1299 729//1299 732//1299
f 723//1300 732//1300 726//1300
f 712//1301 724//1301 727//1301
f 712//1302 727//1302 715//1302
f 721//1303 733//1303 730//1303
f 721//1304 730//1304 718//1304
f 719//1305 731//1305 725//1305
f 719//1306 725//1306 713//1306
f 716//1307 728//1307 734//1307
f 716//1308 734//1308 722//1308
f 711//1309 712//1309 715//1309
f 711//1310 715//1310 714//1310
f 720//1311 721//1311 718//1311
f 720//1312 718//1312 717//1312
f 726//1313 727//1313 724//1313
f 726//1314 724//1314 723//1314
f 729//1315 730//1315 733//1315
f 729//1316 733//1316 732//1316
f 717//1317 719//1317 713//1317
f 717//1318 713//1318 711//1318
f 714//1319 716//1319 722//1319
f 714//1320 722//1320 720//1320
f 723//1321 725//1321 731//1321
f 723//1322 731//1322 729//1322
f 732//1323 734//1323 728//1323
f 732//1324 728//1324 726//1324
f 712//1325 713//1325 725//1325
f 712//1326 725//1326 724//1326
f 727//1327 728//1327 716//1327
f 727//1328 716//1328 715//1328
f 730//1329 731//1329 719//1329
f 730//1330 719//1330 718//1330
f 721//1331 722//1331 734//1331
f 721//1332 734//1332 733//1332
f 713//1333 712//1333 711//1333
f 714//1334 715//1334 716//1334
f 717//1335 718//1335 719//1335
f 722//1336 721//1336 720//1336
f 723//1337 724//1337 725//1337
f 728//1338 727//1338 726//1338
f 731//1339 730//1339 729//1339
f 732//1340 733//1340 734//1340
g stone_032
usemtl stone_0
s off
f 738//1341 744//1341 741//1341
f 738//1342 741//1342 735//1342
f 747//1343 753//1343 756//1343
f 747//1344 756//1344 750//1344
f 736//1345 748//1345 751//1345
f 736//1346 751//1346 739//1346
f 745//1347 757//1347 754//1347
f 745//1348 754//1348 742//1348
f 743//1349 755//1349 749//1349
f 743//1350 749//1350 737//1350
f 740//1351 752//1351 758//1351
f 740//1352 758//1352 746//1352
f 735//1353 736//1353 739//1353
f 735//1354 739//1354 738//1354
f 744//1355 745//1355 742//1355
f 744//1356 742//1356 741//1356
f 750//1357 751//1357 748//1357
f 750//1358 748//1358 747//1358
f 753//1359 754//1359 757//1359
f 753//1360 757//1360 756//1360
f 741//1361 743//1361 737//1361
f 741//1362 737//1362 735//1362
f 738//1363 740//1363 746//1363
f 738//1364 746//1364 744//1364
f 747//1365 749//1365 755//1365
f 747//1366 755//1366 753//1366
f 756//1367 758//1367 752//1367
f 756//1368 752//1368 750//1368
f 736//1369 737//1369 749//1369
f 736//1370 749//1370 748//1370
f 751//1371 752//1371 740//1371
f 751//1372 740//1372 739//1372
f 754//1373 755//1373 743//1373
f 754//1374 743//1374 742//1374
f 745//1375 746//1375 758//1375
f 745//1376 758//1376 757//1376
f 737//1377 736//1377 735//1377
f 738//1378 739//1378 740//1378
f 741//1379 742//1379 743//1379
f 746//1380 745//1380 744//1380
f 747//1381 748//1381 749//1381
f 752//1382 751//1382 750//1382
f 755//1383 754//1383 753//1383
f 756//1384 757//1384 758//1384
g stone_033
usemtl stone_1
s off
f 762//1385 768//1385 765//1385
f 762//1386 765//1386 759//1386
f 771//1387 777//1387 780//1387
f 771//1388 780//1388 774//1388
f 760//1389 772//1389 775//1389
f 760//1390 775//1390 763//1390
f 769//1391 781//1391 778//1391
f 769//1392 778//1392 766//1392
f 767//1393 779//1393 773//1393
f 767//1394 773//1394 761//1394
f 764//1395 776//1395 782//1395
f 764//1396 782//1396 770//1396
f 759//1397 760//1397 763//1397
f 759//1398 763//1398 762//1398
f 768//1399 769//1399 766//1399
f 768//1400 766//1400 765//1400
f 774//1401 775//1401 772//1401
f 774//1402 772//1402 771//1402
f 777//1403 778//1403 781//1403
f 777//1404 781//1404 780//1404
f 765//1405 767//1405 761//1405
f 765//1406 761//1406 759//1406
f 762//1407 764//1407 770//1407
f 762//1408 770//1408 768//1408
f 771//1409 773//1409 779//1409
f 771//1410 779//1410 777//1410
f 780//1411 782//1411 776//1411
f 780//1412 776//1412 774//1412
f 760//1413 761//1413 773//1413
f 760//1414 773//1414 772//1414
f 775//1415 776//1415 764//1415
f 775//1416 764//1416 763//1416
f 778//1417 779//1417 767//1417
f 778//1418 767//1418 766//1418
f 769//1419 770//1419 782//1419
f 769//1420 782//1420 781//1420
f 761//1421 760//1421 759//1421
f 762//1422 763//1422 764//1422
f 765//1423 766//1423 767//1423
f 770//1424 769//1424 768//1424
f 771//1425 772//1425 773//1425
f 776//1426 775//1426 774//1426
f 779//1427 778//1427 777//1427
f 780//1428 781//1428 782//1428
g stone_034
usemtl stone_1
s off
f 786//1429 792//1429 789//1429
f 786//1430 789//1430 783//1430
f 795//1431 801//1431 804//1431
f 795//1432 804//1432 798//1432
f 784//1433 796//1433 799//1433
f 784//1434 799//1434 787//1434
f 793//1435 805//1435 802//1435
f 793//1436 802//1436 790//1436
f 791//1437 803//1437 797//1437
f 791//1438 797//1438 785//1438
f 788//1439 800//1439 806//1439
f 788//1440 806//1440 794//1440
f 783//1441 784//1441 787//1441
f 783//1442 787//1442 786//1442
f 792//1443 793//1443 790//1443
f 792//1444 790//1444 789//1444
f 798//1445 799//1445 796//1445
f 798//1446 796//1446 795//1446
f 801//1447 802//1447 805//1447
f 801//1448 805//1448 804//1448
f 789//1449 791//1449 785//1449
f 789//1450 785//1450 783//1450
f 786//1451 788//1451 794//1451
f 786//1452 794//1452 792//1452
f 795//1453 797//1453 803//1453
f 795//1454 803//1454 801//1454
f 804//1455 806//1455 800//1455
f 804//1456 800//1456 798//1456
f 784//1457 785//1457 797//1457
f 784//1458 797//1458 796//1458
f 799//1459 800//1459 788//1459
f 799//1460 788//1460 787//1460
f 802//1461 803//1461 791//1461
f 802//1462 791//1462 790//1462
f 793//1463 794//1463 806//1463
f 793//1464 806//1464 805//1464
f 785//1465 784//1465 783//1465
f 786//1466 787//1466 788//1466
f 789//1467 790//1467 791//1467
f 794//1468 793//1468 792//1468
f 795//1469 796//1469 797//1469
f 800//1470 799//1470 798//1470
f 803//1471 802//1471 801//1471
f 804//1472 805//1472 806//1472
g stone_035
usemtl stone_1
s off
f 810//1473 816//1473 813//1473
f 810//1474 813//1474 807//1474
f 819//1475 825//1475 828//1475
f 819//1476 828//1476 822//1476
f 808//1477 820//1477 823//1477
f 808//1478 823//1478 811//1478
f 817//1479 829//1479 826//1479
f 817//1480 826//1480 814//1480
f 815//1481 827//1481 821//1481
f 815//1482 821//1482 809//1482
f 812//1483 824//1483 830//1483
f 812//1484 830//1484 818//1484
f 807//1485 808//1485 811//1485
f 807//1486 811//1486 810//1486
f 816//1487 817//1487 814//1487
f 816//1488 814//1488 813//1488
f 822//1489 823//1489 820//1489
f 822//1490 820//1490 819//1490
f 825//1491 826//1491 829//1491
f 825//1492 829//1492 828//1492
f 813//1493 815//1493 809//1493
f 813//1494 809//1494 807//1494
f 810//1495 812//1495 818//1495
f 810//1496 818//1496 816//1496
f 819//1497 821//1497 827//1497
f 819//1498 827//1498 825//1498
f 828//1499 830//1499 824//1499
f 828//1500 824//1500 822//1500
f 808//1501 809//1501 821//1501
f 808//1502 821//1502 820//1502
f 823//1503 824//1503 812//1503
f 823//1504 812//1504 811//1504
f 826//1505 827//1505 815//1505
f 826//1506 815//1506 814//1506
f 817//1507 818//1507 830//1507
f 817//1508 830//1508 829//1508
f 809//1509 808//1509 807//1509
f 810//1510 811//1510 812//1510
f 813//1511 814//1511 815//1511
f 818//1512 817//1512 816//1512
f 819//1513 820//1513 821//1513
f 824//1514 823//1514 822//1514
f 827//1515 826//1515 825//1515
f 828//1516 829//1516 830//1516
g stone_036
usemtl stone_4
s off
f 834//1517 840//1517 837//1517
f 834//1518 837//1518 831//1518
f 843//1519 849//1519 852//1519
f 843//1520 852//1520 846//1520
f 832//1521 844//1521 847//1521
f 832//1522 847//1522 835//1522
f 841//1523 853//1523 850//1523
f 841//1524 850//1524 838//1524
f 839//1525 851//1525 845//1525
f 839//1526 845//1526 833//1526
f 836//1527 848//1527 854//1527
f 836//1528 854//1528 842//1528
f 831//1529 832//1529 835//1529
f 831//1530 835//1530 834//1530
f 840//1531 841//1531 838//1531
f 840//1532 838//1532 837//1532
f 846//1533 847//1533 844//1533
f 846//1534 844//1534 843//1534
f 849//1535 850//1535 853//1535
f 849//1536 853//1536 852//1536
f 837//1537 839//1537 833//1537
f 837//1538 833//1538 831//1538
f 834//1539 836//1539 842//1539
f 834//1540 842//1540 840//1540
f 843//1541 845//1541 851//1541
f 843//1542 851//1542 849//1542
f 852//1543 854//1543 848//1543
f 852//1544 848//1544 846//1544
f 832//1545 833//1545 845//1545
f 832//1546 845//1546 844//1546
f 847//1547 848//1547 836//1547
f 847//1548 836//1548 835//1548
f 850//1549 851//1549 839//1549
f 850//1550 839//1550 838//1550
f 841//1551 842//1551 854//1551
f 841//1552 854//1552 853//1552
f 833//1553 832//1553 831//1553
f 834//1554 835//1554 836//1554
f 837//1555 838//1555 839//1555
f 842//1556 841//1556 840//1556
f 843//1557 844//1557 845//1557
f 848//1558 847//1558 846//1558
f 851//1559 850//1559 849//1559
f 852//1560 853//1560 854//1560
