# Blender 4.5.8 LTS
# www.blender.org
mtllib LaserEmitter.mtl
o FlowerLaser_Petal
v 0.323030 0.474762 -0.071934
v 0.331477 0.481908 -0.036672
v 0.308242 0.464010 -0.104432
v 0.289125 0.448915 -0.132917
v 0.264142 0.431866 -0.156294
v 0.237569 0.410879 -0.173665
v 0.209882 0.387195 -0.184362
v 0.180157 0.357749 -0.187974
v 0.144518 0.311269 -0.184362
v 0.112921 0.260740 -0.173665
v 0.085776 0.212911 -0.156294
v 0.059399 0.164841 -0.132917
v 0.035595 0.123521 -0.104433
v 0.016864 0.086435 -0.071934
v -0.001815 0.055787 -0.036672
v -0.012921 0.037961 0.000000
v 0.327099 0.485393 -0.012224
v 0.328763 0.484069 -0.024448
v 0.314874 0.481255 -0.023978
v 0.320199 0.477016 -0.047956
v 0.297937 0.472213 -0.034811
v 0.303262 0.467974 -0.069622
v 0.276404 0.459042 -0.044306
v 0.281729 0.454803 -0.088612
v 0.251422 0.441993 -0.052098
v 0.256747 0.437754 -0.104196
v 0.224849 0.421006 -0.057888
v 0.230174 0.416767 -0.115777
v 0.197161 0.397322 -0.061454
v 0.202486 0.393083 -0.122908
v 0.167436 0.367876 -0.062658
v 0.300441 0.470220 -0.104432
v 0.281324 0.455125 -0.132917
v 0.256342 0.438076 -0.156294
v 0.229769 0.417089 -0.173665
v 0.202081 0.393405 -0.184362
v 0.172356 0.363959 -0.187974
v 0.136717 0.317479 -0.184362
v 0.105121 0.266950 -0.173665
v 0.077975 0.219121 -0.156294
v 0.051598 0.171051 -0.132917
v 0.027794 0.129731 -0.104433
v 0.009064 0.092645 -0.071934
v -0.009615 0.061997 -0.036672
v -0.020722 0.044171 0.000000
v 0.172761 0.363637 -0.125316
v 0.131797 0.321395 -0.061454
v 0.137122 0.317156 -0.122908
v 0.100201 0.270867 -0.057888
v 0.105525 0.266628 -0.115777
v 0.073055 0.223037 -0.052098
v 0.078380 0.218798 -0.104196
v 0.046678 0.174968 -0.044306
v 0.052003 0.170729 -0.088612
v 0.025378 0.131655 -0.034811
v 0.030703 0.127416 -0.069622
v 0.007720 0.093714 -0.023978
v 0.013045 0.089475 -0.047956
v -0.007740 0.060503 -0.012224
v -0.002415 0.056264 -0.024448
v -0.007407 0.063381 0.000000
v 0.006361 0.095876 0.000000
v 0.024259 0.133924 0.000000
v 0.045187 0.177622 0.000000
v 0.068733 0.226540 0.000000
v 0.095052 0.276006 0.000000
v 0.126304 0.325630 0.000000
v 0.160284 0.369946 0.000000
v 0.190654 0.401271 0.000000
v 0.218496 0.425466 0.000000
v 0.245878 0.445539 0.000000
v 0.273215 0.460477 0.000000
v 0.295445 0.472899 0.000000
v 0.312363 0.481811 0.000000
v 0.325028 0.487042 0.000000
v 0.307429 0.487182 -0.071934
v 0.315876 0.494328 -0.036672
v 0.292641 0.476430 -0.104432
v 0.273523 0.461335 -0.132917
v 0.248541 0.444286 -0.156294
v 0.221968 0.423299 -0.173665
v 0.194280 0.399615 -0.184362
v 0.164556 0.370169 -0.187974
v 0.128917 0.323689 -0.184362
v 0.097320 0.273160 -0.173665
v 0.070174 0.225331 -0.156294
v 0.043798 0.177261 -0.132917
v 0.019994 0.135941 -0.104433
v 0.001263 0.098855 -0.071934
v -0.017416 0.068207 -0.036672
v -0.028523 0.050381 0.000000
v 0.311498 0.497813 -0.012224
v 0.313161 0.496489 -0.024448
v 0.299273 0.493675 -0.023978
v 0.304598 0.489436 -0.047956
v 0.282336 0.484633 -0.034811
v 0.287661 0.480394 -0.069622
v 0.260803 0.471462 -0.044306
v 0.266128 0.467223 -0.088612
v 0.235820 0.454413 -0.052098
v 0.241145 0.450174 -0.104196
v 0.209247 0.433426 -0.057888
v 0.214572 0.429187 -0.115777
v 0.181559 0.409742 -0.061454
v 0.186884 0.405503 -0.122908
v 0.151835 0.380296 -0.062658
v 0.157160 0.376057 -0.125316
v 0.116196 0.333816 -0.061454
v 0.121521 0.329576 -0.122908
v 0.084599 0.283287 -0.057888
v 0.089924 0.279048 -0.115777
v 0.057454 0.235457 -0.052098
v 0.062779 0.231218 -0.104196
v 0.031077 0.187388 -0.044306
v 0.036402 0.183149 -0.088612
v 0.009777 0.144075 -0.034811
v 0.015102 0.139836 -0.069622
v -0.007881 0.106134 -0.023978
v -0.002556 0.101895 -0.047956
v -0.023341 0.072924 -0.012224
v -0.018016 0.068684 -0.024448
v -0.023008 0.075801 0.000000
v -0.009240 0.108296 0.000000
v 0.008658 0.146344 0.000000
v 0.029585 0.190042 0.000000
v 0.053132 0.238960 0.000000
v 0.079450 0.288426 0.000000
v 0.110703 0.338050 0.000000
v 0.144682 0.382366 0.000000
v 0.175053 0.413691 0.000000
v 0.202895 0.437886 0.000000
v 0.230276 0.457959 0.000000
v 0.257614 0.472897 0.000000
v 0.279844 0.485319 0.000000
v 0.296762 0.494231 0.000000
v 0.309427 0.499462 0.000000
v 0.323030 0.474762 0.071934
v 0.331477 0.481908 0.036672
v 0.308242 0.464010 0.104433
v 0.289125 0.448915 0.132917
v 0.264142 0.431866 0.156294
v 0.237569 0.410879 0.173665
v 0.209882 0.387195 0.184362
v 0.180157 0.357749 0.187974
v 0.144518 0.311269 0.184362
v 0.112921 0.260740 0.173665
v 0.085776 0.212911 0.156294
v 0.059399 0.164841 0.132917
v 0.035595 0.123521 0.104433
v 0.016864 0.086435 0.071934
v -0.001815 0.055787 0.036672
v 0.327099 0.485393 0.012224
v 0.328763 0.484069 0.024448
v 0.314874 0.481255 0.023978
v 0.320199 0.477016 0.047956
v 0.297937 0.472213 0.034811
v 0.303262 0.467974 0.069622
v 0.276404 0.459042 0.044306
v 0.281729 0.454803 0.088612
v 0.251422 0.441993 0.052098
v 0.256747 0.437754 0.104196
v 0.224849 0.421006 0.057888
v 0.230174 0.416767 0.115777
v 0.197161 0.397322 0.061454
v 0.202486 0.393083 0.122908
v 0.167436 0.367876 0.062658
v 0.300441 0.470220 0.104433
v 0.281324 0.455125 0.132917
v 0.256342 0.438076 0.156294
v 0.229769 0.417089 0.173665
v 0.202081 0.393405 0.184362
v 0.172356 0.363959 0.187974
v 0.136717 0.317479 0.184362
v 0.105121 0.266950 0.173665
v 0.077975 0.219121 0.156294
v 0.051598 0.171051 0.132917
v 0.027794 0.129731 0.104433
v 0.009064 0.092645 0.071934
v -0.009615 0.061997 0.036672
v 0.172761 0.363637 0.125316
v 0.131797 0.321395 0.061454
v 0.137122 0.317156 0.122908
v 0.100201 0.270867 0.057888
v 0.105525 0.266628 0.115777
v 0.073055 0.223037 0.052098
v 0.078380 0.218798 0.104196
v 0.046678 0.174968 0.044306
v 0.052003 0.170729 0.088612
v 0.025378 0.131655 0.034811
v 0.030703 0.127416 0.069622
v 0.007720 0.093714 0.023978
v 0.013045 0.089475 0.047956
v -0.007740 0.060503 0.012224
v -0.002415 0.056264 0.024448
v 0.307429 0.487182 0.071934
v 0.315876 0.494328 0.036672
v 0.292641 0.476430 0.104433
v 0.273523 0.461335 0.132917
v 0.248541 0.444286 0.156294
v 0.221968 0.423299 0.173665
v 0.194280 0.399615 0.184362
v 0.164556 0.370169 0.187974
v 0.128917 0.323689 0.184362
v 0.097320 0.273160 0.173665
v 0.070174 0.225331 0.156294
v 0.043798 0.177261 0.132917
v 0.019994 0.135941 0.104433
v 0.001263 0.098855 0.071934
v -0.017416 0.068207 0.036672
v 0.311498 0.497813 0.012224
v 0.313161 0.496489 0.024448
v 0.299273 0.493675 0.023978
v 0.304598 0.489436 0.047956
v 0.282336 0.484633 0.034811
v 0.287661 0.480394 0.069622
v 0.260803 0.471462 0.044306
v 0.266128 0.467223 0.088612
v 0.235820 0.454413 0.052098
v 0.241145 0.450174 0.104196
v 0.209247 0.433426 0.057888
v 0.214572 0.429187 0.115777
v 0.181559 0.409742 0.061454
v 0.186884 0.405503 0.122908
v 0.151835 0.380296 0.062658
v 0.157160 0.376057 0.125316
v 0.116196 0.333816 0.061454
v 0.121521 0.329576 0.122908
v 0.084599 0.283287 0.057888
v 0.089924 0.279048 0.115777
v 0.057454 0.235457 0.052098
v 0.062778 0.231218 0.104196
v 0.031077 0.187388 0.044306
v 0.036402 0.183149 0.088612
v 0.009777 0.144075 0.034811
v 0.015102 0.139836 0.069622
v -0.007881 0.106134 0.023978
v -0.002556 0.101895 0.047956
v -0.023341 0.072924 0.012224
v -0.018016 0.068684 0.024448
v 0.323030 0.198577 0.443947
v 0.331477 0.166516 0.461495
v 0.308242 0.226837 0.423897
v 0.289125 0.249854 0.401046
v 0.264142 0.267304 0.377954
v 0.237569 0.277700 0.353053
v 0.209881 0.280777 0.327704
v 0.180157 0.275187 0.299181
v 0.144518 0.257314 0.257037
v 0.112921 0.231305 0.213314
v 0.085776 0.199643 0.174165
v 0.059399 0.162071 0.136649
v 0.035595 0.121620 0.106994
v 0.016864 0.078577 0.082518
v -0.001815 0.034837 0.064890
v -0.012921 -0.006310 0.059631
v 0.327099 0.143834 0.472294
v 0.328763 0.155304 0.467284
v 0.314874 0.153978 0.464810
v 0.320199 0.175971 0.453455
v 0.297937 0.161712 0.453047
v 0.303262 0.194232 0.438344
v 0.276404 0.166869 0.437854
v 0.281729 0.208616 0.420217
v 0.251422 0.169173 0.419578
v 0.256746 0.218494 0.399533
v 0.224849 0.168315 0.398255
v 0.230174 0.223262 0.376422
v 0.197161 0.164462 0.375110
v 0.202486 0.222874 0.352174
v 0.167436 0.156532 0.347331
v 0.300441 0.228756 0.429677
v 0.281324 0.251773 0.406826
v 0.256342 0.269223 0.383734
v 0.229769 0.279619 0.358833
v 0.202081 0.282696 0.333484
v 0.172356 0.277106 0.304961
v 0.136717 0.259233 0.262817
v 0.105121 0.233224 0.219094
v 0.077975 0.201562 0.179945
v 0.051598 0.163990 0.142429
v 0.027794 0.123539 0.112773
v 0.009064 0.080496 0.088298
v -0.009615 0.036756 0.070670
v -0.020722 -0.004391 0.065411
v 0.172761 0.216115 0.324024
v 0.131797 0.140999 0.304443
v 0.137122 0.199411 0.281507
v 0.100200 0.121920 0.258516
v 0.105525 0.176867 0.236682
v 0.073055 0.101512 0.215789
v 0.078380 0.150833 0.195744
v 0.046678 0.079085 0.173457
v 0.052003 0.120833 0.155820
v 0.025378 0.056474 0.136078
v 0.030703 0.088994 0.121375
v 0.007720 0.034222 0.104113
v 0.013045 0.056214 0.092758
v -0.007740 0.012536 0.076835
v -0.002415 0.023106 0.069112
v -0.007407 0.001546 0.083290
v 0.006361 0.011587 0.113535
v 0.024259 0.023345 0.148947
v 0.045187 0.036848 0.189618
v 0.068733 0.051965 0.235148
v 0.095052 0.067251 0.281188
v 0.126304 0.082585 0.327374
v 0.160284 0.096280 0.368621
v 0.190654 0.105960 0.397776
v 0.218496 0.113436 0.420295
v 0.245878 0.119639 0.438978
v 0.273215 0.124255 0.452880
v 0.295445 0.128094 0.464442
v 0.312363 0.130848 0.472737
v 0.325028 0.132464 0.477606
v 0.307429 0.202415 0.455507
v 0.315876 0.170354 0.473055
v 0.292641 0.230675 0.435457
v 0.273523 0.253693 0.412606
v 0.248541 0.271142 0.389514
v 0.221968 0.281538 0.364613
v 0.194280 0.284615 0.339264
v 0.164556 0.279025 0.310741
v 0.128917 0.261152 0.268597
v 0.097320 0.235143 0.224874
v 0.070174 0.203481 0.185725
v 0.043798 0.165909 0.148209
v 0.019994 0.125458 0.118553
v 0.001263 0.082415 0.094078
v -0.017416 0.038675 0.076449
v -0.028523 -0.002472 0.071191
v 0.311498 0.147672 0.483854
v 0.313161 0.159142 0.478844
v 0.299273 0.157816 0.476369
v 0.304598 0.179809 0.465014
v 0.282336 0.165550 0.464607
v 0.287661 0.198070 0.449904
v 0.260803 0.170707 0.449414
v 0.266128 0.212454 0.431777
v 0.235820 0.173011 0.431138
v 0.241145 0.222332 0.411093
v 0.209247 0.172153 0.409815
v 0.214572 0.227100 0.387981
v 0.181559 0.168300 0.386670
v 0.186884 0.226712 0.363734
v 0.151835 0.160370 0.358891
v 0.157160 0.219953 0.335583
v 0.116196 0.144837 0.316002
v 0.121521 0.203249 0.293067
v 0.084599 0.125758 0.270076
v 0.089924 0.180705 0.248242
v 0.057454 0.105350 0.227348
v 0.062778 0.154671 0.207304
v 0.031077 0.082923 0.185017
v 0.036402 0.124671 0.167380
v 0.009777 0.060312 0.147638
v 0.015102 0.092832 0.132935
v -0.007881 0.038060 0.115672
v -0.002556 0.060052 0.104317
v -0.023341 0.016374 0.088394
v -0.018016 0.026944 0.080672
v -0.023008 0.005384 0.094850
v -0.009240 0.015425 0.125095
v 0.008658 0.027183 0.160507
v 0.029585 0.040686 0.201178
v 0.053132 0.055803 0.246708
v 0.079450 0.071089 0.292748
v 0.110703 0.086423 0.338934
v 0.144682 0.100118 0.380181
v 0.175053 0.109798 0.409336
v 0.202895 0.117274 0.431855
v 0.230276 0.123477 0.450537
v 0.257614 0.128093 0.464440
v 0.279844 0.131932 0.476002
v 0.296762 0.134686 0.484297
v 0.309427 0.136302 0.489165
v 0.323030 0.058762 0.488405
v 0.331477 0.095239 0.484159
v 0.308242 0.023857 0.488440
v 0.289125 -0.008490 0.483193
v 0.264142 -0.036477 0.474549
v 0.237569 -0.059843 0.460384
v 0.209881 -0.077557 0.441646
v 0.180157 -0.090167 0.415355
v 0.144518 -0.101020 0.370979
v 0.112921 -0.106239 0.320645
v 0.085776 -0.104138 0.270760
v 0.059399 -0.096274 0.218796
v 0.035595 -0.081360 0.171536
v 0.016864 -0.061238 0.126976
v -0.001815 -0.036440 0.087554
v 0.327099 0.120075 0.479849
v 0.328763 0.107786 0.482394
v 0.314874 0.107373 0.479629
v 0.320199 0.082761 0.483093
v 0.297937 0.094052 0.474561
v 0.303262 0.058912 0.481373
v 0.276404 0.080754 0.465236
v 0.281729 0.036387 0.474982
v 0.251422 0.067913 0.451776
v 0.256746 0.015973 0.463930
v 0.224849 0.055801 0.434032
v 0.230174 -0.001766 0.447975
v 0.197161 0.045017 0.413091
v 0.202486 -0.016015 0.428136
v 0.167436 0.034747 0.386056
v 0.300441 0.025776 0.494220
v 0.281324 -0.006571 0.488973
v 0.256342 -0.034558 0.480329
v 0.229769 -0.057924 0.466164
v 0.202081 -0.075638 0.447426
v 0.172356 -0.088248 0.421135
v 0.136717 -0.099101 0.376758
v 0.105121 -0.104320 0.326425
v 0.077975 -0.102219 0.276540
v 0.051598 -0.094355 0.224576
v 0.027794 -0.079441 0.177316
v 0.009064 -0.059319 0.132756
v -0.009615 -0.034521 0.093334
v 0.172761 -0.027455 0.401473
v 0.131797 0.021554 0.342423
v 0.137122 -0.039478 0.357468
v 0.100200 0.009405 0.294293
v 0.105525 -0.048162 0.308236
v 0.073055 0.000252 0.247987
v 0.078380 -0.051688 0.260141
v 0.046678 -0.007029 0.200839
v 0.052003 -0.051397 0.210585
v 0.025378 -0.011186 0.157592
v 0.030703 -0.046326 0.164404
v 0.007720 -0.012383 0.118932
v 0.013045 -0.036996 0.122396
v -0.007740 -0.011223 0.084390
v -0.002415 -0.024412 0.084221
v 0.307429 0.062600 0.499965
v 0.315876 0.099077 0.495719
v 0.292641 0.027695 0.500000
v 0.273523 -0.004652 0.494753
v 0.248541 -0.032639 0.486109
v 0.221968 -0.056005 0.471944
v 0.194280 -0.073719 0.453206
v 0.164556 -0.086329 0.426915
v 0.128917 -0.097182 0.382538
v 0.097320 -0.102401 0.332204
v 0.070174 -0.100300 0.282320
v 0.043798 -0.092436 0.230356
v 0.019994 -0.077522 0.183096
v 0.001263 -0.057400 0.138536
v -0.017416 -0.032602 0.099114
v 0.311498 0.123913 0.491408
v 0.313161 0.111624 0.493953
v 0.299273 0.111211 0.491189
v 0.304598 0.086599 0.494653
v 0.282336 0.097890 0.486121
v 0.287661 0.062750 0.492933
v 0.260803 0.084592 0.476796
v 0.266128 0.040225 0.486542
v 0.235820 0.071751 0.463336
v 0.241145 0.019811 0.475490
v 0.209247 0.059639 0.445592
v 0.214572 0.002072 0.459535
v 0.181559 0.048855 0.424651
v 0.186884 -0.012177 0.439695
v 0.151835 0.038585 0.397616
v 0.157160 -0.023617 0.413033
v 0.116196 0.025392 0.353983
v 0.121521 -0.035640 0.369028
v 0.084599 0.013243 0.305853
v 0.089924 -0.044324 0.319796
v 0.057454 0.004090 0.259547
v 0.062778 -0.047850 0.271700
v 0.031077 -0.003191 0.212399
v 0.036402 -0.047559 0.222145
v 0.009777 -0.007348 0.169152
v 0.015102 -0.042488 0.175964
v -0.007881 -0.008545 0.130492
v -0.002556 -0.033158 0.133956
v -0.023341 -0.007385 0.095949
v -0.018016 -0.020574 0.095781
v 0.323030 -0.388115 0.346309
v 0.331477 -0.415075 0.321891
v 0.308242 -0.359897 0.366415
v 0.289125 -0.330577 0.380777
v 0.264142 -0.302743 0.389883
v 0.237569 -0.275331 0.391864
v 0.209881 -0.249746 0.386894
v 0.180157 -0.223754 0.372878
v 0.144518 -0.188320 0.343219
v 0.112921 -0.153866 0.305500
v 0.085776 -0.125604 0.263934
v 0.059399 -0.100756 0.217371
v 0.035595 -0.084436 0.170558
v 0.016864 -0.073951 0.122933
v -0.001815 -0.070336 0.076776
v -0.012921 -0.077941 0.036854
v 0.327099 -0.432579 0.304118
v 0.328762 -0.424166 0.313245
v 0.314874 -0.422171 0.311246
v 0.320199 -0.404340 0.328207
v 0.297937 -0.408350 0.314809
v 0.303262 -0.384013 0.340533
v 0.276404 -0.391991 0.314914
v 0.281729 -0.361951 0.348320
v 0.251422 -0.373518 0.311412
v 0.256746 -0.338798 0.351121
v 0.224849 -0.353062 0.304024
v 0.230174 -0.314863 0.348418
v 0.197161 -0.331760 0.293285
v 0.202486 -0.291420 0.340564
v 0.167436 -0.307214 0.277321
v 0.300441 -0.364921 0.369988
v 0.281324 -0.335601 0.384350
v 0.256342 -0.307767 0.393455
v 0.229769 -0.280355 0.395436
v 0.202081 -0.254770 0.390466
v 0.172356 -0.228778 0.376450
v 0.136717 -0.193344 0.346791
v 0.105121 -0.158890 0.309072
v 0.077975 -0.130628 0.267506
v 0.051598 -0.105780 0.220943
v 0.027794 -0.089460 0.174130
v 0.009064 -0.078976 0.126506
v -0.009615 -0.075360 0.080348
v -0.020722 -0.082965 0.040426
v 0.172761 -0.266151 0.325573
v 0.131797 -0.270334 0.249610
v 0.137122 -0.229994 0.296889
v 0.100200 -0.231597 0.217660
v 0.105525 -0.193398 0.262054
v 0.073055 -0.196380 0.185463
v 0.078380 -0.161659 0.225173
v 0.046678 -0.162171 0.151508
v 0.052003 -0.132130 0.184914
v 0.025378 -0.132833 0.118912
v 0.030703 -0.108495 0.144636
v 0.007720 -0.108644 0.088323
v 0.013045 -0.090813 0.105284
v -0.007740 -0.088836 0.059710
v -0.002415 -0.078065 0.067161
v -0.007407 -0.098506 0.051476
v 0.006361 -0.124795 0.070168
v 0.024259 -0.155577 0.092054
v 0.045187 -0.190929 0.117190
v 0.068733 -0.230504 0.145329
v 0.095052 -0.270524 0.173784
v 0.126304 -0.310670 0.202329
v 0.160284 -0.346522 0.227820
v 0.190654 -0.371865 0.245839
v 0.218496 -0.391439 0.259757
v 0.245878 -0.407678 0.271303
v 0.273215 -0.419763 0.279895
v 0.295445 -0.429813 0.287041
v 0.312363 -0.437023 0.292168
v 0.325028 -0.441255 0.295176
v 0.307429 -0.398163 0.353453
v 0.315876 -0.425123 0.329036
v 0.292641 -0.369945 0.373560
v 0.273523 -0.340625 0.387922
v 0.248541 -0.312791 0.397027
v 0.221968 -0.285379 0.399008
v 0.194280 -0.259794 0.394038
v 0.164556 -0.233802 0.380022
v 0.128917 -0.198368 0.350363
v 0.097320 -0.163914 0.312644
v 0.070174 -0.135652 0.271078
v 0.043798 -0.110804 0.224515
v 0.019994 -0.094484 0.177702
v 0.001263 -0.084000 0.130078
v -0.017416 -0.080384 0.083920
v -0.028523 -0.087989 0.043998
v 0.311498 -0.442627 0.311262
v 0.313161 -0.434214 0.320390
v 0.299273 -0.432219 0.318391
v 0.304598 -0.414388 0.335351
v 0.282336 -0.418398 0.321954
v 0.287661 -0.394061 0.347678
v 0.260803 -0.402039 0.322059
v 0.266128 -0.371999 0.355464
v 0.235820 -0.383566 0.318556
v 0.241145 -0.348846 0.358266
v 0.209247 -0.363110 0.311168
v 0.214572 -0.324912 0.355562
v 0.181559 -0.341808 0.300429
v 0.186884 -0.301468 0.347708
v 0.151835 -0.317262 0.284465
v 0.157160 -0.276199 0.332718
v 0.116196 -0.280382 0.256754
v 0.121521 -0.240042 0.304033
v 0.084599 -0.241645 0.224804
v 0.089924 -0.203446 0.269199
v 0.057454 -0.206428 0.192607
v 0.062778 -0.171707 0.232317
v 0.031077 -0.172219 0.158652
v 0.036402 -0.142178 0.192058
v 0.009777 -0.142881 0.126056
v 0.015102 -0.118543 0.151780
v -0.007881 -0.118692 0.095468
v -0.002556 -0.100861 0.112428
v -0.023341 -0.098884 0.066855
v -0.018016 -0.088113 0.074306
v -0.023008 -0.108554 0.058620
v -0.009240 -0.134843 0.077313
v 0.008658 -0.165625 0.099199
v 0.029585 -0.200977 0.124335
v 0.053132 -0.240552 0.152474
v 0.079450 -0.280572 0.180928
v 0.110703 -0.320718 0.209473
v 0.144682 -0.356570 0.234965
v 0.175053 -0.381913 0.252983
v 0.202894 -0.401487 0.266901
v 0.230276 -0.417726 0.278447
v 0.257614 -0.429811 0.287040
v 0.279844 -0.439861 0.294185
v 0.296762 -0.447071 0.299312
v 0.309427 -0.451303 0.302321
v 0.323030 -0.474525 0.229917
v 0.331477 -0.459127 0.262555
v 0.308242 -0.485346 0.197440
v 0.289125 -0.490242 0.165713
v 0.264142 -0.490490 0.136993
v 0.237569 -0.483945 0.110868
v 0.209881 -0.471209 0.088591
v 0.180157 -0.449555 0.068730
v 0.144518 -0.409783 0.044916
v 0.112921 -0.362480 0.024504
v 0.085776 -0.313351 0.011045
v 0.059399 -0.260422 0.002306
v 0.035595 -0.209885 0.001583
v 0.016864 -0.160362 0.006541
v -0.001815 -0.114388 0.017440
v 0.327099 -0.447263 0.284339
v 0.328762 -0.453534 0.273688
v 0.314874 -0.450975 0.272449
v 0.320199 -0.461947 0.250612
v 0.297937 -0.450166 0.258484
v 0.303262 -0.467645 0.227883
v 0.276404 -0.445213 0.243226
v 0.281729 -0.468395 0.204943
v 0.251422 -0.436101 0.227115
v 0.256746 -0.463962 0.182528
v 0.224849 -0.422600 0.210358
v 0.230174 -0.453939 0.161087
v 0.197161 -0.405581 0.193850
v 0.202486 -0.439061 0.141695
v 0.167436 -0.382481 0.175938
v 0.300441 -0.490370 0.201012
v 0.281324 -0.495266 0.169285
v 0.256342 -0.495514 0.140566
v 0.229769 -0.488969 0.114440
v 0.202081 -0.476233 0.092163
v 0.172356 -0.454579 0.072302
v 0.136717 -0.414807 0.048488
v 0.105121 -0.367504 0.028077
v 0.077975 -0.318375 0.014617
v 0.051598 -0.265446 0.005878
v 0.027794 -0.214909 0.005155
v 0.009064 -0.165386 0.010113
v -0.009615 -0.119412 0.021012
v 0.172761 -0.416685 0.122808
v 0.131797 -0.344154 0.150175
v 0.137122 -0.377635 0.098020
v 0.100200 -0.301135 0.123995
v 0.105525 -0.332474 0.074724
v 0.073055 -0.258962 0.101166
v 0.078380 -0.286823 0.056580
v 0.046678 -0.215393 0.079820
v 0.052003 -0.238574 0.041537
v 0.025378 -0.174649 0.062587
v 0.030703 -0.192127 0.031986
v 0.007720 -0.137448 0.049526
v 0.013045 -0.148420 0.027689
v -0.007740 -0.103520 0.039932
v -0.002415 -0.107432 0.027604
v 0.307429 -0.484573 0.237061
v 0.315876 -0.469175 0.269699
v 0.292641 -0.495394 0.204584
v 0.273523 -0.500290 0.172857
v 0.248541 -0.500538 0.144138
v 0.221968 -0.493993 0.118012
v 0.194280 -0.481257 0.095735
v 0.164556 -0.459603 0.075875
v 0.128917 -0.419831 0.052060
v 0.097320 -0.372528 0.031649
v 0.070174 -0.323399 0.018189
v 0.043798 -0.270470 0.009451
v 0.019994 -0.219933 0.008727
v 0.001263 -0.170410 0.013685
v -0.017416 -0.124436 0.024584
v 0.311498 -0.457311 0.291483
v 0.313161 -0.463582 0.280832
v 0.299273 -0.461023 0.279593
v 0.304598 -0.471995 0.257756
v 0.282336 -0.460214 0.265628
v 0.287661 -0.477693 0.235027
v 0.260803 -0.455261 0.250370
v 0.266128 -0.478443 0.212088
v 0.235820 -0.446149 0.234259
v 0.241145 -0.474010 0.189673
v 0.209247 -0.432648 0.217503
v 0.214572 -0.463987 0.168232
v 0.181559 -0.415628 0.200995
v 0.186884 -0.449109 0.148839
v 0.151835 -0.392529 0.183082
v 0.157160 -0.426733 0.129953
v 0.116196 -0.354202 0.157320
v 0.121521 -0.387683 0.105164
v 0.084599 -0.311183 0.131139
v 0.089924 -0.342522 0.081868
v 0.057454 -0.269010 0.108311
v 0.062778 -0.296871 0.063724
v 0.031077 -0.225441 0.086964
v 0.036402 -0.248622 0.048681
v 0.009777 -0.184697 0.069731
v 0.015102 -0.202175 0.039130
v -0.007881 -0.147496 0.056670
v -0.002556 -0.158468 0.034833
v -0.023341 -0.113568 0.047076
v -0.018016 -0.117480 0.034748
v 0.323030 -0.474525 -0.229917
v 0.331477 -0.459127 -0.262555
v 0.308242 -0.485346 -0.197440
v 0.289125 -0.490242 -0.165713
v 0.264142 -0.490490 -0.136993
v 0.237569 -0.483945 -0.110868
v 0.209881 -0.471209 -0.088591
v 0.180157 -0.449555 -0.068730
v 0.144518 -0.409783 -0.044916
v 0.112921 -0.362480 -0.024504
v 0.085776 -0.313351 -0.011045
v 0.059399 -0.260422 -0.002306
v 0.035595 -0.209885 -0.001583
v 0.016864 -0.160362 -0.006541
v -0.001815 -0.114388 -0.017440
v -0.012921 -0.077941 -0.036854
v 0.327099 -0.447263 -0.284339
v 0.328763 -0.453534 -0.273688
v 0.314874 -0.450975 -0.272449
v 0.320199 -0.461947 -0.250612
v 0.297937 -0.450166 -0.258484
v 0.303262 -0.467645 -0.227883
v 0.276404 -0.445213 -0.243226
v 0.281729 -0.468395 -0.204944
v 0.251422 -0.436101 -0.227115
v 0.256746 -0.463962 -0.182528
v 0.224849 -0.422600 -0.210359
v 0.230174 -0.453939 -0.161087
v 0.197161 -0.405581 -0.193850
v 0.202486 -0.439061 -0.141695
v 0.167436 -0.382481 -0.175938
v 0.300441 -0.490370 -0.201012
v 0.281324 -0.495266 -0.169285
v 0.256342 -0.495514 -0.140566
v 0.229769 -0.488969 -0.114440
v 0.202081 -0.476233 -0.092163
v 0.172356 -0.454579 -0.072302
v 0.136717 -0.414807 -0.048488
v 0.105121 -0.367504 -0.028077
v 0.077975 -0.318375 -0.014617
v 0.051598 -0.265446 -0.005878
v 0.027794 -0.214909 -0.005155
v 0.009064 -0.165386 -0.010113
v -0.009615 -0.119412 -0.021012
v -0.020722 -0.082965 -0.040426
v 0.172761 -0.416685 -0.122808
v 0.131797 -0.344154 -0.150175
v 0.137122 -0.377635 -0.098020
v 0.100200 -0.301135 -0.123995
v 0.105525 -0.332474 -0.074724
v 0.073055 -0.258962 -0.101166
v 0.078380 -0.286823 -0.056580
v 0.046678 -0.215393 -0.079820
v 0.052003 -0.238574 -0.041537
v 0.025378 -0.174649 -0.062587
v 0.030703 -0.192127 -0.031986
v 0.007720 -0.137448 -0.049526
v 0.013045 -0.148420 -0.027689
v -0.007740 -0.103520 -0.039932
v -0.002415 -0.107432 -0.027604
v -0.007407 -0.098506 -0.051476
v 0.006361 -0.124795 -0.070168
v 0.024259 -0.155577 -0.092054
v 0.045187 -0.190929 -0.117190
v 0.068733 -0.230504 -0.145329
v 0.095052 -0.270524 -0.173784
v 0.126304 -0.310670 -0.202329
v 0.160284 -0.346522 -0.227820
v 0.190654 -0.371865 -0.245839
v 0.218496 -0.391439 -0.259757
v 0.245878 -0.407678 -0.271303
v 0.273215 -0.419763 -0.279896
v 0.295445 -0.429813 -0.287041
v 0.312363 -0.437023 -0.292168
v 0.325028 -0.441255 -0.295177
v 0.307429 -0.484573 -0.237061
v 0.315876 -0.469175 -0.269699
v 0.292641 -0.495394 -0.204584
v 0.273523 -0.500290 -0.172857
v 0.248541 -0.500538 -0.144138
v 0.221968 -0.493993 -0.118012
v 0.194280 -0.481257 -0.095735
v 0.164556 -0.459603 -0.075875
v 0.128917 -0.419831 -0.052060
v 0.097320 -0.372528 -0.031649
v 0.070174 -0.323399 -0.018189
v 0.043798 -0.270470 -0.009451
v 0.019994 -0.219933 -0.008727
v 0.001263 -0.170410 -0.013685
v -0.017416 -0.124436 -0.024584
v -0.028523 -0.087989 -0.043998
v 0.311498 -0.457311 -0.291483
v 0.313161 -0.463582 -0.280832
v 0.299273 -0.461023 -0.279593
v 0.304598 -0.471995 -0.257756
v 0.282336 -0.460214 -0.265628
v 0.287661 -0.477693 -0.235028
v 0.260803 -0.455261 -0.250370
v 0.266128 -0.478443 -0.212088
v 0.235820 -0.446149 -0.234259
v 0.241145 -0.474010 -0.189673
v 0.209247 -0.432648 -0.217503
v 0.214572 -0.463987 -0.168232
v 0.181559 -0.415628 -0.200995
v 0.186884 -0.449109 -0.148839
v 0.151835 -0.392529 -0.183082
v 0.157160 -0.426733 -0.129953
v 0.116196 -0.354202 -0.157320
v 0.121521 -0.387683 -0.105164
v 0.084599 -0.311183 -0.131139
v 0.089924 -0.342522 -0.081868
v 0.057454 -0.269010 -0.108311
v 0.062778 -0.296871 -0.063724
v 0.031077 -0.225441 -0.086964
v 0.036402 -0.248622 -0.048681
v 0.009777 -0.184697 -0.069731
v 0.015102 -0.202175 -0.039130
v -0.007881 -0.147496 -0.056670
v -0.002556 -0.158468 -0.034833
v -0.023341 -0.113568 -0.047076
v -0.018016 -0.117480 -0.034748
v -0.023008 -0.108554 -0.058620
v -0.009240 -0.134843 -0.077313
v 0.008658 -0.165625 -0.099199
v 0.029585 -0.200977 -0.124335
v 0.053132 -0.240552 -0.152474
v 0.079450 -0.280572 -0.180928
v 0.110703 -0.320718 -0.209473
v 0.144682 -0.356570 -0.234965
v 0.175053 -0.381913 -0.252984
v 0.202895 -0.401487 -0.266901
v 0.230276 -0.417726 -0.278447
v 0.257614 -0.429811 -0.287040
v 0.279844 -0.439861 -0.294185
v 0.296762 -0.447071 -0.299312
v 0.309427 -0.451303 -0.302321
v 0.323030 -0.388115 -0.346309
v 0.331477 -0.415075 -0.321891
v 0.308242 -0.359897 -0.366416
v 0.289125 -0.330577 -0.380778
v 0.264142 -0.302743 -0.389883
v 0.237569 -0.275331 -0.391864
v 0.209881 -0.249746 -0.386894
v 0.180157 -0.223754 -0.372878
v 0.144518 -0.188320 -0.343219
v 0.112921 -0.153866 -0.305500
v 0.085776 -0.125604 -0.263934
v 0.059399 -0.100756 -0.217371
v 0.035595 -0.084436 -0.170558
v 0.016864 -0.073951 -0.122933
v -0.001815 -0.070336 -0.076776
v 0.327099 -0.432579 -0.304118
v 0.328763 -0.424166 -0.313245
v 0.314874 -0.422171 -0.311246
v 0.320199 -0.404340 -0.328207
v 0.297937 -0.408350 -0.314809
v 0.303262 -0.384012 -0.340533
v 0.276404 -0.391991 -0.314914
v 0.281729 -0.361951 -0.348320
v 0.251422 -0.373518 -0.311412
v 0.256746 -0.338798 -0.351121
v 0.224849 -0.353062 -0.304024
v 0.230174 -0.314863 -0.348418
v 0.197161 -0.331760 -0.293285
v 0.202486 -0.291420 -0.340564
v 0.167436 -0.307214 -0.277321
v 0.300441 -0.364921 -0.369988
v 0.281324 -0.335601 -0.384350
v 0.256342 -0.307767 -0.393455
v 0.229769 -0.280355 -0.395436
v 0.202081 -0.254770 -0.390466
v 0.172356 -0.228778 -0.376450
v 0.136717 -0.193344 -0.346791
v 0.105121 -0.158890 -0.309072
v 0.077975 -0.130628 -0.267506
v 0.051598 -0.105780 -0.220943
v 0.027794 -0.089460 -0.174130
v 0.009064 -0.078975 -0.126506
v -0.009615 -0.075360 -0.080348
v 0.172761 -0.266151 -0.325573
v 0.131797 -0.270334 -0.249610
v 0.137122 -0.229994 -0.296889
v 0.100200 -0.231597 -0.217660
v 0.105525 -0.193398 -0.262054
v 0.073055 -0.196380 -0.185463
v 0.078380 -0.161659 -0.225173
v 0.046678 -0.162171 -0.151508
v 0.052003 -0.132130 -0.184914
v 0.025378 -0.132833 -0.118912
v 0.030703 -0.108495 -0.144636
v 0.007720 -0.108644 -0.088323
v 0.013045 -0.090813 -0.105284
v -0.007740 -0.088836 -0.059710
v -0.002415 -0.078065 -0.067161
v 0.307429 -0.398163 -0.353453
v 0.315876 -0.425123 -0.329036
v 0.292641 -0.369945 -0.373560
v 0.273523 -0.340625 -0.387922
v 0.248541 -0.312791 -0.397027
v 0.221968 -0.285379 -0.399008
v 0.194280 -0.259794 -0.394038
v 0.164556 -0.233802 -0.380022
v 0.128917 -0.198368 -0.350363
v 0.097320 -0.163914 -0.312644
v 0.070174 -0.135652 -0.271078
v 0.043798 -0.110804 -0.224515
v 0.019994 -0.094484 -0.177702
v 0.001263 -0.084000 -0.130078
v -0.017416 -0.080384 -0.083920
v 0.311498 -0.442627 -0.311262
v 0.313161 -0.434214 -0.320390
v 0.299273 -0.432219 -0.318391
v 0.304598 -0.414388 -0.335351
v 0.282336 -0.418398 -0.321954
v 0.287661 -0.394060 -0.347678
v 0.260803 -0.402039 -0.322059
v 0.266128 -0.371999 -0.355464
v 0.235820 -0.383566 -0.318556
v 0.241145 -0.348846 -0.358266
v 0.209247 -0.363110 -0.311168
v 0.214572 -0.324911 -0.355562
v 0.181559 -0.341808 -0.300429
v 0.186884 -0.301468 -0.347708
v 0.151835 -0.317262 -0.284465
v 0.157160 -0.276199 -0.332718
v 0.116196 -0.280382 -0.256754
v 0.121521 -0.240042 -0.304033
v 0.084599 -0.241645 -0.224804
v 0.089924 -0.203446 -0.269199
v 0.057454 -0.206427 -0.192607
v 0.062778 -0.171707 -0.232317
v 0.031077 -0.172219 -0.158652
v 0.036402 -0.142178 -0.192058
v 0.009777 -0.142881 -0.126056
v 0.015102 -0.118543 -0.151780
v -0.007881 -0.118692 -0.095468
v -0.002556 -0.100861 -0.112428
v -0.023341 -0.098884 -0.066855
v -0.018016 -0.088113 -0.074306
v 0.323030 0.058762 -0.488405
v 0.331477 0.095239 -0.484159
v 0.308242 0.023857 -0.488440
v 0.289125 -0.008490 -0.483194
v 0.264142 -0.036477 -0.474549
v 0.237569 -0.059843 -0.460384
v 0.209882 -0.077557 -0.441646
v 0.180157 -0.090167 -0.415356
v 0.144518 -0.101020 -0.370979
v 0.112921 -0.106238 -0.320645
v 0.085776 -0.104138 -0.270760
v 0.059399 -0.096274 -0.218796
v 0.035595 -0.081360 -0.171536
v 0.016864 -0.061238 -0.126976
v -0.001815 -0.036440 -0.087554
v -0.012921 -0.006310 -0.059631
v 0.327099 0.120075 -0.479849
v 0.328763 0.107786 -0.482394
v 0.314874 0.107373 -0.479629
v 0.320199 0.082761 -0.483093
v 0.297937 0.094052 -0.474561
v 0.303262 0.058912 -0.481373
v 0.276404 0.080754 -0.465236
v 0.281729 0.036387 -0.474982
v 0.251422 0.067913 -0.451776
v 0.256747 0.015973 -0.463930
v 0.224849 0.055801 -0.434032
v 0.230174 -0.001766 -0.447975
v 0.197161 0.045017 -0.413091
v 0.202486 -0.016015 -0.428136
v 0.167436 0.034747 -0.386056
v 0.300441 0.025776 -0.494220
v 0.281324 -0.006571 -0.488973
v 0.256342 -0.034558 -0.480329
v 0.229769 -0.057924 -0.466164
v 0.202081 -0.075638 -0.447426
v 0.172356 -0.088248 -0.421135
v 0.136717 -0.099101 -0.376758
v 0.105121 -0.104319 -0.326425
v 0.077975 -0.102219 -0.276540
v 0.051598 -0.094355 -0.224576
v 0.027794 -0.079441 -0.177316
v 0.009064 -0.059319 -0.132756
v -0.009615 -0.034521 -0.093334
v -0.020722 -0.004391 -0.065411
v 0.172761 -0.027455 -0.401473
v 0.131797 0.021554 -0.342423
v 0.137122 -0.039478 -0.357468
v 0.100201 0.009405 -0.294293
v 0.105525 -0.048162 -0.308236
v 0.073055 0.000252 -0.247987
v 0.078380 -0.051688 -0.260141
v 0.046678 -0.007029 -0.200839
v 0.052003 -0.051397 -0.210585
v 0.025378 -0.011186 -0.157592
v 0.030703 -0.046326 -0.164404
v 0.007720 -0.012383 -0.118932
v 0.013045 -0.036996 -0.122396
v -0.007740 -0.011223 -0.084390
v -0.002415 -0.024412 -0.084221
v -0.007407 0.001546 -0.083290
v 0.006361 0.011587 -0.113535
v 0.024259 0.023345 -0.148947
v 0.045187 0.036848 -0.189618
v 0.068733 0.051965 -0.235148
v 0.095052 0.067251 -0.281188
v 0.126304 0.082585 -0.327374
v 0.160284 0.096280 -0.368621
v 0.190654 0.105960 -0.397776
v 0.218496 0.113436 -0.420295
v 0.245878 0.119639 -0.438978
v 0.273215 0.124255 -0.452880
v 0.295445 0.128094 -0.464442
v 0.312363 0.130848 -0.472737
v 0.325028 0.132464 -0.477606
v 0.307429 0.062600 -0.499965
v 0.315876 0.099077 -0.495719
v 0.292641 0.027695 -0.500000
v 0.273523 -0.004652 -0.494753
v 0.248541 -0.032639 -0.486109
v 0.221968 -0.056005 -0.471944
v 0.194280 -0.073719 -0.453206
v 0.164556 -0.086329 -0.426915
v 0.128917 -0.097182 -0.382538
v 0.097320 -0.102400 -0.332204
v 0.070174 -0.100300 -0.282320
v 0.043798 -0.092436 -0.230356
v 0.019994 -0.077522 -0.183096
v 0.001263 -0.057400 -0.138536
v -0.017416 -0.032602 -0.099114
v -0.028523 -0.002472 -0.071191
v 0.311498 0.123913 -0.491408
v 0.313161 0.111625 -0.493953
v 0.299273 0.111211 -0.491189
v 0.304598 0.086599 -0.494653
v 0.282336 0.097890 -0.486121
v 0.287661 0.062750 -0.492933
v 0.260803 0.084592 -0.476796
v 0.266128 0.040225 -0.486542
v 0.235820 0.071751 -0.463336
v 0.241145 0.019811 -0.475490
v 0.209247 0.059639 -0.445592
v 0.214572 0.002072 -0.459535
v 0.181559 0.048855 -0.424651
v 0.186884 -0.012177 -0.439695
v 0.151835 0.038585 -0.397616
v 0.157160 -0.023617 -0.413033
v 0.116196 0.025392 -0.353983
v 0.121521 -0.035640 -0.369028
v 0.084599 0.013243 -0.305853
v 0.089924 -0.044324 -0.319796
v 0.057454 0.004090 -0.259547
v 0.062779 -0.047850 -0.271701
v 0.031077 -0.003191 -0.212399
v 0.036402 -0.047559 -0.222145
v 0.009777 -0.007348 -0.169152
v 0.015102 -0.042488 -0.175964
v -0.007881 -0.008545 -0.130492
v -0.002556 -0.033158 -0.133956
v -0.023341 -0.007385 -0.095949
v -0.018016 -0.020574 -0.095781
v -0.023008 0.005384 -0.094850
v -0.009240 0.015425 -0.125095
v 0.008658 0.027183 -0.160507
v 0.029585 0.040686 -0.201178
v 0.053132 0.055803 -0.246708
v 0.079450 0.071089 -0.292748
v 0.110703 0.086423 -0.338934
v 0.144682 0.100118 -0.380181
v 0.175053 0.109798 -0.409336
v 0.202895 0.117274 -0.431855
v 0.230276 0.123477 -0.450537
v 0.257614 0.128093 -0.464440
v 0.279844 0.131932 -0.476002
v 0.296762 0.134686 -0.484297
v 0.309427 0.136302 -0.489165
v 0.323030 0.198577 -0.443947
v 0.331477 0.166516 -0.461495
v 0.308242 0.226837 -0.423897
v 0.289125 0.249855 -0.401046
v 0.264142 0.267304 -0.377954
v 0.237569 0.277700 -0.353053
v 0.209881 0.280777 -0.327704
v 0.180157 0.275188 -0.299181
v 0.144518 0.257314 -0.257037
v 0.112921 0.231305 -0.213314
v 0.085776 0.199643 -0.174165
v 0.059399 0.162071 -0.136649
v 0.035595 0.121620 -0.106994
v 0.016864 0.078577 -0.082518
v -0.001815 0.034837 -0.064890
v 0.327099 0.143834 -0.472294
v 0.328763 0.155305 -0.467284
v 0.314874 0.153978 -0.464810
v 0.320199 0.175971 -0.453455
v 0.297937 0.161712 -0.453047
v 0.303262 0.194232 -0.438344
v 0.276404 0.166869 -0.437854
v 0.281729 0.208617 -0.420217
v 0.251422 0.169173 -0.419578
v 0.256746 0.218494 -0.399533
v 0.224849 0.168315 -0.398255
v 0.230174 0.223262 -0.376422
v 0.197161 0.164462 -0.375110
v 0.202486 0.222874 -0.352174
v 0.167436 0.156532 -0.347331
v 0.300441 0.228756 -0.429677
v 0.281324 0.251774 -0.406826
v 0.256342 0.269223 -0.383734
v 0.229769 0.279619 -0.358833
v 0.202081 0.282696 -0.333484
v 0.172356 0.277107 -0.304961
v 0.136717 0.259233 -0.262817
v 0.105121 0.233224 -0.219094
v 0.077975 0.201562 -0.179945
v 0.051598 0.163990 -0.142429
v 0.027794 0.123539 -0.112773
v 0.009064 0.080496 -0.088298
v -0.009615 0.036756 -0.070670
v 0.172761 0.216115 -0.324024
v 0.131797 0.140999 -0.304443
v 0.137122 0.199411 -0.281507
v 0.100201 0.121920 -0.258516
v 0.105525 0.176867 -0.236682
v 0.073055 0.101512 -0.215789
v 0.078380 0.150833 -0.195744
v 0.046678 0.079085 -0.173457
v 0.052003 0.120833 -0.155820
v 0.025378 0.056474 -0.136078
v 0.030703 0.088994 -0.121375
v 0.007720 0.034222 -0.104113
v 0.013045 0.056214 -0.092758
v -0.007740 0.012536 -0.076835
v -0.002415 0.023106 -0.069112
v 0.307429 0.202415 -0.455507
v 0.315876 0.170354 -0.473055
v 0.292641 0.230675 -0.435457
v 0.273523 0.253693 -0.412606
v 0.248541 0.271142 -0.389514
v 0.221968 0.281538 -0.364613
v 0.194280 0.284615 -0.339264
v 0.164556 0.279026 -0.310741
v 0.128917 0.261152 -0.268597
v 0.097320 0.235143 -0.224874
v 0.070174 0.203481 -0.185725
v 0.043798 0.165909 -0.148209
v 0.019994 0.125458 -0.118553
v 0.001263 0.082415 -0.094078
v -0.017416 0.038675 -0.076449
v 0.311498 0.147672 -0.483854
v 0.313161 0.159143 -0.478844
v 0.299273 0.157816 -0.476369
v 0.304598 0.179809 -0.465014
v 0.282336 0.165550 -0.464607
v 0.287661 0.198070 -0.449904
v 0.260803 0.170707 -0.449414
v 0.266128 0.212455 -0.431777
v 0.235820 0.173011 -0.431138
v 0.241145 0.222332 -0.411093
v 0.209247 0.172153 -0.409815
v 0.214572 0.227100 -0.387981
v 0.181560 0.168300 -0.386670
v 0.186884 0.226712 -0.363734
v 0.151835 0.160370 -0.358891
v 0.157160 0.219953 -0.335583
v 0.116196 0.144837 -0.316002
v 0.121521 0.203249 -0.293067
v 0.084599 0.125758 -0.270076
v 0.089924 0.180705 -0.248242
v 0.057454 0.105350 -0.227348
v 0.062779 0.154671 -0.207304
v 0.031077 0.082923 -0.185017
v 0.036402 0.124671 -0.167380
v 0.009777 0.060312 -0.147638
v 0.015102 0.092832 -0.132935
v -0.007881 0.038060 -0.115672
v -0.002556 0.060052 -0.104317
v -0.023341 0.016374 -0.088394
v -0.018016 0.026944 -0.080672
v 0.315229 0.480972 -0.071934
v 0.323677 0.488118 -0.036672
v 0.315229 0.480972 0.071934
v 0.323677 0.488118 0.036672
v 0.315229 0.200496 0.449727
v 0.323677 0.168435 0.467275
v 0.315229 0.060681 0.494185
v 0.323677 0.097158 0.489939
v 0.315229 -0.393139 0.349881
v 0.323677 -0.420099 0.325464
v 0.315229 -0.479549 0.233489
v 0.323677 -0.464151 0.266127
v 0.315229 -0.479549 -0.233489
v 0.323677 -0.464151 -0.266127
v 0.315229 -0.393139 -0.349881
v 0.323677 -0.420099 -0.325464
v 0.315229 0.060681 -0.494185
v 0.323677 0.097158 -0.489939
v 0.315229 0.200496 -0.449727
v 0.323677 0.168435 -0.467275
vn 0.5953 0.7477 -0.2941
vn 0.5475 0.6877 -0.4767
vn 0.4786 0.6012 -0.6398
vn 0.3917 0.4920 -0.7775
vn 0.2903 0.3647 -0.8847
vn 0.1784 0.2241 -0.9581
vn 0.0539 0.0678 -0.9962
vn -0.0383 -0.0482 -0.9981
vn -0.1107 -0.1391 -0.9841
vn -0.1897 -0.2383 -0.9525
vn -0.2473 -0.3106 -0.9178
vn -0.3220 -0.4045 -0.8559
vn -0.3887 -0.4883 -0.7813
vn -0.4382 -0.5505 -0.7106
vn -0.5413 -0.6800 -0.4945
vn 0.3750 -0.9082 0.1860
vn 0.2012 -0.9706 0.1325
vn 0.2885 -0.9495 0.1233
vn 0.4650 -0.8826 0.0692
vn 0.3360 -0.9119 0.2358
vn 0.3370 -0.9288 0.1540
vn 0.4205 -0.8876 0.1881
vn 0.4560 -0.8724 0.1760
vn 0.4871 -0.8718 0.0520
vn 0.4786 -0.8758 0.0628
vn 0.5269 -0.8377 0.1435
vn 0.4476 -0.8793 0.1629
vn 0.5486 -0.8218 0.1537
vn 0.5979 -0.7917 0.1255
vn 0.5977 -0.7917 0.1266
vn 0.6092 -0.7791 0.1480
vn 0.6372 -0.7622 0.1144
vn 0.6505 -0.7485 0.1291
vn 0.6869 -0.7115 0.1479
vn 0.6973 -0.7084 0.1093
vn 0.7140 -0.6923 0.1044
vn 0.7903 -0.5943 0.1491
vn 0.7901 -0.6030 0.1101
vn 0.7886 -0.6046 0.1122
vn 0.8522 -0.5010 0.1506
vn 0.8458 -0.5207 0.1159
vn 0.8399 -0.5289 0.1217
vn 0.8823 -0.4434 0.1578
vn 0.8691 -0.4778 0.1277
vn 0.8780 -0.4671 0.1042
vn 0.8965 -0.4076 0.1733
vn 0.8769 -0.4570 0.1491
vn 0.8996 -0.4330 0.0562
vn 0.9024 -0.3811 0.2013
vn 0.8972 -0.4005 0.1860
vn 0.9004 -0.4312 0.0570
vn 0.9312 -0.3239 0.1671
vn 0.9015 -0.3450 0.2612
vn 0.9013 -0.4240 0.0893
vn 0.9202 -0.3423 0.1900
vn 0.8576 -0.2378 0.4561
vn 0.9187 -0.3892 0.0666
vn 0.9770 -0.2119 0.0233
vn 0.9174 0.0049 0.3979
vn 0.8987 -0.4343 0.0611
vn 0.5953 0.7478 -0.2941
vn 0.5475 0.6878 -0.4767
vn 0.6228 0.7824 -0.0000
vn -0.2758 0.9599 -0.0512
vn -0.2010 0.9560 -0.2136
vn -0.2009 0.9560 -0.2137
vn -0.4455 0.8939 -0.0495
vn -0.3360 0.9119 -0.2358
vn -0.3370 0.9288 -0.1540
vn -0.4205 0.8876 -0.1881
vn -0.4263 0.8942 -0.1368
vn -0.5001 0.8636 -0.0640
vn -0.5355 0.8368 -0.1139
vn -0.5068 0.8535 -0.1212
vn -0.4682 0.8623 -0.1928
vn -0.5636 0.8081 -0.1713
vn -0.5979 0.7917 -0.1255
vn -0.5977 0.7917 -0.1266
vn -0.6092 0.7791 -0.1480
vn -0.6301 0.7690 -0.1076
vn -0.6369 0.7621 -0.1164
vn -0.6895 0.7084 -0.1508
vn -0.6973 0.7084 -0.1093
vn -0.6963 0.7078 -0.1192
vn -0.7903 0.5943 -0.1491
vn -0.7901 0.6030 -0.1101
vn -0.7886 0.6046 -0.1122
vn -0.8522 0.5010 -0.1506
vn -0.8458 0.5207 -0.1159
vn -0.8399 0.5289 -0.1217
vn -0.8823 0.4434 -0.1578
vn -0.8756 0.4691 -0.1149
vn -0.8696 0.4790 -0.1199
vn -0.8965 0.4076 -0.1733
vn -0.8769 0.4570 -0.1491
vn -0.8996 0.4330 -0.0562
vn -0.9024 0.3811 -0.2013
vn -0.8972 0.4005 -0.1860
vn -0.9004 0.4312 -0.0570
vn -0.9312 0.3239 -0.1671
vn -0.9015 0.3450 -0.2612
vn -0.9013 0.4240 -0.0893
vn -0.9202 0.3423 -0.1900
vn -0.8576 0.2378 -0.4561
vn -0.9187 0.3892 -0.0666
vn -0.9770 0.2119 -0.0233
vn -0.9174 -0.0049 -0.3979
vn -0.8987 0.4343 -0.0611
vn 0.5953 0.7478 0.2941
vn 0.5475 0.6877 0.4767
vn 0.4786 0.6012 0.6398
vn 0.3917 0.4920 0.7775
vn 0.2903 0.3647 0.8847
vn 0.1784 0.2241 0.9581
vn 0.0539 0.0678 0.9962
vn -0.0383 -0.0482 0.9981
vn -0.1107 -0.1391 0.9841
vn -0.1897 -0.2383 0.9525
vn -0.2473 -0.3106 0.9178
vn -0.3220 -0.4045 0.8559
vn -0.3887 -0.4883 0.7813
vn -0.4382 -0.5505 0.7106
vn -0.5413 -0.6800 0.4945
vn 0.2758 -0.9599 -0.0512
vn 0.2010 -0.9560 -0.2136
vn 0.2009 -0.9560 -0.2137
vn 0.4455 -0.8939 -0.0495
vn 0.3360 -0.9119 -0.2358
vn 0.3370 -0.9288 -0.1540
vn 0.4205 -0.8876 -0.1881
vn 0.4263 -0.8942 -0.1368
vn 0.5001 -0.8636 -0.0640
vn 0.5355 -0.8368 -0.1139
vn 0.5068 -0.8535 -0.1212
vn 0.4682 -0.8623 -0.1928
vn 0.5636 -0.8081 -0.1713
vn 0.5979 -0.7917 -0.1255
vn 0.5977 -0.7917 -0.1266
vn 0.6092 -0.7791 -0.1480
vn 0.6301 -0.7690 -0.1076
vn 0.6369 -0.7621 -0.1164
vn 0.6895 -0.7084 -0.1508
vn 0.6973 -0.7084 -0.1093
vn 0.6963 -0.7078 -0.1192
vn 0.7903 -0.5943 -0.1491
vn 0.7901 -0.6030 -0.1101
vn 0.7886 -0.6046 -0.1122
vn 0.8522 -0.5010 -0.1506
vn 0.8458 -0.5207 -0.1159
vn 0.8399 -0.5289 -0.1217
vn 0.8823 -0.4434 -0.1578
vn 0.8756 -0.4691 -0.1149
vn 0.8696 -0.4790 -0.1199
vn 0.8965 -0.4076 -0.1733
vn 0.8769 -0.4570 -0.1491
vn 0.8996 -0.4330 -0.0562
vn 0.9024 -0.3811 -0.2013
vn 0.8972 -0.4005 -0.1860
vn 0.9004 -0.4312 -0.0570
vn 0.9312 -0.3239 -0.1671
vn 0.9015 -0.3450 -0.2612
vn 0.9013 -0.4240 -0.0893
vn 0.9202 -0.3423 -0.1900
vn 0.8576 -0.2378 -0.4561
vn 0.9187 -0.3892 -0.0666
vn 0.9770 -0.2119 -0.0233
vn 0.9174 0.0049 -0.3979
vn 0.8987 -0.4343 -0.0611
vn 0.5475 0.6878 0.4767
vn -0.3750 0.9082 0.1860
vn -0.2012 0.9706 0.1325
vn -0.2885 0.9495 0.1233
vn -0.4650 0.8826 0.0692
vn -0.3360 0.9119 0.2358
vn -0.3370 0.9288 0.1540
vn -0.4205 0.8876 0.1881
vn -0.4560 0.8724 0.1760
vn -0.4871 0.8718 0.0520
vn -0.4786 0.8758 0.0628
vn -0.5269 0.8377 0.1435
vn -0.4476 0.8793 0.1629
vn -0.5486 0.8218 0.1537
vn -0.5979 0.7917 0.1255
vn -0.5977 0.7917 0.1266
vn -0.6092 0.7791 0.1480
vn -0.6372 0.7622 0.1144
vn -0.6505 0.7485 0.1291
vn -0.6869 0.7115 0.1479
vn -0.6973 0.7084 0.1093
vn -0.7140 0.6923 0.1044
vn -0.7903 0.5943 0.1491
vn -0.7901 0.6030 0.1101
vn -0.7886 0.6046 0.1122
vn -0.8522 0.5010 0.1506
vn -0.8458 0.5207 0.1159
vn -0.8399 0.5289 0.1217
vn -0.8823 0.4434 0.1578
vn -0.8691 0.4778 0.1277
vn -0.8780 0.4671 0.1042
vn -0.8965 0.4076 0.1733
vn -0.8769 0.4570 0.1491
vn -0.8996 0.4330 0.0562
vn -0.9024 0.3811 0.2013
vn -0.8972 0.4005 0.1860
vn -0.9004 0.4312 0.0570
vn -0.9312 0.3239 0.1671
vn -0.9015 0.3450 0.2612
vn -0.9013 0.4240 0.0893
vn -0.9202 0.3423 0.1900
vn -0.8576 0.2378 0.4561
vn -0.9187 0.3892 0.0666
vn -0.9770 0.2119 0.0233
vn -0.9174 -0.0049 0.3979
vn -0.8987 0.4343 0.0611
vn 0.5913 0.5015 0.6316
vn 0.5470 0.6556 0.5206
vn 0.4813 0.7857 0.3887
vn 0.3963 0.8860 0.2407
vn 0.2952 0.9519 0.0824
vn 0.1820 0.9801 -0.0798
vn 0.0550 0.9675 -0.2469
vn -0.0391 0.9314 -0.3620
vn -0.1126 0.8876 -0.4466
vn -0.1923 0.8239 -0.5331
vn -0.2500 0.7664 -0.5918
vn -0.3241 0.6759 -0.6619
vn -0.3895 0.5775 -0.7175
vn -0.4376 0.4906 -0.7535
vn -0.5366 0.2479 -0.8066
vn 0.3700 -0.4477 -0.8140
vn 0.1979 -0.4163 -0.8874
vn 0.2839 -0.4017 -0.8706
vn 0.4583 -0.3323 -0.8243
vn 0.3317 -0.4950 -0.8031
vn 0.3320 -0.4241 -0.8426
vn 0.4152 -0.4437 -0.7942
vn 0.4504 -0.4280 -0.7836
vn 0.4802 -0.3133 -0.8193
vn 0.4717 -0.3244 -0.8199
vn 0.5207 -0.3877 -0.7606
vn 0.4418 -0.4179 -0.7938
vn 0.5424 -0.3925 -0.7427
vn 0.5915 -0.3576 -0.7227
vn 0.5912 -0.3586 -0.7224
vn 0.6031 -0.3746 -0.7042
vn 0.6308 -0.3386 -0.6982
vn 0.6443 -0.3481 -0.6810
vn 0.6812 -0.3546 -0.6404
vn 0.6913 -0.3178 -0.6490
vn 0.7081 -0.3085 -0.6352
vn 0.7859 -0.3207 -0.5286
vn 0.7853 -0.2870 -0.5486
vn 0.7837 -0.2894 -0.5495
vn 0.8492 -0.2939 -0.4388
vn 0.8421 -0.2676 -0.4682
vn 0.8361 -0.2755 -0.4743
vn 0.8801 -0.2832 -0.3812
vn 0.8661 -0.2656 -0.4234
vn 0.8749 -0.2405 -0.4203
vn 0.8949 -0.2868 -0.3420
vn 0.8744 -0.2792 -0.3969
vn 0.8966 -0.1855 -0.4021
vn 0.9013 -0.3047 -0.3078
vn 0.8958 -0.2964 -0.3312
vn 0.8974 -0.1857 -0.4001
vn 0.9304 -0.2554 -0.2629
vn 0.9016 -0.3497 -0.2546
vn 0.8986 -0.2135 -0.3833
vn 0.9194 -0.2823 -0.2737
vn 0.8612 -0.5001 -0.0906
vn 0.9163 -0.1818 -0.3568
vn 0.9762 -0.0871 -0.1986
vn 0.9202 -0.3700 0.1281
vn 0.8957 -0.1904 -0.4018
vn -0.1923 0.8240 -0.5330
vn 0.6153 0.2389 0.7512
vn -0.2710 0.3383 0.9012
vn -0.1981 0.4871 0.8506
vn -0.1980 0.4871 0.8506
vn -0.4388 0.3175 0.8406
vn -0.3317 0.4950 0.8031
vn -0.3320 0.4241 0.8426
vn -0.4151 0.4437 0.7942
vn -0.4204 0.3981 0.8153
vn -0.4932 0.3219 0.8082
vn -0.5289 0.3602 0.7684
vn -0.5004 0.3718 0.7819
vn -0.4627 0.4406 0.7693
vn -0.5576 0.4049 0.7247
vn -0.5915 0.3576 0.7227
vn -0.5912 0.3586 0.7224
vn -0.6031 0.3746 0.7042
vn -0.6236 0.3343 0.7067
vn -0.6305 0.3404 0.6976
vn -0.6839 0.3564 0.6366
vn -0.6913 0.3178 0.6490
vn -0.6904 0.3268 0.6454
vn -0.7859 0.3207 0.5286
vn -0.7853 0.2870 0.5486
vn -0.7837 0.2894 0.5495
vn -0.8492 0.2939 0.4388
vn -0.8421 0.2676 0.4682
vn -0.8361 0.2755 0.4743
vn -0.8801 0.2832 0.3812
vn -0.8726 0.2510 0.4190
vn -0.8665 0.2587 0.4270
vn -0.8949 0.2868 0.3420
vn -0.8744 0.2792 0.3969
vn -0.8966 0.1855 0.4021
vn -0.9013 0.3047 0.3078
vn -0.8958 0.2964 0.3312
vn -0.8974 0.1857 0.4001
vn -0.9304 0.2554 0.2629
vn -0.9016 0.3497 0.2546
vn -0.8986 0.2135 0.3833
vn -0.9194 0.2823 0.2737
vn -0.8612 0.5001 0.0906
vn -0.9163 0.1818 0.3568
vn -0.9762 0.0871 0.1986
vn -0.9202 0.3700 -0.1281
vn -0.8957 0.1904 0.4018
vn 0.6154 0.2389 0.7512
vn 0.5881 -0.0422 0.8077
vn 0.5425 -0.2290 0.8082
vn 0.4766 -0.4080 0.7787
vn 0.3924 -0.5726 0.7198
vn 0.2927 -0.7167 0.6330
vn 0.1809 -0.8341 0.5211
vn 0.0549 -0.9231 0.3806
vn -0.0391 -0.9629 0.2669
vn -0.1130 -0.9785 0.1724
vn -0.1934 -0.9790 0.0640
vn -0.2518 -0.9676 -0.0186
vn -0.3270 -0.9359 -0.1306
vn -0.3934 -0.8886 -0.2359
vn -0.4420 -0.8387 -0.3181
vn -0.5412 -0.6702 -0.5079
vn 0.2707 -0.2444 -0.9311
vn 0.1971 -0.0947 -0.9758
vn 0.1970 -0.0947 -0.9758
vn 0.4384 -0.2265 -0.8698
vn 0.3300 -0.0612 -0.9420
vn 0.3309 -0.1411 -0.9331
vn 0.4135 -0.0975 -0.9053
vn 0.4192 -0.1465 -0.8960
vn 0.4925 -0.2042 -0.8460
vn 0.5277 -0.1503 -0.8360
vn 0.4991 -0.1486 -0.8537
vn 0.4608 -0.0857 -0.8834
vn 0.5557 -0.0890 -0.8266
vn 0.5900 -0.1261 -0.7975
vn 0.5898 -0.1251 -0.7978
vn 0.6014 -0.1017 -0.7925
vn 0.6223 -0.1357 -0.7709
vn 0.6291 -0.1256 -0.7671
vn 0.6821 -0.0777 -0.7271
vn 0.6899 -0.1159 -0.7145
vn 0.6889 -0.1066 -0.7170
vn 0.7842 -0.0445 -0.6189
vn 0.7840 -0.0832 -0.6152
vn 0.7824 -0.0818 -0.6174
vn 0.8475 -0.0146 -0.5305
vn 0.8408 -0.0527 -0.5387
vn 0.8348 -0.0499 -0.5483
vn 0.8785 0.0098 -0.4776
vn 0.8714 -0.0378 -0.4891
vn 0.8652 -0.0363 -0.5001
vn 0.8933 0.0352 -0.4481
vn 0.8729 -0.0024 -0.4879
vn 0.8961 -0.0812 -0.4365
vn 0.8996 0.0693 -0.4312
vn 0.8941 0.0492 -0.4451
vn 0.8969 -0.0798 -0.4350
vn 0.9291 0.0553 -0.3656
vn 0.8995 0.1362 -0.4151
vn 0.8977 -0.0477 -0.4379
vn 0.9179 0.0709 -0.3904
vn 0.8589 0.3515 -0.3726
vn 0.9157 -0.0581 -0.3976
vn 0.9761 -0.0438 -0.2130
vn 0.9202 0.3730 -0.1186
vn 0.8951 -0.0770 -0.4391
vn -0.3685 0.1056 0.9236
vn -0.1972 0.1731 0.9649
vn -0.2831 0.1753 0.9429
vn -0.4576 0.2050 0.8652
vn -0.3300 0.0612 0.9420
vn -0.3309 0.1411 0.9331
vn -0.4134 0.0975 0.9053
vn -0.4487 0.1041 0.8876
vn -0.4797 0.2176 0.8500
vn -0.4711 0.2089 0.8570
vn -0.5191 0.1235 0.8457
vn -0.4403 0.1181 0.8901
vn -0.5408 0.1093 0.8340
vn -0.5900 0.1261 0.7975
vn -0.5898 0.1251 0.7978
vn -0.6014 0.1017 0.7925
vn -0.6294 0.1274 0.7666
vn -0.6427 0.1099 0.7582
vn -0.6795 0.0813 0.7292
vn -0.6899 0.1159 0.7145
vn -0.7068 0.1156 0.6979
vn -0.7842 0.0445 0.6189
vn -0.7840 0.0832 0.6152
vn -0.7824 0.0818 0.6174
vn -0.8475 0.0146 0.5305
vn -0.8408 0.0527 0.5387
vn -0.8348 0.0499 0.5483
vn -0.8785 -0.0098 0.4776
vn -0.8648 0.0286 0.5013
vn -0.8739 0.0471 0.4839
vn -0.8933 -0.0352 0.4481
vn -0.8729 0.0024 0.4879
vn -0.8961 0.0812 0.4365
vn -0.8996 -0.0694 0.4312
vn -0.8941 -0.0492 0.4451
vn -0.8969 0.0799 0.4350
vn -0.9291 -0.0553 0.3656
vn -0.8995 -0.1362 0.4151
vn -0.8978 0.0477 0.4379
vn -0.9179 -0.0709 0.3904
vn -0.8589 -0.3515 0.3726
vn -0.9157 0.0581 0.3976
vn -0.9761 0.0438 0.2130
vn -0.9202 -0.3730 0.1186
vn -0.8951 0.0770 0.4391
vn 0.5905 -0.4322 0.6815
vn 0.5428 -0.2798 0.7919
vn 0.4750 -0.1175 0.8721
vn 0.3897 0.0489 0.9197
vn 0.2898 0.2135 0.9330
vn 0.1788 0.3705 0.9115
vn 0.0543 0.5213 0.8516
vn -0.0387 0.6182 0.7851
vn -0.1118 0.6853 0.7196
vn -0.1918 0.7488 0.6344
vn -0.2501 0.7882 0.5623
vn -0.3257 0.8290 0.4546
vn -0.3929 0.8535 0.3424
vn -0.4424 0.8622 0.2466
vn -0.5442 0.8389 -0.0084
vn 0.3715 0.6218 -0.6894
vn 0.1992 0.7022 -0.6835
vn 0.2859 0.6909 -0.6640
vn 0.4617 0.6695 -0.5819
vn 0.3325 0.5959 -0.7309
vn 0.3338 0.6568 -0.6762
vn 0.4167 0.6043 -0.6791
vn 0.4521 0.5993 -0.6606
vn 0.4839 0.6709 -0.5619
vn 0.4753 0.6678 -0.5729
vn 0.5229 0.5907 -0.6145
vn 0.4438 0.6124 -0.6543
vn 0.5445 0.5722 -0.6133
vn 0.5939 0.5645 -0.5732
vn 0.5937 0.5639 -0.5741
vn 0.6051 0.5415 -0.5836
vn 0.6333 0.5474 -0.5470
vn 0.6465 0.5281 -0.5506
vn 0.6829 0.4877 -0.5439
vn 0.6936 0.5075 -0.5112
vn 0.7105 0.4975 -0.4977
vn 0.7868 0.3933 -0.4756
vn 0.7869 0.4228 -0.4494
vn 0.7854 0.4229 -0.4520
vn 0.8494 0.3177 -0.4214
vn 0.8431 0.3535 -0.4053
vn 0.8382 0.3630 -0.4071
vn 0.8799 0.2672 -0.3929
vn 0.8666 0.3122 -0.3892
vn 0.8758 0.3171 -0.3640
vn 0.8943 0.2295 -0.3841
vn 0.8744 0.2831 -0.3940
vn 0.8979 0.3174 -0.3050
vn 0.9002 0.1921 -0.3908
vn 0.8950 0.2164 -0.3900
vn 0.8987 0.3155 -0.3046
vn 0.9296 0.1656 -0.3292
vn 0.8995 0.1286 -0.4176
vn 0.8994 0.2910 -0.3262
vn 0.9184 0.1673 -0.3586
vn 0.8566 -0.0699 -0.5112
vn 0.9172 0.2761 -0.2872
vn 0.9766 0.1580 -0.1461
vn 0.9185 -0.2331 -0.3194
vn 0.8970 0.3156 -0.3097
vn 0.6199 -0.6300 0.4677
vn -0.2736 -0.7412 0.6130
vn -0.1988 -0.6436 0.7391
vn -0.4424 -0.6899 0.5729
vn -0.3325 -0.5959 0.7309
vn -0.3339 -0.6568 0.6762
vn -0.4167 -0.6043 0.6791
vn -0.4227 -0.6393 0.6423
vn -0.4967 -0.6574 0.5666
vn -0.5317 -0.6071 0.5905
vn -0.5030 -0.6161 0.6061
vn -0.4642 -0.5817 0.6680
vn -0.5593 -0.5510 0.6193
vn -0.5939 -0.5645 0.5732
vn -0.5937 -0.5639 0.5741
vn -0.6051 -0.5415 0.5836
vn -0.6263 -0.5568 0.5456
vn -0.6330 -0.5462 0.5485
vn -0.6855 -0.4835 0.5443
vn -0.6936 -0.5075 0.5112
vn -0.6926 -0.5013 0.5187
vn -0.7868 -0.3933 0.4756
vn -0.7869 -0.4228 0.4494
vn -0.7854 -0.4229 0.4520
vn -0.8494 -0.3177 0.4214
vn -0.8431 -0.3535 0.4053
vn -0.8427 -0.3498 0.4093
vn -0.8799 -0.2672 0.3929
vn -0.8733 -0.3126 0.3737
vn -0.8671 -0.3177 0.3836
vn -0.8943 -0.2295 0.3841
vn -0.8744 -0.2831 0.3940
vn -0.8979 -0.3174 0.3050
vn -0.9002 -0.1921 0.3908
vn -0.8950 -0.2164 0.3900
vn -0.8987 -0.3155 0.3046
vn -0.9296 -0.1656 0.3292
vn -0.8995 -0.1286 0.4176
vn -0.8994 -0.2910 0.3262
vn -0.9184 -0.1673 0.3586
vn -0.8566 0.0699 0.5112
vn -0.9172 -0.2761 0.2872
vn -0.9766 -0.1580 0.1461
vn -0.9185 0.2332 0.3194
vn -0.8970 -0.3156 0.3097
vn 0.5958 -0.7748 0.2113
vn 0.5502 -0.8346 0.0276
vn 0.4826 -0.8615 -0.1578
vn 0.3959 -0.8542 -0.3370
vn 0.2937 -0.8132 -0.5024
vn 0.1804 -0.7404 -0.6475
vn 0.0544 -0.6333 -0.7720
vn -0.0386 -0.5386 -0.8417
vn -0.1112 -0.4554 -0.8833
vn -0.1900 -0.3557 -0.9151
vn -0.2472 -0.2765 -0.9287
vn -0.3211 -0.1646 -0.9326
vn -0.3867 -0.0541 -0.9206
vn -0.4353 0.0364 -0.8995
vn -0.5367 0.2634 -0.8016
vn 0.2741 0.8012 -0.5319
vn 0.2005 0.8941 -0.4004
vn 0.2004 0.8942 -0.4004
vn 0.4432 0.7478 -0.4943
vn 0.3355 0.8721 -0.3564
vn 0.3358 0.8371 -0.4318
vn 0.4195 0.8244 -0.3800
vn 0.4249 0.7993 -0.4249
vn 0.4978 0.7322 -0.4649
vn 0.5338 0.7401 -0.4091
vn 0.5051 0.7577 -0.4132
vn 0.4673 0.8069 -0.3613
vn 0.5625 0.7509 -0.3461
vn 0.5963 0.7108 -0.3730
vn 0.5961 0.7114 -0.3721
vn 0.6080 0.7139 -0.3475
vn 0.6284 0.6822 -0.3738
vn 0.6499 0.6722 -0.3546
vn 0.6885 0.6589 -0.3030
vn 0.6958 0.6346 -0.3363
vn 0.6949 0.6399 -0.3280
vn 0.7897 0.5662 -0.2362
vn 0.7891 0.5504 -0.2728
vn 0.7875 0.5530 -0.2721
vn 0.8521 0.4919 -0.1791
vn 0.8452 0.4876 -0.2188
vn 0.8393 0.4976 -0.2191
vn 0.8824 0.4496 -0.1387
vn 0.8752 0.4454 -0.1887
vn 0.8692 0.4563 -0.1906
vn 0.8969 0.4297 -0.1046
vn 0.8769 0.4555 -0.1538
vn 0.8988 0.3823 -0.2144
vn 0.9031 0.4244 -0.0661
vn 0.8977 0.4312 -0.0901
vn 0.8996 0.3813 -0.2127
vn 0.9317 0.3583 -0.0594
vn 0.9028 0.4300 0.0041
vn 0.9008 0.3942 -0.1823
vn 0.9209 0.3864 -0.0519
vn 0.8605 0.4562 0.2269
vn 0.9182 0.3530 -0.1798
vn 0.9768 0.1848 -0.1084
vn 0.9184 0.2252 0.3252
vn 0.8979 0.3861 -0.2112
vn -0.3741 -0.8396 0.3940
vn -0.2003 -0.8576 0.4736
vn -0.2873 -0.8355 0.4685
vn -0.4628 -0.7504 0.4720
vn -0.3354 -0.8721 0.3564
vn -0.3358 -0.8371 0.4318
vn -0.4195 -0.8244 0.3800
vn -0.4549 -0.8051 0.3807
vn -0.4848 -0.7317 0.4792
vn -0.4763 -0.7412 0.4730
vn -0.5255 -0.7582 0.3860
vn -0.4464 -0.8028 0.3952
vn -0.5473 -0.7515 0.3684
vn -0.5963 -0.7108 0.3730
vn -0.5961 -0.7114 0.3721
vn -0.6080 -0.7139 0.3475
vn -0.6356 -0.6807 0.3643
vn -0.6499 -0.6722 0.3546
vn -0.6858 -0.6597 0.3072
vn -0.6958 -0.6346 0.3363
vn -0.7125 -0.6188 0.3307
vn -0.7897 -0.5662 0.2362
vn -0.7891 -0.5504 0.2728
vn -0.7875 -0.5530 0.2721
vn -0.8521 -0.4919 0.1791
vn -0.8452 -0.4876 0.2188
vn -0.8393 -0.4976 0.2191
vn -0.8824 -0.4496 0.1387
vn -0.8688 -0.4599 0.1836
vn -0.8775 -0.4376 0.1961
vn -0.8969 -0.4297 0.1046
vn -0.8769 -0.4555 0.1538
vn -0.8988 -0.3823 0.2144
vn -0.9031 -0.4244 0.0661
vn -0.8977 -0.4312 0.0901
vn -0.8996 -0.3813 0.2127
vn -0.9317 -0.3583 0.0594
vn -0.9028 -0.4300 -0.0041
vn -0.9008 -0.3942 0.1823
vn -0.9209 -0.3864 0.0519
vn -0.8605 -0.4562 -0.2269
vn -0.9182 -0.3530 0.1798
vn -0.9768 -0.1848 0.1084
vn -0.9184 -0.2252 -0.3252
vn -0.8979 -0.3861 0.2112
vn 0.5958 -0.7748 -0.2113
vn 0.5502 -0.8346 -0.0276
vn 0.4826 -0.8615 0.1578
vn 0.3959 -0.8542 0.3370
vn 0.2937 -0.8132 0.5024
vn 0.1804 -0.7404 0.6475
vn 0.0544 -0.6333 0.7720
vn -0.0386 -0.5386 0.8417
vn -0.1112 -0.4554 0.8833
vn -0.1900 -0.3557 0.9151
vn -0.2472 -0.2765 0.9287
vn -0.3211 -0.1646 0.9326
vn -0.3867 -0.0541 0.9206
vn -0.4353 0.0364 0.8995
vn -0.5367 0.2634 0.8016
vn 0.3741 0.8396 0.3940
vn 0.2003 0.8576 0.4736
vn 0.2873 0.8355 0.4685
vn 0.4628 0.7504 0.4720
vn 0.3355 0.8721 0.3564
vn 0.3358 0.8371 0.4318
vn 0.4195 0.8244 0.3800
vn 0.4549 0.8051 0.3807
vn 0.4848 0.7317 0.4792
vn 0.4763 0.7412 0.4730
vn 0.5255 0.7582 0.3860
vn 0.4464 0.8028 0.3952
vn 0.5473 0.7515 0.3684
vn 0.5963 0.7108 0.3730
vn 0.5961 0.7114 0.3721
vn 0.6080 0.7139 0.3475
vn 0.6356 0.6807 0.3643
vn 0.6499 0.6722 0.3546
vn 0.6858 0.6597 0.3072
vn 0.6958 0.6346 0.3363
vn 0.7125 0.6188 0.3307
vn 0.7897 0.5662 0.2362
vn 0.7891 0.5504 0.2728
vn 0.7875 0.5530 0.2721
vn 0.8521 0.4919 0.1791
vn 0.8452 0.4876 0.2188
vn 0.8393 0.4976 0.2191
vn 0.8824 0.4496 0.1387
vn 0.8688 0.4599 0.1836
vn 0.8775 0.4376 0.1961
vn 0.8969 0.4297 0.1046
vn 0.8769 0.4555 0.1538
vn 0.8988 0.3823 0.2144
vn 0.9031 0.4244 0.0661
vn 0.8977 0.4312 0.0901
vn 0.8996 0.3813 0.2127
vn 0.9317 0.3583 0.0594
vn 0.9028 0.4300 -0.0041
vn 0.9008 0.3942 0.1823
vn 0.9209 0.3864 0.0519
vn 0.8605 0.4562 -0.2269
vn 0.9182 0.3530 0.1798
vn 0.9768 0.1848 0.1084
vn 0.9184 0.2252 -0.3252
vn 0.8979 0.3861 0.2112
vn 0.6199 -0.6300 -0.4677
vn -0.2741 -0.8012 -0.5319
vn -0.2005 -0.8941 -0.4004
vn -0.2004 -0.8942 -0.4004
vn -0.4432 -0.7478 -0.4943
vn -0.3354 -0.8721 -0.3564
vn -0.3358 -0.8371 -0.4318
vn -0.4195 -0.8244 -0.3800
vn -0.4249 -0.7993 -0.4249
vn -0.4978 -0.7322 -0.4649
vn -0.5338 -0.7401 -0.4091
vn -0.5051 -0.7577 -0.4132
vn -0.4673 -0.8069 -0.3613
vn -0.5625 -0.7509 -0.3461
vn -0.5963 -0.7108 -0.3730
vn -0.5961 -0.7114 -0.3721
vn -0.6080 -0.7139 -0.3475
vn -0.6284 -0.6822 -0.3738
vn -0.6499 -0.6722 -0.3546
vn -0.6885 -0.6589 -0.3030
vn -0.6958 -0.6346 -0.3363
vn -0.6949 -0.6399 -0.3280
vn -0.7897 -0.5662 -0.2362
vn -0.7891 -0.5504 -0.2728
vn -0.7875 -0.5530 -0.2721
vn -0.8521 -0.4919 -0.1791
vn -0.8452 -0.4876 -0.2188
vn -0.8393 -0.4976 -0.2191
vn -0.8824 -0.4496 -0.1387
vn -0.8752 -0.4454 -0.1887
vn -0.8692 -0.4563 -0.1906
vn -0.8969 -0.4297 -0.1046
vn -0.8769 -0.4555 -0.1538
vn -0.8988 -0.3823 -0.2144
vn -0.9031 -0.4244 -0.0661
vn -0.8977 -0.4312 -0.0901
vn -0.8996 -0.3813 -0.2127
vn -0.9317 -0.3583 -0.0594
vn -0.9028 -0.4300 0.0041
vn -0.9008 -0.3942 -0.1823
vn -0.9209 -0.3864 -0.0519
vn -0.8605 -0.4562 0.2269
vn -0.9182 -0.3530 -0.1798
vn -0.9768 -0.1848 -0.1084
vn -0.9184 -0.2252 0.3252
vn -0.8979 -0.3861 -0.2112
vn 0.5905 -0.4322 -0.6815
vn 0.5428 -0.2798 -0.7919
vn 0.4750 -0.1175 -0.8721
vn 0.3897 0.0489 -0.9197
vn 0.2898 0.2135 -0.9330
vn 0.1788 0.3705 -0.9115
vn 0.0543 0.5213 -0.8516
vn -0.0387 0.6182 -0.7851
vn -0.1118 0.6853 -0.7196
vn -0.1918 0.7488 -0.6344
vn -0.2501 0.7882 -0.5623
vn -0.3257 0.8290 -0.4546
vn -0.3929 0.8535 -0.3424
vn -0.4424 0.8622 -0.2466
vn -0.5442 0.8389 0.0084
vn 0.2736 0.7412 0.6130
vn 0.1988 0.6436 0.7391
vn 0.4424 0.6899 0.5729
vn 0.3325 0.5959 0.7309
vn 0.3338 0.6568 0.6762
vn 0.4167 0.6043 0.6791
vn 0.4227 0.6393 0.6423
vn 0.4967 0.6574 0.5666
vn 0.5317 0.6071 0.5905
vn 0.5030 0.6161 0.6061
vn 0.4642 0.5817 0.6680
vn 0.5593 0.5510 0.6193
vn 0.5939 0.5645 0.5732
vn 0.5937 0.5639 0.5741
vn 0.6051 0.5415 0.5836
vn 0.6263 0.5568 0.5456
vn 0.6330 0.5462 0.5485
vn 0.6855 0.4835 0.5443
vn 0.6936 0.5075 0.5112
vn 0.6926 0.5013 0.5187
vn 0.7868 0.3933 0.4756
vn 0.7869 0.4228 0.4494
vn 0.7854 0.4229 0.4520
vn 0.8494 0.3177 0.4214
vn 0.8431 0.3535 0.4053
vn 0.8427 0.3498 0.4093
vn 0.8799 0.2672 0.3929
vn 0.8733 0.3126 0.3737
vn 0.8671 0.3177 0.3836
vn 0.8943 0.2295 0.3841
vn 0.8744 0.2831 0.3940
vn 0.8979 0.3174 0.3050
vn 0.9002 0.1921 0.3908
vn 0.8950 0.2164 0.3900
vn 0.8987 0.3155 0.3046
vn 0.9296 0.1656 0.3292
vn 0.8995 0.1286 0.4176
vn 0.8994 0.2910 0.3262
vn 0.9184 0.1673 0.3586
vn 0.8566 -0.0699 0.5112
vn 0.9172 0.2761 0.2872
vn 0.9766 0.1580 0.1461
vn 0.9185 -0.2331 0.3194
vn 0.8970 0.3156 0.3097
vn -0.3715 -0.6218 -0.6894
vn -0.1992 -0.7022 -0.6835
vn -0.2859 -0.6909 -0.6640
vn -0.4617 -0.6695 -0.5819
vn -0.3325 -0.5959 -0.7309
vn -0.3338 -0.6568 -0.6762
vn -0.4167 -0.6043 -0.6791
vn -0.4521 -0.5993 -0.6606
vn -0.4839 -0.6709 -0.5619
vn -0.4753 -0.6678 -0.5729
vn -0.5229 -0.5907 -0.6145
vn -0.4438 -0.6124 -0.6543
vn -0.5445 -0.5722 -0.6133
vn -0.5939 -0.5645 -0.5732
vn -0.5937 -0.5639 -0.5741
vn -0.6051 -0.5415 -0.5836
vn -0.6333 -0.5474 -0.5470
vn -0.6465 -0.5281 -0.5506
vn -0.6829 -0.4877 -0.5439
vn -0.6936 -0.5075 -0.5112
vn -0.7104 -0.4975 -0.4977
vn -0.7868 -0.3933 -0.4756
vn -0.7869 -0.4228 -0.4494
vn -0.7854 -0.4229 -0.4520
vn -0.8494 -0.3177 -0.4214
vn -0.8431 -0.3535 -0.4053
vn -0.8382 -0.3630 -0.4071
vn -0.8799 -0.2672 -0.3929
vn -0.8666 -0.3122 -0.3892
vn -0.8758 -0.3171 -0.3640
vn -0.8943 -0.2295 -0.3841
vn -0.8744 -0.2831 -0.3940
vn -0.8979 -0.3174 -0.3050
vn -0.9002 -0.1921 -0.3908
vn -0.8950 -0.2164 -0.3900
vn -0.8987 -0.3155 -0.3046
vn -0.9296 -0.1656 -0.3292
vn -0.8995 -0.1286 -0.4176
vn -0.8994 -0.2910 -0.3262
vn -0.9184 -0.1673 -0.3586
vn -0.8566 0.0699 -0.5112
vn -0.9172 -0.2761 -0.2872
vn -0.9766 -0.1580 -0.1461
vn -0.9185 0.2332 -0.3194
vn -0.8970 -0.3156 -0.3097
vn 0.5881 -0.0422 -0.8077
vn 0.5425 -0.2290 -0.8082
vn 0.4766 -0.4080 -0.7787
vn 0.3924 -0.5726 -0.7198
vn 0.2927 -0.7167 -0.6330
vn 0.1809 -0.8341 -0.5211
vn 0.0549 -0.9231 -0.3806
vn -0.0391 -0.9629 -0.2669
vn -0.1130 -0.9785 -0.1724
vn -0.1934 -0.9790 -0.0640
vn -0.2518 -0.9676 0.0186
vn -0.3270 -0.9359 0.1306
vn -0.3934 -0.8886 0.2359
vn -0.4420 -0.8387 0.3181
vn -0.5412 -0.6702 0.5079
vn 0.3685 -0.1056 0.9236
vn 0.1972 -0.1731 0.9649
vn 0.2831 -0.1753 0.9429
vn 0.4576 -0.2050 0.8652
vn 0.3300 -0.0612 0.9420
vn 0.3309 -0.1411 0.9331
vn 0.4134 -0.0975 0.9053
vn 0.4487 -0.1041 0.8876
vn 0.4797 -0.2176 0.8500
vn 0.4711 -0.2089 0.8570
vn 0.5191 -0.1235 0.8457
vn 0.4403 -0.1181 0.8901
vn 0.5408 -0.1093 0.8340
vn 0.5900 -0.1261 0.7975
vn 0.5898 -0.1251 0.7978
vn 0.6014 -0.1017 0.7925
vn 0.6294 -0.1274 0.7666
vn 0.6427 -0.1099 0.7582
vn 0.6795 -0.0813 0.7292
vn 0.6899 -0.1159 0.7145
vn 0.7068 -0.1156 0.6979
vn 0.7842 -0.0445 0.6189
vn 0.7840 -0.0832 0.6152
vn 0.7824 -0.0818 0.6174
vn 0.8475 -0.0146 0.5305
vn 0.8408 -0.0527 0.5387
vn 0.8348 -0.0499 0.5483
vn 0.8785 0.0098 0.4776
vn 0.8648 -0.0286 0.5013
vn 0.8739 -0.0471 0.4839
vn 0.8933 0.0352 0.4481
vn 0.8729 -0.0024 0.4879
vn 0.8961 -0.0812 0.4365
vn 0.8996 0.0693 0.4312
vn 0.8941 0.0492 0.4451
vn 0.8969 -0.0798 0.4350
vn 0.9291 0.0553 0.3656
vn 0.8995 0.1362 0.4151
vn 0.8977 -0.0477 0.4379
vn 0.9179 0.0709 0.3904
vn 0.8589 0.3515 0.3726
vn 0.9157 -0.0581 0.3976
vn 0.9761 -0.0438 0.2130
vn 0.9202 0.3730 0.1186
vn 0.8951 -0.0770 0.4391
vn 0.3925 -0.5726 -0.7198
vn 0.6154 0.2389 -0.7512
vn -0.2707 0.2444 -0.9311
vn -0.1971 0.0947 -0.9758
vn -0.1970 0.0947 -0.9758
vn -0.4384 0.2265 -0.8698
vn -0.3300 0.0612 -0.9420
vn -0.3309 0.1411 -0.9331
vn -0.4134 0.0975 -0.9053
vn -0.4192 0.1465 -0.8960
vn -0.4925 0.2042 -0.8460
vn -0.5277 0.1503 -0.8360
vn -0.4991 0.1486 -0.8537
vn -0.4608 0.0857 -0.8834
vn -0.5557 0.0890 -0.8266
vn -0.5900 0.1261 -0.7975
vn -0.5898 0.1251 -0.7978
vn -0.6014 0.1017 -0.7925
vn -0.6223 0.1357 -0.7709
vn -0.6291 0.1256 -0.7671
vn -0.6821 0.0777 -0.7271
vn -0.6899 0.1159 -0.7145
vn -0.6889 0.1066 -0.7170
vn -0.7842 0.0445 -0.6189
vn -0.7840 0.0832 -0.6152
vn -0.7824 0.0818 -0.6174
vn -0.8475 0.0146 -0.5305
vn -0.8408 0.0527 -0.5387
vn -0.8348 0.0499 -0.5483
vn -0.8785 -0.0098 -0.4776
vn -0.8714 0.0378 -0.4891
vn -0.8652 0.0363 -0.5001
vn -0.8933 -0.0352 -0.4481
vn -0.8729 0.0024 -0.4879
vn -0.8961 0.0812 -0.4365
vn -0.8996 -0.0693 -0.4312
vn -0.8941 -0.0492 -0.4451
vn -0.8969 0.0799 -0.4350
vn -0.9291 -0.0553 -0.3656
vn -0.8995 -0.1362 -0.4151
vn -0.8978 0.0477 -0.4379
vn -0.9179 -0.0709 -0.3904
vn -0.8589 -0.3515 -0.3726
vn -0.9157 0.0581 -0.3976
vn -0.9761 0.0438 -0.2130
vn -0.9202 -0.3730 -0.1186
vn -0.8951 0.0770 -0.4391
vn 0.5913 0.5015 -0.6316
vn 0.5470 0.6556 -0.5206
vn 0.4813 0.7857 -0.3887
vn 0.3963 0.8860 -0.2407
vn 0.2952 0.9519 -0.0824
vn 0.1820 0.9801 0.0798
vn 0.0550 0.9675 0.2469
vn -0.0391 0.9314 0.3620
vn -0.1126 0.8876 0.4466
vn -0.1923 0.8240 0.5330
vn -0.2500 0.7664 0.5918
vn -0.3241 0.6759 0.6619
vn -0.3895 0.5775 0.7175
vn -0.4376 0.4906 0.7535
vn -0.5366 0.2479 0.8066
vn 0.2710 -0.3383 0.9012
vn 0.1980 -0.4871 0.8506
vn 0.4388 -0.3175 0.8406
vn 0.3317 -0.4950 0.8031
vn 0.3320 -0.4241 0.8426
vn 0.4152 -0.4437 0.7942
vn 0.4204 -0.3981 0.8153
vn 0.4931 -0.3219 0.8082
vn 0.5289 -0.3602 0.7684
vn 0.5004 -0.3718 0.7819
vn 0.4627 -0.4406 0.7693
vn 0.5576 -0.4049 0.7247
vn 0.5915 -0.3576 0.7227
vn 0.5912 -0.3586 0.7224
vn 0.6031 -0.3746 0.7042
vn 0.6236 -0.3343 0.7067
vn 0.6305 -0.3404 0.6976
vn 0.6839 -0.3564 0.6366
vn 0.6913 -0.3178 0.6490
vn 0.6904 -0.3268 0.6454
vn 0.7859 -0.3207 0.5286
vn 0.7853 -0.2870 0.5486
vn 0.7837 -0.2894 0.5495
vn 0.8492 -0.2939 0.4388
vn 0.8421 -0.2676 0.4682
vn 0.8361 -0.2755 0.4743
vn 0.8801 -0.2832 0.3812
vn 0.8726 -0.2510 0.4190
vn 0.8665 -0.2587 0.4270
vn 0.8949 -0.2868 0.3420
vn 0.8744 -0.2792 0.3969
vn 0.8966 -0.1855 0.4021
vn 0.9013 -0.3047 0.3078
vn 0.8958 -0.2964 0.3312
vn 0.8974 -0.1857 0.4001
vn 0.9304 -0.2554 0.2629
vn 0.9016 -0.3497 0.2546
vn 0.8986 -0.2135 0.3833
vn 0.9194 -0.2823 0.2737
vn 0.8612 -0.5001 0.0906
vn 0.9163 -0.1818 0.3568
vn 0.9762 -0.0871 0.1986
vn 0.9202 -0.3700 -0.1281
vn 0.8957 -0.1904 0.4018
vn -0.1923 0.8239 0.5330
vn -0.3700 0.4477 -0.8140
vn -0.1979 0.4163 -0.8874
vn -0.2839 0.4017 -0.8706
vn -0.4583 0.3323 -0.8243
vn -0.3317 0.4950 -0.8031
vn -0.3320 0.4241 -0.8426
vn -0.4152 0.4437 -0.7942
vn -0.4504 0.4280 -0.7836
vn -0.4802 0.3133 -0.8193
vn -0.4717 0.3244 -0.8199
vn -0.5207 0.3877 -0.7606
vn -0.4418 0.4179 -0.7938
vn -0.5424 0.3925 -0.7427
vn -0.5915 0.3576 -0.7227
vn -0.5912 0.3586 -0.7224
vn -0.6031 0.3746 -0.7042
vn -0.6308 0.3386 -0.6982
vn -0.6443 0.3481 -0.6810
vn -0.6812 0.3546 -0.6404
vn -0.6913 0.3178 -0.6490
vn -0.7081 0.3085 -0.6352
vn -0.7859 0.3207 -0.5286
vn -0.7853 0.2870 -0.5486
vn -0.7837 0.2894 -0.5495
vn -0.8492 0.2939 -0.4388
vn -0.8421 0.2676 -0.4682
vn -0.8361 0.2755 -0.4743
vn -0.8801 0.2832 -0.3812
vn -0.8661 0.2656 -0.4234
vn -0.8749 0.2405 -0.4203
vn -0.8949 0.2868 -0.3420
vn -0.8744 0.2792 -0.3969
vn -0.8966 0.1855 -0.4021
vn -0.9013 0.3047 -0.3078
vn -0.8958 0.2964 -0.3312
vn -0.8974 0.1857 -0.4001
vn -0.9304 0.2554 -0.2629
vn -0.9016 0.3497 -0.2546
vn -0.8986 0.2135 -0.3833
vn -0.9194 0.2823 -0.2737
vn -0.8612 0.5001 -0.0906
vn -0.9163 0.1818 -0.3568
vn -0.9762 0.0871 -0.1986
vn -0.9202 0.3700 0.1281
vn -0.8957 0.1904 -0.4018
vn 0.6153 0.2389 -0.7512
vn 0.2758 -0.9599 0.0512
vn 0.2010 -0.9560 0.2136
vn 0.2009 -0.9560 0.2137
vn 0.4455 -0.8939 0.0495
vn 0.2976 -0.9412 0.1601
vn 0.3354 -0.9334 0.1273
vn 0.4080 -0.8987 0.1607
vn 0.4263 -0.8942 0.1368
vn 0.5001 -0.8636 0.0640
vn 0.5355 -0.8368 0.1139
vn 0.5068 -0.8535 0.1212
vn 0.4682 -0.8623 0.1928
vn 0.5636 -0.8081 0.1713
vn 0.5852 -0.8031 0.1126
vn 0.5872 -0.8010 0.1170
vn 0.6182 -0.7701 0.1573
vn 0.6301 -0.7690 0.1076
vn 0.6369 -0.7621 0.1164
vn 0.6895 -0.7084 0.1508
vn 0.6953 -0.7107 0.1072
vn 0.6963 -0.7078 0.1192
vn 0.7881 -0.5964 0.1520
vn 0.7916 -0.6014 0.1080
vn 0.8470 -0.5071 0.1598
vn 0.8497 -0.5159 0.1092
vn 0.8461 -0.5212 0.1115
vn 0.8738 -0.4535 0.1753
vn 0.8756 -0.4691 0.1149
vn 0.8696 -0.4790 0.1199
vn 0.8847 -0.4195 0.2034
vn 0.8864 -0.4453 0.1268
vn 0.8789 -0.4654 0.1042
vn 0.9118 -0.3739 0.1700
vn 0.9116 -0.3842 0.1463
vn 0.9008 -0.4307 0.0561
vn 0.9271 -0.3237 0.1887
vn 0.9271 -0.3277 0.1817
vn 0.9112 -0.4081 0.0559
vn 0.9206 -0.3859 0.0603
vn 0.9332 -0.2557 0.2525
vn 0.9146 -0.3948 0.0875
vn -0.3750 0.9082 -0.1860
vn -0.2012 0.9706 -0.1325
vn -0.2885 0.9495 -0.1233
vn -0.4650 0.8826 -0.0692
vn -0.2976 0.9412 -0.1601
vn -0.3354 0.9334 -0.1273
vn -0.4080 0.8987 -0.1607
vn -0.4560 0.8724 -0.1760
vn -0.4871 0.8718 -0.0520
vn -0.4786 0.8758 -0.0628
vn -0.5269 0.8377 -0.1435
vn -0.4476 0.8793 -0.1629
vn -0.5486 0.8218 -0.1537
vn -0.5852 0.8031 -0.1126
vn -0.5872 0.8010 -0.1170
vn -0.6182 0.7701 -0.1573
vn -0.6372 0.7622 -0.1144
vn -0.6505 0.7485 -0.1291
vn -0.6869 0.7115 -0.1479
vn -0.6953 0.7107 -0.1072
vn -0.7140 0.6923 -0.1044
vn -0.7881 0.5964 -0.1520
vn -0.7916 0.6014 -0.1080
vn -0.8470 0.5071 -0.1598
vn -0.8497 0.5159 -0.1092
vn -0.8461 0.5212 -0.1115
vn -0.8738 0.4535 -0.1753
vn -0.8691 0.4778 -0.1277
vn -0.8780 0.4671 -0.1042
vn -0.8847 0.4195 -0.2034
vn -0.8864 0.4453 -0.1268
vn -0.8789 0.4654 -0.1042
vn -0.9118 0.3739 -0.1700
vn -0.9116 0.3842 -0.1463
vn -0.9008 0.4307 -0.0561
vn -0.9271 0.3237 -0.1887
vn -0.9271 0.3277 -0.1817
vn -0.9112 0.4081 -0.0559
vn -0.9206 0.3859 -0.0603
vn -0.9332 0.2557 -0.2525
vn -0.9146 0.3948 -0.0875
vn 0.0312 -0.0000 -0.9995
vn 0.5953 0.7477 0.2941
vn 0.3750 -0.9082 -0.1860
vn 0.2012 -0.9706 -0.1325
vn 0.2885 -0.9495 -0.1233
vn 0.4650 -0.8826 -0.0692
vn 0.2976 -0.9412 -0.1601
vn 0.3354 -0.9334 -0.1273
vn 0.4080 -0.8987 -0.1607
vn 0.4560 -0.8724 -0.1760
vn 0.4871 -0.8718 -0.0520
vn 0.4786 -0.8758 -0.0628
vn 0.5269 -0.8377 -0.1435
vn 0.4476 -0.8793 -0.1629
vn 0.5486 -0.8218 -0.1537
vn 0.5852 -0.8031 -0.1126
vn 0.5872 -0.8010 -0.1170
vn 0.6182 -0.7701 -0.1573
vn 0.6372 -0.7622 -0.1144
vn 0.6505 -0.7485 -0.1291
vn 0.6869 -0.7115 -0.1479
vn 0.6953 -0.7107 -0.1072
vn 0.7140 -0.6923 -0.1044
vn 0.7881 -0.5964 -0.1520
vn 0.7916 -0.6014 -0.1080
vn 0.8470 -0.5071 -0.1598
vn 0.8497 -0.5159 -0.1092
vn 0.8461 -0.5212 -0.1116
vn 0.8738 -0.4535 -0.1753
vn 0.8691 -0.4778 -0.1277
vn 0.8780 -0.4671 -0.1042
vn 0.8847 -0.4195 -0.2034
vn 0.8864 -0.4453 -0.1268
vn 0.8789 -0.4654 -0.1042
vn 0.9118 -0.3739 -0.1700
vn 0.9116 -0.3842 -0.1463
vn 0.9008 -0.4307 -0.0561
vn 0.9271 -0.3237 -0.1887
vn 0.9271 -0.3277 -0.1817
vn 0.9112 -0.4081 -0.0559
vn 0.9206 -0.3859 -0.0603
vn 0.9332 -0.2557 -0.2525
vn 0.9146 -0.3948 -0.0875
vn -0.2758 0.9599 0.0512
vn -0.2010 0.9560 0.2136
vn -0.2009 0.9560 0.2137
vn -0.4455 0.8939 0.0495
vn -0.2976 0.9412 0.1601
vn -0.3354 0.9334 0.1273
vn -0.4080 0.8987 0.1607
vn -0.4263 0.8942 0.1368
vn -0.5001 0.8636 0.0640
vn -0.5355 0.8368 0.1139
vn -0.5068 0.8535 0.1212
vn -0.4682 0.8623 0.1928
vn -0.5636 0.8081 0.1713
vn -0.5852 0.8031 0.1126
vn -0.5872 0.8010 0.1170
vn -0.6182 0.7701 0.1573
vn -0.6301 0.7690 0.1076
vn -0.6369 0.7621 0.1164
vn -0.6895 0.7084 0.1508
vn -0.6953 0.7107 0.1072
vn -0.6963 0.7078 0.1192
vn -0.7881 0.5964 0.1520
vn -0.7916 0.6014 0.1080
vn -0.8470 0.5071 0.1598
vn -0.8497 0.5159 0.1092
vn -0.8461 0.5212 0.1115
vn -0.8738 0.4535 0.1753
vn -0.8756 0.4691 0.1149
vn -0.8696 0.4790 0.1199
vn -0.8847 0.4195 0.2034
vn -0.8864 0.4453 0.1268
vn -0.8789 0.4654 0.1042
vn -0.9118 0.3739 0.1700
vn -0.9116 0.3842 0.1463
vn -0.9008 0.4307 0.0561
vn -0.9271 0.3237 0.1887
vn -0.9271 0.3277 0.1817
vn -0.9112 0.4081 0.0559
vn -0.9206 0.3859 0.0603
vn -0.9332 0.2557 0.2525
vn -0.9146 0.3948 0.0875
vn 0.4813 0.7856 0.3887
vn -0.2499 0.7664 -0.5918
vn 0.2710 -0.3383 -0.9012
vn 0.1980 -0.4871 -0.8506
vn 0.4388 -0.3175 -0.8406
vn 0.2931 -0.4333 -0.8522
vn 0.3303 -0.4008 -0.8546
vn 0.4025 -0.4215 -0.8126
vn 0.4204 -0.3981 -0.8153
vn 0.4931 -0.3219 -0.8082
vn 0.5289 -0.3602 -0.7685
vn 0.5004 -0.3718 -0.7819
vn 0.4627 -0.4406 -0.7693
vn 0.5576 -0.4049 -0.7247
vn 0.5786 -0.3490 -0.7372
vn 0.5806 -0.3524 -0.7340
vn 0.6122 -0.3807 -0.6930
vn 0.6236 -0.3343 -0.7067
vn 0.6305 -0.3404 -0.6976
vn 0.6839 -0.3564 -0.6366
vn 0.6892 -0.3165 -0.6517
vn 0.6904 -0.3268 -0.6454
vn 0.7838 -0.3240 -0.5298
vn 0.7868 -0.2846 -0.5477
vn 0.7853 -0.2871 -0.5486
vn 0.8439 -0.3043 -0.4418
vn 0.8460 -0.2599 -0.4656
vn 0.8424 -0.2637 -0.4700
vn 0.8717 -0.3025 -0.3856
vn 0.8726 -0.2510 -0.4190
vn 0.8665 -0.2587 -0.4270
vn 0.8832 -0.3184 -0.3442
vn 0.8838 -0.2549 -0.3924
vn 0.8759 -0.2400 -0.4186
vn 0.9105 -0.2733 -0.3104
vn 0.9099 -0.2544 -0.3275
vn 0.8978 -0.1847 -0.3999
vn 0.9266 -0.2755 -0.2561
vn 0.9264 -0.2702 -0.2621
vn 0.9085 -0.1776 -0.3782
vn 0.9182 -0.1749 -0.3554
vn 0.9339 -0.3142 -0.1706
vn 0.9123 -0.2029 -0.3558
vn -0.3700 0.4477 0.8140
vn -0.1979 0.4163 0.8874
vn -0.2839 0.4017 0.8706
vn -0.4583 0.3323 0.8243
vn -0.2931 0.4333 0.8522
vn -0.3303 0.4008 0.8546
vn -0.4025 0.4215 0.8126
vn -0.4504 0.4280 0.7836
vn -0.4802 0.3133 0.8193
vn -0.4717 0.3244 0.8199
vn -0.5207 0.3877 0.7606
vn -0.4418 0.4179 0.7938
vn -0.5424 0.3925 0.7427
vn -0.5786 0.3490 0.7372
vn -0.5806 0.3524 0.7340
vn -0.6122 0.3807 0.6930
vn -0.6308 0.3386 0.6982
vn -0.6443 0.3481 0.6810
vn -0.6812 0.3546 0.6404
vn -0.6892 0.3165 0.6517
vn -0.7081 0.3085 0.6352
vn -0.7838 0.3240 0.5298
vn -0.7868 0.2846 0.5477
vn -0.7853 0.2871 0.5486
vn -0.8439 0.3043 0.4418
vn -0.8460 0.2599 0.4656
vn -0.8424 0.2637 0.4700
vn -0.8717 0.3025 0.3856
vn -0.8661 0.2656 0.4234
vn -0.8749 0.2405 0.4203
vn -0.8832 0.3184 0.3442
vn -0.8838 0.2549 0.3924
vn -0.8759 0.2400 0.4186
vn -0.9105 0.2733 0.3104
vn -0.9099 0.2544 0.3275
vn -0.8978 0.1847 0.3999
vn -0.9266 0.2755 0.2561
vn -0.9264 0.2702 0.2621
vn -0.9085 0.1776 0.3782
vn -0.9182 0.1749 0.3554
vn -0.9339 0.3142 0.1706
vn -0.9123 0.2029 0.3558
vn 0.7276 0.4851 0.4851
vn 0.3925 -0.5726 0.7198
vn 0.3685 -0.1056 -0.9236
vn 0.1972 -0.1731 -0.9649
vn 0.2831 -0.1753 -0.9429
vn 0.4576 -0.2050 -0.8652
vn 0.2921 -0.1392 -0.9462
vn 0.3293 -0.1669 -0.9294
vn 0.4011 -0.1260 -0.9074
vn 0.4487 -0.1041 -0.8876
vn 0.4797 -0.2176 -0.8500
vn 0.4711 -0.2089 -0.8570
vn 0.5191 -0.1235 -0.8457
vn 0.4403 -0.1181 -0.8901
vn 0.5408 -0.1093 -0.8340
vn 0.5773 -0.1414 -0.8042
vn 0.5793 -0.1368 -0.8036
vn 0.6104 -0.0904 -0.7869
vn 0.6294 -0.1274 -0.7666
vn 0.6427 -0.1099 -0.7582
vn 0.6795 -0.0813 -0.7292
vn 0.6879 -0.1186 -0.7160
vn 0.7068 -0.1156 -0.6979
vn 0.7821 -0.0425 -0.6218
vn 0.7855 -0.0847 -0.6130
vn 0.8422 -0.0079 -0.5391
vn 0.8448 -0.0574 -0.5320
vn 0.8411 -0.0569 -0.5378
vn 0.8699 0.0229 -0.4927
vn 0.8648 -0.0286 -0.5013
vn 0.8739 -0.0471 -0.4839
vn 0.8813 0.0595 -0.4687
vn 0.8825 -0.0195 -0.4699
vn 0.8748 -0.0466 -0.4822
vn 0.9090 0.0425 -0.4146
vn 0.9087 0.0174 -0.4172
vn 0.8972 -0.0805 -0.4342
vn 0.9251 0.0754 -0.3721
vn 0.9250 0.0677 -0.3738
vn 0.9080 -0.0738 -0.4124
vn 0.9177 -0.0629 -0.3924
vn 0.9324 0.1558 -0.3262
vn 0.9115 -0.0405 -0.4093
vn -0.2707 0.2444 0.9311
vn -0.1971 0.0947 0.9758
vn -0.1970 0.0947 0.9758
vn -0.4384 0.2265 0.8698
vn -0.2921 0.1392 0.9462
vn -0.3293 0.1669 0.9294
vn -0.4011 0.1260 0.9074
vn -0.4192 0.1465 0.8960
vn -0.4925 0.2042 0.8460
vn -0.5277 0.1503 0.8360
vn -0.4991 0.1486 0.8537
vn -0.4608 0.0857 0.8834
vn -0.5557 0.0890 0.8266
vn -0.5773 0.1414 0.8042
vn -0.5793 0.1368 0.8036
vn -0.6104 0.0904 0.7869
vn -0.6223 0.1357 0.7709
vn -0.6291 0.1256 0.7671
vn -0.6821 0.0777 0.7271
vn -0.6879 0.1186 0.7160
vn -0.6889 0.1066 0.7170
vn -0.7821 0.0425 0.6218
vn -0.7855 0.0847 0.6130
vn -0.8422 0.0079 0.5391
vn -0.8448 0.0574 0.5320
vn -0.8411 0.0569 0.5378
vn -0.8699 -0.0229 0.4927
vn -0.8714 0.0378 0.4891
vn -0.8652 0.0363 0.5001
vn -0.8813 -0.0595 0.4687
vn -0.8825 0.0195 0.4699
vn -0.8748 0.0466 0.4822
vn -0.9090 -0.0425 0.4146
vn -0.9087 -0.0174 0.4172
vn -0.8972 0.0805 0.4342
vn -0.9251 -0.0754 0.3721
vn -0.9250 -0.0677 0.3738
vn -0.9080 0.0738 0.4124
vn -0.9177 0.0629 0.3924
vn -0.9324 -0.1558 0.3262
vn -0.9115 0.0405 0.4093
vn 0.2736 0.7412 -0.6130
vn 0.1988 0.6436 -0.7391
vn 0.4425 0.6899 -0.5729
vn 0.2947 0.6629 -0.6882
vn 0.3324 0.6759 -0.6578
vn 0.4044 0.6290 -0.6639
vn 0.4227 0.6393 -0.6423
vn 0.4967 0.6574 -0.5666
vn 0.5317 0.6071 -0.5905
vn 0.5030 0.6161 -0.6061
vn 0.4642 0.5817 -0.6680
vn 0.5593 0.5510 -0.6193
vn 0.5813 0.5810 -0.5697
vn 0.5833 0.5768 -0.5719
vn 0.6140 0.5289 -0.5858
vn 0.6263 0.5568 -0.5456
vn 0.6330 0.5462 -0.5485
vn 0.6855 0.4835 -0.5443
vn 0.6917 0.5106 -0.5108
vn 0.6926 0.5013 -0.5187
vn 0.7847 0.3934 -0.4791
vn 0.7885 0.4227 -0.4468
vn 0.8441 0.3172 -0.4323
vn 0.8470 0.3535 -0.3970
vn 0.8427 0.3498 -0.4093
vn 0.8713 0.2653 -0.4130
vn 0.8733 0.3126 -0.3737
vn 0.8671 0.3177 -0.3836
vn 0.8822 0.2217 -0.4154
vn 0.8841 0.2865 -0.3691
vn 0.8767 0.3158 -0.3629
vn 0.9098 0.2043 -0.3613
vn 0.9097 0.2261 -0.3484
vn 0.8991 0.3155 -0.3035
vn 0.9255 0.1531 -0.3465
vn 0.9255 0.1603 -0.3432
vn 0.9097 0.2975 -0.2898
vn 0.9191 0.2771 -0.2801
vn 0.9319 0.0616 -0.3573
vn 0.9129 0.2686 -0.3073
vn 0.0542 0.5213 0.8516
vn -0.3715 -0.6218 0.6894
vn -0.1992 -0.7022 0.6835
vn -0.2859 -0.6909 0.6640
vn -0.4617 -0.6695 0.5819
vn -0.2947 -0.6629 0.6882
vn -0.3324 -0.6759 0.6578
vn -0.4044 -0.6290 0.6639
vn -0.4521 -0.5993 0.6606
vn -0.4839 -0.6709 0.5619
vn -0.4753 -0.6678 0.5729
vn -0.5229 -0.5907 0.6145
vn -0.4438 -0.6124 0.6543
vn -0.5445 -0.5722 0.6133
vn -0.5813 -0.5810 0.5697
vn -0.5833 -0.5768 0.5719
vn -0.6140 -0.5289 0.5858
vn -0.6333 -0.5474 0.5470
vn -0.6465 -0.5281 0.5506
vn -0.6829 -0.4877 0.5439
vn -0.6917 -0.5106 0.5108
vn -0.7104 -0.4975 0.4977
vn -0.7847 -0.3934 0.4791
vn -0.7885 -0.4227 0.4468
vn -0.8441 -0.3172 0.4323
vn -0.8470 -0.3535 0.3970
vn -0.8382 -0.3630 0.4071
vn -0.8713 -0.2653 0.4130
vn -0.8666 -0.3122 0.3892
vn -0.8758 -0.3171 0.3640
vn -0.8822 -0.2217 0.4154
vn -0.8841 -0.2865 0.3691
vn -0.8767 -0.3158 0.3629
vn -0.9098 -0.2043 0.3613
vn -0.9097 -0.2261 0.3484
vn -0.8991 -0.3155 0.3035
vn -0.9255 -0.1531 0.3465
vn -0.9255 -0.1603 0.3432
vn -0.9097 -0.2975 0.2898
vn -0.9191 -0.2771 0.2801
vn -0.9319 -0.0616 0.3573
vn -0.9129 -0.2686 0.3073
vn -0.4082 -0.4082 0.8165
vn 0.3741 0.8396 -0.3940
vn 0.2003 0.8576 -0.4736
vn 0.2873 0.8355 -0.4685
vn 0.4628 0.7504 -0.4720
vn 0.2966 0.8506 -0.4342
vn 0.3340 0.8250 -0.4558
vn 0.4068 0.8171 -0.4085
vn 0.4549 0.8051 -0.3807
vn 0.4848 0.7317 -0.4792
vn 0.4763 0.7412 -0.4730
vn 0.5255 0.7582 -0.3860
vn 0.4464 0.8028 -0.3952
vn 0.5473 0.7515 -0.3684
vn 0.5834 0.7124 -0.3901
vn 0.5855 0.7133 -0.3853
vn 0.6171 0.7122 -0.3347
vn 0.6356 0.6807 -0.3643
vn 0.6336 0.6885 -0.3528
vn 0.6858 0.6597 -0.3072
vn 0.6938 0.6352 -0.3394
vn 0.7125 0.6188 -0.3307
vn 0.7876 0.5696 -0.2351
vn 0.7906 0.5479 -0.2735
vn 0.7891 0.5504 -0.2727
vn 0.8469 0.5021 -0.1753
vn 0.8490 0.4798 -0.2213
vn 0.8454 0.4855 -0.2226
vn 0.8741 0.4679 -0.1306
vn 0.8688 0.4599 -0.1836
vn 0.8775 0.4376 -0.1961
vn 0.8853 0.4567 -0.0874
vn 0.8862 0.4331 -0.1648
vn 0.8784 0.4362 -0.1951
vn 0.9122 0.4004 -0.0871
vn 0.9118 0.3950 -0.1124
vn 0.9000 0.3804 -0.2131
vn 0.9278 0.3707 -0.0418
vn 0.9277 0.3699 -0.0498
vn 0.9105 0.3620 -0.1998
vn 0.9200 0.3466 -0.1829
vn 0.9344 0.3526 0.0507
vn 0.9142 0.3696 -0.1663
vn 0.5501 -0.8346 0.0276
vn -0.2741 -0.8012 0.5319
vn -0.2005 -0.8941 0.4004
vn -0.2004 -0.8942 0.4004
vn -0.4432 -0.7478 0.4943
vn -0.2966 -0.8506 0.4342
vn -0.3340 -0.8250 0.4558
vn -0.4068 -0.8171 0.4085
vn -0.4249 -0.7993 0.4249
vn -0.4978 -0.7322 0.4649
vn -0.5338 -0.7401 0.4091
vn -0.5051 -0.7577 0.4132
vn -0.4673 -0.8069 0.3613
vn -0.5625 -0.7509 0.3461
vn -0.5834 -0.7124 0.3901
vn -0.5855 -0.7133 0.3853
vn -0.6171 -0.7122 0.3347
vn -0.6284 -0.6822 0.3738
vn -0.6336 -0.6885 0.3528
vn -0.6885 -0.6589 0.3030
vn -0.6938 -0.6352 0.3394
vn -0.6949 -0.6399 0.3280
vn -0.7876 -0.5696 0.2351
vn -0.7906 -0.5479 0.2735
vn -0.7891 -0.5504 0.2727
vn -0.8469 -0.5021 0.1753
vn -0.8490 -0.4798 0.2213
vn -0.8454 -0.4855 0.2226
vn -0.8741 -0.4679 0.1306
vn -0.8752 -0.4454 0.1887
vn -0.8692 -0.4563 0.1906
vn -0.8853 -0.4567 0.0874
vn -0.8862 -0.4331 0.1648
vn -0.8784 -0.4362 0.1951
vn -0.9122 -0.4004 0.0871
vn -0.9118 -0.3950 0.1124
vn -0.9000 -0.3804 0.2131
vn -0.9278 -0.3707 0.0418
vn -0.9277 -0.3699 0.0498
vn -0.9105 -0.3620 0.1998
vn -0.9200 -0.3466 0.1829
vn -0.9344 -0.3526 -0.0507
vn -0.9142 -0.3696 0.1663
vn 0.2741 0.8012 0.5319
vn 0.2005 0.8942 0.4004
vn 0.2004 0.8942 0.4004
vn 0.4432 0.7478 0.4943
vn 0.2966 0.8506 0.4342
vn 0.3340 0.8250 0.4558
vn 0.4068 0.8171 0.4085
vn 0.4249 0.7993 0.4249
vn 0.4978 0.7322 0.4649
vn 0.5338 0.7401 0.4091
vn 0.5051 0.7577 0.4132
vn 0.4673 0.8069 0.3613
vn 0.5625 0.7509 0.3461
vn 0.5834 0.7124 0.3901
vn 0.5855 0.7133 0.3853
vn 0.6171 0.7122 0.3347
vn 0.6284 0.6822 0.3738
vn 0.6336 0.6885 0.3528
vn 0.6885 0.6589 0.3030
vn 0.6938 0.6352 0.3394
vn 0.6949 0.6399 0.3280
vn 0.7876 0.5696 0.2351
vn 0.7906 0.5479 0.2735
vn 0.7891 0.5504 0.2727
vn 0.8469 0.5021 0.1753
vn 0.8490 0.4798 0.2213
vn 0.8454 0.4855 0.2226
vn 0.8741 0.4679 0.1306
vn 0.8752 0.4454 0.1887
vn 0.8692 0.4563 0.1906
vn 0.8853 0.4567 0.0874
vn 0.8862 0.4331 0.1648
vn 0.8784 0.4362 0.1951
vn 0.9122 0.4004 0.0871
vn 0.9118 0.3950 0.1124
vn 0.9000 0.3804 0.2131
vn 0.9278 0.3707 0.0418
vn 0.9277 0.3699 0.0498
vn 0.9105 0.3620 0.1998
vn 0.9200 0.3466 0.1829
vn 0.9344 0.3526 -0.0507
vn 0.9142 0.3696 0.1663
vn 0.5501 -0.8346 -0.0276
vn -0.3741 -0.8396 -0.3940
vn -0.2003 -0.8576 -0.4736
vn -0.2873 -0.8355 -0.4685
vn -0.4628 -0.7504 -0.4720
vn -0.2966 -0.8506 -0.4342
vn -0.3341 -0.8250 -0.4558
vn -0.4068 -0.8171 -0.4085
vn -0.4549 -0.8051 -0.3807
vn -0.4848 -0.7317 -0.4792
vn -0.4763 -0.7412 -0.4730
vn -0.5255 -0.7582 -0.3860
vn -0.4464 -0.8028 -0.3952
vn -0.5473 -0.7515 -0.3684
vn -0.5834 -0.7124 -0.3901
vn -0.5855 -0.7133 -0.3853
vn -0.6171 -0.7122 -0.3347
vn -0.6356 -0.6807 -0.3643
vn -0.6336 -0.6885 -0.3528
vn -0.6858 -0.6597 -0.3072
vn -0.6938 -0.6352 -0.3394
vn -0.7125 -0.6188 -0.3307
vn -0.7876 -0.5696 -0.2351
vn -0.7906 -0.5479 -0.2735
vn -0.7891 -0.5504 -0.2727
vn -0.8469 -0.5021 -0.1753
vn -0.8490 -0.4798 -0.2213
vn -0.8454 -0.4855 -0.2226
vn -0.8741 -0.4679 -0.1306
vn -0.8688 -0.4599 -0.1836
vn -0.8775 -0.4376 -0.1961
vn -0.8853 -0.4567 -0.0874
vn -0.8862 -0.4331 -0.1648
vn -0.8784 -0.4362 -0.1951
vn -0.9122 -0.4004 -0.0871
vn -0.9118 -0.3950 -0.1124
vn -0.9000 -0.3804 -0.2131
vn -0.9278 -0.3707 -0.0418
vn -0.9277 -0.3699 -0.0498
vn -0.9105 -0.3620 -0.1998
vn -0.9200 -0.3466 -0.1829
vn -0.9344 -0.3526 0.0507
vn -0.9142 -0.3696 -0.1663
vn -0.0000 1.0000 -0.0000
vn 0.3715 0.6218 0.6894
vn 0.1992 0.7022 0.6835
vn 0.2859 0.6909 0.6640
vn 0.4617 0.6695 0.5819
vn 0.2947 0.6629 0.6882
vn 0.3324 0.6759 0.6578
vn 0.4044 0.6290 0.6639
vn 0.4521 0.5993 0.6606
vn 0.4839 0.6709 0.5619
vn 0.4753 0.6678 0.5729
vn 0.5229 0.5907 0.6145
vn 0.4438 0.6124 0.6543
vn 0.5445 0.5722 0.6133
vn 0.5813 0.5810 0.5697
vn 0.5833 0.5768 0.5719
vn 0.6140 0.5289 0.5858
vn 0.6333 0.5474 0.5470
vn 0.6465 0.5281 0.5506
vn 0.6829 0.4877 0.5439
vn 0.6917 0.5106 0.5108
vn 0.7104 0.4975 0.4977
vn 0.7847 0.3934 0.4791
vn 0.7885 0.4227 0.4468
vn 0.8441 0.3172 0.4323
vn 0.8470 0.3535 0.3970
vn 0.8382 0.3630 0.4071
vn 0.8713 0.2653 0.4130
vn 0.8666 0.3122 0.3892
vn 0.8758 0.3171 0.3640
vn 0.8822 0.2217 0.4154
vn 0.8841 0.2865 0.3691
vn 0.8767 0.3158 0.3629
vn 0.9098 0.2043 0.3613
vn 0.9097 0.2261 0.3484
vn 0.8991 0.3155 0.3035
vn 0.9255 0.1531 0.3465
vn 0.9255 0.1603 0.3432
vn 0.9097 0.2975 0.2898
vn 0.9191 0.2771 0.2801
vn 0.9319 0.0616 0.3573
vn 0.9129 0.2686 0.3073
vn 0.0542 0.5213 -0.8517
vn -0.2736 -0.7412 -0.6130
vn -0.1988 -0.6436 -0.7391
vn -0.4424 -0.6899 -0.5729
vn -0.2947 -0.6629 -0.6882
vn -0.3324 -0.6759 -0.6578
vn -0.4044 -0.6290 -0.6639
vn -0.4227 -0.6393 -0.6423
vn -0.4967 -0.6574 -0.5666
vn -0.5317 -0.6071 -0.5905
vn -0.5030 -0.6161 -0.6061
vn -0.4642 -0.5817 -0.6680
vn -0.5593 -0.5510 -0.6193
vn -0.5813 -0.5810 -0.5697
vn -0.5833 -0.5768 -0.5719
vn -0.6140 -0.5289 -0.5858
vn -0.6263 -0.5568 -0.5456
vn -0.6330 -0.5462 -0.5485
vn -0.6855 -0.4835 -0.5443
vn -0.6917 -0.5106 -0.5108
vn -0.6926 -0.5013 -0.5187
vn -0.7847 -0.3934 -0.4791
vn -0.7885 -0.4227 -0.4468
vn -0.8441 -0.3172 -0.4323
vn -0.8470 -0.3535 -0.3970
vn -0.8427 -0.3498 -0.4093
vn -0.8713 -0.2653 -0.4130
vn -0.8733 -0.3126 -0.3737
vn -0.8671 -0.3177 -0.3836
vn -0.8822 -0.2217 -0.4154
vn -0.8841 -0.2865 -0.3691
vn -0.8767 -0.3158 -0.3629
vn -0.9098 -0.2043 -0.3613
vn -0.9097 -0.2261 -0.3484
vn -0.8991 -0.3155 -0.3035
vn -0.9255 -0.1531 -0.3465
vn -0.9255 -0.1603 -0.3432
vn -0.9097 -0.2975 -0.2898
vn -0.9191 -0.2771 -0.2801
vn -0.9319 -0.0616 -0.3573
vn -0.9129 -0.2686 -0.3073
vn 0.2707 -0.2444 0.9311
vn 0.1971 -0.0947 0.9758
vn 0.1970 -0.0947 0.9758
vn 0.4384 -0.2265 0.8698
vn 0.2921 -0.1392 0.9462
vn 0.3293 -0.1669 0.9294
vn 0.4011 -0.1260 0.9074
vn 0.4192 -0.1465 0.8960
vn 0.4925 -0.2042 0.8460
vn 0.5277 -0.1503 0.8360
vn 0.4991 -0.1486 0.8537
vn 0.4608 -0.0857 0.8834
vn 0.5557 -0.0890 0.8266
vn 0.5773 -0.1414 0.8042
vn 0.5793 -0.1368 0.8036
vn 0.6104 -0.0904 0.7869
vn 0.6223 -0.1357 0.7709
vn 0.6291 -0.1256 0.7671
vn 0.6821 -0.0777 0.7271
vn 0.6879 -0.1186 0.7160
vn 0.6889 -0.1066 0.7170
vn 0.7821 -0.0425 0.6218
vn 0.7855 -0.0847 0.6130
vn 0.8422 -0.0079 0.5391
vn 0.8448 -0.0574 0.5320
vn 0.8411 -0.0569 0.5378
vn 0.8699 0.0229 0.4927
vn 0.8714 -0.0378 0.4891
vn 0.8652 -0.0363 0.5001
vn 0.8813 0.0595 0.4687
vn 0.8825 -0.0195 0.4699
vn 0.8748 -0.0466 0.4822
vn 0.9090 0.0425 0.4146
vn 0.9087 0.0174 0.4172
vn 0.8972 -0.0805 0.4342
vn 0.9251 0.0754 0.3721
vn 0.9250 0.0677 0.3738
vn 0.9080 -0.0738 0.4124
vn 0.9177 -0.0629 0.3924
vn 0.9324 0.1558 0.3262
vn 0.9115 -0.0405 0.4093
vn -0.3685 0.1056 -0.9236
vn -0.1972 0.1732 -0.9649
vn -0.2831 0.1753 -0.9429
vn -0.4576 0.2050 -0.8652
vn -0.2921 0.1392 -0.9462
vn -0.3293 0.1669 -0.9294
vn -0.4011 0.1260 -0.9074
vn -0.4487 0.1041 -0.8876
vn -0.4797 0.2176 -0.8500
vn -0.4711 0.2089 -0.8570
vn -0.5191 0.1235 -0.8457
vn -0.4403 0.1181 -0.8901
vn -0.5408 0.1093 -0.8340
vn -0.5773 0.1414 -0.8042
vn -0.5793 0.1368 -0.8036
vn -0.6104 0.0904 -0.7869
vn -0.6294 0.1274 -0.7665
vn -0.6427 0.1099 -0.7582
vn -0.6795 0.0813 -0.7292
vn -0.6879 0.1186 -0.7160
vn -0.7068 0.1156 -0.6979
vn -0.7821 0.0425 -0.6218
vn -0.7855 0.0847 -0.6130
vn -0.8422 0.0079 -0.5391
vn -0.8448 0.0574 -0.5320
vn -0.8411 0.0569 -0.5378
vn -0.8699 -0.0229 -0.4927
vn -0.8648 0.0286 -0.5013
vn -0.8739 0.0471 -0.4839
vn -0.8813 -0.0595 -0.4687
vn -0.8825 0.0195 -0.4699
vn -0.8748 0.0466 -0.4822
vn -0.9090 -0.0425 -0.4146
vn -0.9087 -0.0174 -0.4172
vn -0.8972 0.0805 -0.4342
vn -0.9251 -0.0754 -0.3721
vn -0.9250 -0.0677 -0.3738
vn -0.9080 0.0738 -0.4124
vn -0.9177 0.0629 -0.3924
vn -0.9324 -0.1558 -0.3262
vn -0.9115 0.0405 -0.4093
vn 0.4813 0.7856 -0.3887
vn 0.3700 -0.4477 0.8140
vn 0.1979 -0.4163 0.8874
vn 0.2839 -0.4017 0.8706
vn 0.4583 -0.3323 0.8243
vn 0.2931 -0.4333 0.8522
vn 0.3303 -0.4008 0.8546
vn 0.4025 -0.4215 0.8126
vn 0.4504 -0.4280 0.7836
vn 0.4802 -0.3133 0.8193
vn 0.4717 -0.3244 0.8199
vn 0.5207 -0.3877 0.7606
vn 0.4418 -0.4179 0.7938
vn 0.5425 -0.3925 0.7427
vn 0.5786 -0.3490 0.7372
vn 0.5806 -0.3524 0.7340
vn 0.6122 -0.3807 0.6930
vn 0.6308 -0.3386 0.6982
vn 0.6443 -0.3481 0.6810
vn 0.6812 -0.3546 0.6404
vn 0.6892 -0.3165 0.6517
vn 0.7081 -0.3085 0.6352
vn 0.7838 -0.3240 0.5298
vn 0.7868 -0.2846 0.5477
vn 0.7853 -0.2871 0.5486
vn 0.8439 -0.3043 0.4418
vn 0.8460 -0.2599 0.4656
vn 0.8424 -0.2637 0.4700
vn 0.8717 -0.3025 0.3856
vn 0.8661 -0.2656 0.4234
vn 0.8749 -0.2405 0.4203
vn 0.8832 -0.3184 0.3442
vn 0.8838 -0.2549 0.3924
vn 0.8759 -0.2400 0.4186
vn 0.9105 -0.2733 0.3104
vn 0.9099 -0.2544 0.3275
vn 0.8978 -0.1847 0.3999
vn 0.9266 -0.2755 0.2561
vn 0.9264 -0.2702 0.2621
vn 0.9085 -0.1776 0.3782
vn 0.9182 -0.1749 0.3554
vn 0.9339 -0.3142 0.1706
vn 0.9123 -0.2029 0.3558
vn -0.2710 0.3383 -0.9012
vn -0.1981 0.4871 -0.8506
vn -0.1980 0.4871 -0.8506
vn -0.4388 0.3175 -0.8406
vn -0.2931 0.4333 -0.8522
vn -0.3303 0.4008 -0.8546
vn -0.4025 0.4215 -0.8126
vn -0.4204 0.3981 -0.8153
vn -0.4931 0.3219 -0.8082
vn -0.5289 0.3602 -0.7684
vn -0.5004 0.3718 -0.7819
vn -0.4627 0.4406 -0.7693
vn -0.5576 0.4049 -0.7247
vn -0.5786 0.3490 -0.7372
vn -0.5806 0.3524 -0.7340
vn -0.6122 0.3807 -0.6930
vn -0.6236 0.3343 -0.7067
vn -0.6305 0.3404 -0.6976
vn -0.6839 0.3564 -0.6366
vn -0.6892 0.3165 -0.6517
vn -0.6904 0.3268 -0.6454
vn -0.7838 0.3240 -0.5298
vn -0.7868 0.2846 -0.5477
vn -0.7853 0.2871 -0.5486
vn -0.8439 0.3043 -0.4418
vn -0.8460 0.2599 -0.4656
vn -0.8424 0.2637 -0.4700
vn -0.8717 0.3025 -0.3856
vn -0.8726 0.2510 -0.4190
vn -0.8665 0.2587 -0.4270
vn -0.8832 0.3184 -0.3442
vn -0.8838 0.2549 -0.3924
vn -0.8759 0.2400 -0.4186
vn -0.9105 0.2733 -0.3104
vn -0.9099 0.2544 -0.3275
vn -0.8978 0.1847 -0.3999
vn -0.9266 0.2755 -0.2561
vn -0.9264 0.2702 -0.2621
vn -0.9085 0.1776 -0.3782
vn -0.9182 0.1749 -0.3554
vn -0.9339 0.3142 -0.1706
vn -0.9123 0.2029 -0.3558
vt 0.025488 0.458937
vt 0.034448 0.445083
vt 0.037541 0.448160
vt 0.047366 0.435120
vt 0.050458 0.438196
vt 0.060525 0.425337
vt 0.063617 0.428414
vt 0.074762 0.416562
vt 0.077854 0.419639
vt 0.088653 0.407385
vt 0.091746 0.410461
vt 0.102317 0.397936
vt 0.105410 0.401012
vt 0.116710 0.386516
vt 0.119803 0.389592
vt 0.137575 0.371064
vt 0.134482 0.367988
vt 0.154045 0.350319
vt 0.150953 0.347242
vt 0.168990 0.329989
vt 0.165898 0.326912
vt 0.184270 0.308857
vt 0.181177 0.305780
vt 0.199061 0.289575
vt 0.195968 0.286499
vt 0.212506 0.270820
vt 0.209414 0.267744
vt 0.226581 0.253894
vt 0.223489 0.250818
vt 0.238850 0.240063
vt 0.404244 0.478963
vt 0.409749 0.485553
vt 0.404244 0.484999
vt 0.414766 0.479756
vt 0.415229 0.485963
vt 0.420793 0.486663
vt 0.425616 0.481100
vt 0.436312 0.481611
vt 0.404244 0.470593
vt 0.419449 0.471355
vt 0.434968 0.472425
vt 0.450569 0.473302
vt 0.443141 0.461195
vt 0.463084 0.462402
vt 0.423547 0.460334
vt 0.404244 0.459523
vt 0.404244 0.446103
vt 0.426895 0.447149
vt 0.449823 0.447843
vt 0.473136 0.448778
vt 0.454796 0.432971
vt 0.480613 0.433682
vt 0.429387 0.432434
vt 0.404244 0.431549
vt 0.457810 0.417004
vt 0.485156 0.417510
vt 0.430878 0.416625
vt 0.404244 0.415748
vt 0.458820 0.398705
vt 0.486663 0.399013
vt 0.431384 0.398484
vt 0.404244 0.397059
vt 0.485343 0.373086
vt 0.457952 0.373066
vt 0.430977 0.373060
vt 0.404244 0.373102
vt 0.481024 0.346585
vt 0.455115 0.346877
vt 0.429590 0.347102
vt 0.404244 0.347809
vt 0.473663 0.322047
vt 0.450234 0.322619
vt 0.427149 0.323043
vt 0.404244 0.323478
vt 0.463496 0.297580
vt 0.443444 0.298405
vt 0.423721 0.298991
vt 0.404244 0.299741
vt 0.450821 0.276389
vt 0.435163 0.277045
vt 0.419555 0.277792
vt 0.404244 0.278501
vt 0.436434 0.257907
vt 0.425655 0.258552
vt 0.414771 0.259473
vt 0.404244 0.260145
vt 0.420544 0.242416
vt 0.415217 0.242654
vt 0.409375 0.243943
vt 0.404244 0.245112
vt 0.404244 0.233930
vt 0.028581 0.462014
vt 0.040633 0.451236
vt 0.053551 0.441273
vt 0.066710 0.431490
vt 0.080947 0.422715
vt 0.094839 0.413538
vt 0.108503 0.404088
vt 0.140667 0.374140
vt 0.122896 0.392668
vt 0.157138 0.353395
vt 0.172083 0.333065
vt 0.187363 0.311933
vt 0.202154 0.292652
vt 0.215599 0.273896
vt 0.229674 0.256971
vt 0.241943 0.243140
vt 0.013637 0.469779
vt 0.022773 0.471323
vt 0.019823 0.475932
vt 0.096820 0.259530
vt 0.091316 0.266120
vt 0.086298 0.260323
vt 0.085835 0.266530
vt 0.075448 0.261667
vt 0.080271 0.267230
vt 0.096820 0.251160
vt 0.081615 0.251922
vt 0.066096 0.252992
vt 0.064752 0.262178
vt 0.050496 0.253869
vt 0.057923 0.241761
vt 0.037980 0.242968
vt 0.077518 0.240901
vt 0.096820 0.240090
vt 0.096820 0.226670
vt 0.074170 0.227716
vt 0.051241 0.228410
vt 0.027929 0.229345
vt 0.046268 0.213538
vt 0.071678 0.213001
vt 0.096820 0.212115
vt 0.043254 0.197570
vt 0.020451 0.214249
vt 0.015908 0.198077
vt 0.070187 0.197191
vt 0.096820 0.196315
vt 0.042245 0.179272
vt 0.069681 0.179051
vt 0.015721 0.153653
vt 0.014401 0.179580
vt 0.043112 0.153633
vt 0.070087 0.153627
vt 0.096820 0.177626
vt 0.096820 0.153669
vt 0.020040 0.127152
vt 0.045949 0.127444
vt 0.071474 0.127669
vt 0.096820 0.128376
vt 0.027402 0.102614
vt 0.050830 0.103186
vt 0.073915 0.103610
vt 0.037569 0.078147
vt 0.057620 0.078972
vt 0.077344 0.079558
vt 0.096820 0.104045
vt 0.096820 0.080308
vt 0.050244 0.056956
vt 0.065902 0.057612
vt 0.081509 0.058358
vt 0.096820 0.059068
vt 0.064630 0.038474
vt 0.075409 0.039119
vt 0.086293 0.040039
vt 0.096820 0.040712
vt 0.080521 0.022983
vt 0.085847 0.023221
vt 0.091690 0.024509
vt 0.096820 0.025679
vt 0.096820 0.014497
vt 0.016588 0.465171
vt 0.025885 0.466876
vt 0.022395 0.455861
vt 0.456592 0.025545
vt 0.442785 0.034578
vt 0.453499 0.022469
vt 0.445878 0.037655
vt 0.432890 0.047549
vt 0.435983 0.050625
vt 0.423178 0.060759
vt 0.426270 0.063836
vt 0.414478 0.075043
vt 0.417571 0.078119
vt 0.405374 0.088983
vt 0.408467 0.092059
vt 0.395998 0.102697
vt 0.399090 0.105773
vt 0.384654 0.117150
vt 0.369313 0.138096
vt 0.387746 0.120226
vt 0.348655 0.154676
vt 0.366220 0.135019
vt 0.328404 0.169728
vt 0.345562 0.151599
vt 0.307354 0.185120
vt 0.325312 0.166652
vt 0.288151 0.200012
vt 0.304261 0.182043
vt 0.269467 0.213557
vt 0.285058 0.196936
vt 0.252616 0.227721
vt 0.266374 0.210481
vt 0.249524 0.224645
vt 0.398739 0.485553
vt 0.393722 0.479756
vt 0.393259 0.485963
vt 0.382872 0.481100
vt 0.387695 0.486663
vt 0.389039 0.471355
vt 0.373520 0.472425
vt 0.372176 0.481611
vt 0.357919 0.473302
vt 0.365347 0.461195
vt 0.345404 0.462402
vt 0.384941 0.460334
vt 0.381593 0.447149
vt 0.358665 0.447843
vt 0.335353 0.448778
vt 0.353692 0.432971
vt 0.379102 0.432435
vt 0.350678 0.417004
vt 0.327875 0.433682
vt 0.323332 0.417510
vt 0.377610 0.416625
vt 0.349668 0.398705
vt 0.377104 0.398484
vt 0.323145 0.373086
vt 0.321825 0.399013
vt 0.350536 0.373066
vt 0.377511 0.373061
vt 0.327464 0.346585
vt 0.353373 0.346877
vt 0.378898 0.347102
vt 0.334825 0.322047
vt 0.358254 0.322619
vt 0.381339 0.323043
vt 0.344992 0.297580
vt 0.365044 0.298405
vt 0.384768 0.298991
vt 0.357667 0.276389
vt 0.373325 0.277045
vt 0.388933 0.277792
vt 0.372054 0.257907
vt 0.382833 0.258552
vt 0.393717 0.259473
vt 0.387944 0.242416
vt 0.393271 0.242654
vt 0.399113 0.243943
vt 0.459684 0.028621
vt 0.448970 0.040731
vt 0.439076 0.053701
vt 0.429363 0.066912
vt 0.420663 0.081195
vt 0.411560 0.095135
vt 0.402183 0.108849
vt 0.372406 0.141172
vt 0.351748 0.157752
vt 0.331497 0.172805
vt 0.310446 0.188196
vt 0.291244 0.203089
vt 0.272560 0.216633
vt 0.255709 0.230797
vt 0.467370 0.013638
vt 0.468963 0.022765
vt 0.462778 0.016612
vt 0.102325 0.266120
vt 0.096820 0.265566
vt 0.107342 0.260323
vt 0.107805 0.266530
vt 0.113369 0.267230
vt 0.118193 0.261667
vt 0.128889 0.262178
vt 0.112026 0.251922
vt 0.127545 0.252992
vt 0.143145 0.253869
vt 0.135718 0.241762
vt 0.155661 0.242968
vt 0.116123 0.240901
vt 0.119471 0.227716
vt 0.142400 0.228410
vt 0.165712 0.229345
vt 0.147372 0.213538
vt 0.173189 0.214249
vt 0.121963 0.213001
vt 0.150386 0.197570
vt 0.177732 0.198077
vt 0.123454 0.197191
vt 0.151396 0.179272
vt 0.179240 0.179580
vt 0.123960 0.179051
vt 0.177920 0.153653
vt 0.150529 0.153633
vt 0.123554 0.153627
vt 0.173601 0.127152
vt 0.147691 0.127444
vt 0.122166 0.127669
vt 0.166239 0.102614
vt 0.142811 0.103186
vt 0.119726 0.103610
vt 0.156072 0.078147
vt 0.136021 0.078972
vt 0.116297 0.079558
vt 0.143397 0.056956
vt 0.127739 0.057612
vt 0.112132 0.058358
vt 0.129011 0.038474
vt 0.118232 0.039119
vt 0.107347 0.040039
vt 0.113120 0.022983
vt 0.107793 0.023221
vt 0.101951 0.024509
vt 0.464532 0.025901
vt 0.458347 0.019748
vt 0.654676 0.640853
vt 0.651496 0.624481
vt 0.655825 0.624481
vt 0.653870 0.608171
vt 0.658199 0.608171
vt 0.656576 0.591924
vt 0.660906 0.591924
vt 0.660771 0.575731
vt 0.665101 0.575731
vt 0.664454 0.559577
vt 0.668784 0.559577
vt 0.667786 0.543439
vt 0.672116 0.543439
vt 0.670274 0.525422
vt 0.674604 0.525422
vt 0.670280 0.500041
vt 0.674609 0.500041
vt 0.672127 0.473958
vt 0.667798 0.473958
vt 0.668799 0.449155
vt 0.664470 0.449155
vt 0.665122 0.423480
vt 0.660792 0.423480
vt 0.662322 0.399352
vt 0.657992 0.399352
vt 0.658876 0.376449
vt 0.654546 0.376449
vt 0.657102 0.354329
vt 0.652772 0.354329
vt 0.656098 0.335569
vt 0.611474 0.888633
vt 0.618058 0.883008
vt 0.617492 0.888605
vt 0.612275 0.877905
vt 0.618478 0.877434
vt 0.619192 0.871783
vt 0.613649 0.866884
vt 0.614178 0.855998
vt 0.603137 0.888681
vt 0.603907 0.873176
vt 0.605013 0.857388
vt 0.605923 0.841518
vt 0.593841 0.849118
vt 0.595102 0.828839
vt 0.592941 0.869068
vt 0.592115 0.888748
vt 0.578747 0.888827
vt 0.579832 0.865744
vt 0.580570 0.842390
vt 0.581566 0.818671
vt 0.565806 0.837429
vt 0.566585 0.811152
vt 0.565221 0.863316
vt 0.564281 0.888933
vt 0.549966 0.834477
vt 0.550548 0.806638
vt 0.549533 0.861919
vt 0.548602 0.889060
vt 0.531838 0.833603
vt 0.532228 0.805252
vt 0.531559 0.861558
vt 0.530090 0.889224
vt 0.506609 0.806858
vt 0.506503 0.834744
vt 0.506436 0.862226
vt 0.506418 0.889459
vt 0.480467 0.811548
vt 0.480671 0.837920
vt 0.480834 0.863917
vt 0.481476 0.889724
vt 0.456277 0.819322
vt 0.456764 0.843162
vt 0.457129 0.866667
vt 0.457519 0.889991
vt 0.432164 0.829954
vt 0.432911 0.850348
vt 0.433444 0.870423
vt 0.434166 0.890259
vt 0.411277 0.843101
vt 0.411885 0.859034
vt 0.412585 0.874909
vt 0.413275 0.890500
vt 0.393079 0.857978
vt 0.393692 0.868943
vt 0.394571 0.879999
vt 0.395226 0.890710
vt 0.377825 0.874337
vt 0.378057 0.879763
vt 0.379308 0.885671
vt 0.380452 0.890883
vt 0.369476 0.891015
vt 0.659006 0.640853
vt 0.660155 0.624481
vt 0.662529 0.608171
vt 0.665235 0.591924
vt 0.669430 0.575731
vt 0.673113 0.559577
vt 0.676446 0.543439
vt 0.678934 0.525422
vt 0.676457 0.473958
vt 0.678939 0.500041
vt 0.673129 0.449155
vt 0.669452 0.423480
vt 0.666651 0.399352
vt 0.663205 0.376449
vt 0.661432 0.354329
vt 0.660428 0.335569
vt 0.653798 0.657213
vt 0.661350 0.651759
vt 0.662457 0.657213
vt 0.902982 0.470616
vt 0.908607 0.464032
vt 0.913710 0.469815
vt 0.914181 0.463612
vt 0.924731 0.468442
vt 0.919832 0.462898
vt 0.902934 0.478953
vt 0.918439 0.478183
vt 0.934227 0.477077
vt 0.935617 0.467912
vt 0.950097 0.476167
vt 0.942497 0.488249
vt 0.962776 0.486988
vt 0.922547 0.489150
vt 0.902867 0.489976
vt 0.902788 0.503343
vt 0.925870 0.502258
vt 0.949225 0.501520
vt 0.972944 0.500524
vt 0.954186 0.516284
vt 0.928299 0.516870
vt 0.902682 0.517809
vt 0.957138 0.532124
vt 0.980463 0.515505
vt 0.984977 0.531543
vt 0.929696 0.532557
vt 0.902555 0.533488
vt 0.958012 0.550252
vt 0.930057 0.550532
vt 0.984757 0.575481
vt 0.986362 0.549862
vt 0.956871 0.575588
vt 0.929389 0.575655
vt 0.902391 0.552000
vt 0.902156 0.575672
vt 0.980067 0.601623
vt 0.953695 0.601419
vt 0.927698 0.601256
vt 0.901891 0.600614
vt 0.972293 0.625813
vt 0.948453 0.625326
vt 0.924948 0.624961
vt 0.961661 0.649926
vt 0.941267 0.649179
vt 0.921192 0.648646
vt 0.901624 0.624571
vt 0.901356 0.647924
vt 0.948514 0.670814
vt 0.932580 0.670205
vt 0.916706 0.669505
vt 0.901115 0.668815
vt 0.933637 0.689011
vt 0.922672 0.688398
vt 0.911616 0.687519
vt 0.900904 0.686864
vt 0.917278 0.704265
vt 0.911852 0.704034
vt 0.905944 0.702782
vt 0.900732 0.701638
vt 0.900600 0.712614
vt 0.652691 0.651759
vt 0.660470 0.646306
vt 0.650346 0.640852
vt 0.654421 0.030763
vt 0.650995 0.047224
vt 0.650091 0.030763
vt 0.655324 0.047224
vt 0.653142 0.063669
vt 0.657472 0.063669
vt 0.655650 0.080076
vt 0.659979 0.080076
vt 0.659682 0.096429
vt 0.664012 0.096429
vt 0.663244 0.112720
vt 0.667573 0.112720
vt 0.666501 0.128949
vt 0.670831 0.128949
vt 0.668964 0.146998
vt 0.673294 0.146998
vt 0.668995 0.172347
vt 0.670917 0.198336
vt 0.673324 0.172347
vt 0.667710 0.222991
vt 0.666587 0.198336
vt 0.664195 0.248476
vt 0.663380 0.222991
vt 0.661594 0.272388
vt 0.659866 0.248476
vt 0.658374 0.295067
vt 0.657264 0.272388
vt 0.656847 0.316967
vt 0.654045 0.295067
vt 0.652517 0.316967
vt 0.618058 0.894219
vt 0.612274 0.899367
vt 0.618478 0.899808
vt 0.613647 0.910433
vt 0.619192 0.905481
vt 0.603905 0.904193
vt 0.605009 0.920026
vt 0.614176 0.921343
vt 0.605918 0.935938
vt 0.593834 0.928437
vt 0.595091 0.948778
vt 0.592938 0.908442
vt 0.579828 0.911946
vt 0.580559 0.935345
vt 0.581548 0.959127
vt 0.565791 0.940529
vt 0.565216 0.914597
vt 0.549948 0.943729
vt 0.566560 0.966869
vt 0.550517 0.971632
vt 0.549527 0.916243
vt 0.531820 0.944914
vt 0.531553 0.916913
vt 0.506586 0.972212
vt 0.532194 0.973327
vt 0.506490 0.944264
vt 0.506432 0.916737
vt 0.480459 0.968062
vt 0.480668 0.941628
vt 0.480835 0.915586
vt 0.456283 0.960805
vt 0.456768 0.936903
vt 0.457133 0.913354
vt 0.432180 0.950699
vt 0.432920 0.930242
vt 0.433447 0.910123
vt 0.411295 0.938007
vt 0.411899 0.922032
vt 0.412590 0.906114
vt 0.393100 0.923540
vt 0.393709 0.912542
vt 0.394577 0.901443
vt 0.377837 0.907514
vt 0.378070 0.902080
vt 0.379307 0.896127
vt 0.658751 0.030763
vt 0.659654 0.047224
vt 0.661801 0.063669
vt 0.664309 0.080076
vt 0.668341 0.096429
vt 0.671903 0.112720
vt 0.675161 0.128949
vt 0.677624 0.146998
vt 0.675246 0.198336
vt 0.672040 0.222991
vt 0.668525 0.248476
vt 0.665923 0.272388
vt 0.662704 0.295067
vt 0.661176 0.316967
vt 0.653799 0.014402
vt 0.661266 0.019856
vt 0.652607 0.019856
vt 0.897396 0.464032
vt 0.903010 0.464598
vt 0.892247 0.469816
vt 0.891807 0.463612
vt 0.886134 0.462898
vt 0.881182 0.468443
vt 0.870272 0.467914
vt 0.887422 0.478185
vt 0.871589 0.477081
vt 0.855677 0.476173
vt 0.863178 0.488256
vt 0.842837 0.486999
vt 0.883173 0.489153
vt 0.879669 0.502262
vt 0.856270 0.501531
vt 0.832488 0.500542
vt 0.851086 0.516299
vt 0.824746 0.515530
vt 0.877018 0.516875
vt 0.847885 0.532142
vt 0.819983 0.531574
vt 0.875372 0.532564
vt 0.846701 0.550270
vt 0.818288 0.549896
vt 0.874702 0.550537
vt 0.819403 0.575505
vt 0.847351 0.575600
vt 0.874878 0.575658
vt 0.823553 0.601632
vt 0.849987 0.601423
vt 0.876029 0.601255
vt 0.830809 0.625807
vt 0.854712 0.625322
vt 0.878261 0.624958
vt 0.840916 0.649910
vt 0.861373 0.649170
vt 0.881492 0.648643
vt 0.853607 0.670795
vt 0.869583 0.670191
vt 0.885501 0.669500
vt 0.868075 0.688990
vt 0.879073 0.688381
vt 0.890172 0.687513
vt 0.884101 0.704253
vt 0.889535 0.704020
vt 0.895488 0.702783
vt 0.660300 0.025309
vt 0.651641 0.025309
vt 0.564965 0.641046
vt 0.561312 0.624746
vt 0.565661 0.624724
vt 0.563228 0.608376
vt 0.567578 0.608354
vt 0.565484 0.591978
vt 0.569833 0.591956
vt 0.569255 0.575565
vt 0.573604 0.575543
vt 0.572545 0.559167
vt 0.576895 0.559145
vt 0.575530 0.542801
vt 0.579880 0.542779
vt 0.577693 0.524598
vt 0.582042 0.524577
vt 0.581652 0.499049
vt 0.577303 0.499071
vt 0.578821 0.472923
vt 0.574472 0.472945
vt 0.575234 0.448190
vt 0.570884 0.448211
vt 0.571348 0.422670
vt 0.566998 0.422692
vt 0.568433 0.398788
vt 0.564083 0.398810
vt 0.564945 0.376201
vt 0.560595 0.376223
vt 0.563193 0.354430
vt 0.558843 0.354452
vt 0.562319 0.336019
vt 0.833091 0.760990
vt 0.839678 0.755480
vt 0.839119 0.761037
vt 0.833886 0.750384
vt 0.840092 0.749950
vt 0.840798 0.744331
vt 0.835242 0.739424
vt 0.835761 0.728632
vt 0.824735 0.760912
vt 0.825497 0.745586
vt 0.826581 0.729918
vt 0.827472 0.714172
vt 0.815371 0.721564
vt 0.816598 0.701427
vt 0.814497 0.741341
vt 0.813684 0.760805
vt 0.800283 0.760678
vt 0.801340 0.737820
vt 0.802046 0.714679
vt 0.803000 0.691144
vt 0.787211 0.709484
vt 0.787940 0.683422
vt 0.786664 0.735126
vt 0.785759 0.760512
vt 0.771288 0.706240
vt 0.771810 0.678635
vt 0.770899 0.733416
vt 0.770007 0.760280
vt 0.753052 0.704969
vt 0.753373 0.676863
vt 0.752821 0.732651
vt 0.751390 0.760021
vt 0.727571 0.677803
vt 0.727532 0.705447
vt 0.727507 0.732656
vt 0.727552 0.759654
vt 0.701227 0.681726
vt 0.701495 0.707873
vt 0.701704 0.733628
vt 0.702389 0.759183
vt 0.676847 0.688728
vt 0.677387 0.712371
vt 0.677787 0.735658
vt 0.678201 0.758754
vt 0.652538 0.698541
vt 0.653324 0.718780
vt 0.653883 0.738679
vt 0.654617 0.758317
vt 0.631474 0.710931
vt 0.632104 0.726731
vt 0.632822 0.742481
vt 0.633516 0.757920
vt 0.613110 0.725084
vt 0.613736 0.735965
vt 0.614627 0.746956
vt 0.615284 0.757572
vt 0.597703 0.740810
vt 0.597939 0.746181
vt 0.599197 0.752094
vt 0.600356 0.757286
vt 0.589257 0.757067
vt 0.569315 0.641024
vt 0.570011 0.624702
vt 0.571927 0.608332
vt 0.574183 0.591935
vt 0.577954 0.575522
vt 0.581245 0.559124
vt 0.584229 0.542758
vt 0.586002 0.499028
vt 0.586392 0.524555
vt 0.583171 0.472901
vt 0.579584 0.448168
vt 0.575697 0.422649
vt 0.572782 0.398766
vt 0.569295 0.376180
vt 0.567543 0.354408
vt 0.566669 0.335997
vt 0.564499 0.657213
vt 0.571948 0.651788
vt 0.573198 0.657169
vt 0.022310 0.767508
vt 0.015723 0.761997
vt 0.021516 0.756902
vt 0.015309 0.756467
vt 0.020159 0.745942
vt 0.014603 0.750848
vt 0.030666 0.767430
vt 0.029904 0.752103
vt 0.028820 0.736436
vt 0.019641 0.735150
vt 0.027930 0.720689
vt 0.040031 0.728082
vt 0.038803 0.707945
vt 0.040905 0.747859
vt 0.041718 0.767322
vt 0.055118 0.767196
vt 0.054062 0.744337
vt 0.053355 0.721197
vt 0.052401 0.697661
vt 0.068190 0.716002
vt 0.068737 0.741644
vt 0.069642 0.767030
vt 0.084114 0.712758
vt 0.067461 0.689939
vt 0.083591 0.685153
vt 0.084503 0.739934
vt 0.085395 0.766797
vt 0.102349 0.711487
vt 0.102580 0.739169
vt 0.127830 0.684320
vt 0.102028 0.683381
vt 0.127870 0.711964
vt 0.127894 0.739174
vt 0.104012 0.766539
vt 0.127849 0.766171
vt 0.154174 0.688244
vt 0.153907 0.714391
vt 0.153698 0.740146
vt 0.153012 0.765701
vt 0.178554 0.695245
vt 0.178015 0.718889
vt 0.177614 0.742176
vt 0.202864 0.705058
vt 0.202077 0.725298
vt 0.201518 0.745196
vt 0.177200 0.765272
vt 0.200785 0.764834
vt 0.223927 0.717448
vt 0.223297 0.733249
vt 0.222579 0.748999
vt 0.221885 0.764438
vt 0.242292 0.731602
vt 0.241666 0.742482
vt 0.240774 0.753473
vt 0.240117 0.764089
vt 0.257698 0.747327
vt 0.257462 0.752699
vt 0.256204 0.758611
vt 0.255045 0.763804
vt 0.266144 0.763585
vt 0.563248 0.651831
vt 0.570925 0.646404
vt 0.560616 0.641068
vt 0.562319 0.030217
vt 0.559224 0.046406
vt 0.557970 0.030239
vt 0.563574 0.046384
vt 0.561668 0.062536
vt 0.566018 0.062514
vt 0.564406 0.078651
vt 0.568756 0.078629
vt 0.568603 0.094767
vt 0.572952 0.094746
vt 0.572251 0.110913
vt 0.576601 0.110891
vt 0.575519 0.127102
vt 0.579869 0.127080
vt 0.577904 0.145231
vt 0.582079 0.170790
vt 0.582254 0.145209
vt 0.579391 0.197094
vt 0.577729 0.170812
vt 0.575857 0.222098
vt 0.575041 0.197116
vt 0.571965 0.247960
vt 0.571507 0.222120
vt 0.568972 0.272218
vt 0.567616 0.247982
vt 0.565347 0.295199
vt 0.564622 0.272239
vt 0.563419 0.317343
vt 0.560997 0.295221
vt 0.559069 0.317364
vt 0.839678 0.766564
vt 0.833888 0.771585
vt 0.840092 0.772070
vt 0.835245 0.782471
vt 0.840798 0.777652
vt 0.825503 0.776226
vt 0.826590 0.791817
vt 0.835765 0.793223
vt 0.827485 0.807493
vt 0.815387 0.799940
vt 0.816623 0.819972
vt 0.814506 0.780240
vt 0.801353 0.783465
vt 0.802072 0.806529
vt 0.803042 0.829960
vt 0.787245 0.811362
vt 0.786681 0.785792
vt 0.771328 0.814200
vt 0.787995 0.837320
vt 0.771876 0.841701
vt 0.770921 0.787103
vt 0.753093 0.814965
vt 0.752841 0.787357
vt 0.727620 0.841233
vt 0.753444 0.842971
vt 0.727562 0.813683
vt 0.727531 0.786540
vt 0.701239 0.836425
vt 0.701500 0.810370
vt 0.701703 0.784686
vt 0.676825 0.828569
vt 0.677373 0.805019
vt 0.677780 0.781799
vt 0.652494 0.817883
vt 0.653300 0.797741
vt 0.653873 0.777911
vt 0.631427 0.804736
vt 0.632072 0.789000
vt 0.632809 0.773321
vt 0.613063 0.789902
vt 0.613700 0.779075
vt 0.614613 0.768154
vt 0.597676 0.773622
vt 0.597913 0.768264
vt 0.599196 0.762427
vt 0.566669 0.030196
vt 0.567923 0.046362
vt 0.570367 0.062492
vt 0.573105 0.078608
vt 0.577302 0.094724
vt 0.580950 0.110869
vt 0.584218 0.127058
vt 0.586429 0.170769
vt 0.583740 0.197072
vt 0.580207 0.222076
vt 0.576315 0.247938
vt 0.573321 0.272196
vt 0.569697 0.295177
vt 0.567769 0.317321
vt 0.561279 0.014058
vt 0.568919 0.019408
vt 0.560220 0.019452
vt 0.015724 0.773082
vt 0.016283 0.767555
vt 0.021513 0.778103
vt 0.015310 0.778588
vt 0.014603 0.784170
vt 0.020156 0.788989
vt 0.019636 0.799741
vt 0.029899 0.782743
vt 0.028811 0.798335
vt 0.027917 0.814010
vt 0.040014 0.806458
vt 0.038778 0.826490
vt 0.040896 0.786758
vt 0.054049 0.789983
vt 0.053329 0.813047
vt 0.052359 0.836477
vt 0.068156 0.817880
vt 0.067406 0.843838
vt 0.068721 0.792310
vt 0.084073 0.820717
vt 0.083525 0.848218
vt 0.084480 0.793621
vt 0.102308 0.821483
vt 0.101957 0.849488
vt 0.102560 0.793874
vt 0.127782 0.847751
vt 0.127839 0.820200
vt 0.127870 0.793057
vt 0.154162 0.842942
vt 0.153901 0.816887
vt 0.153699 0.791204
vt 0.178576 0.835086
vt 0.178028 0.811536
vt 0.177621 0.788316
vt 0.202907 0.824401
vt 0.202101 0.804258
vt 0.201528 0.784429
vt 0.223974 0.811253
vt 0.223329 0.795518
vt 0.222592 0.779839
vt 0.242339 0.796419
vt 0.241701 0.785592
vt 0.240788 0.774672
vt 0.257725 0.780140
vt 0.257489 0.774781
vt 0.256205 0.768945
vt 0.568087 0.024800
vt 0.559388 0.024844
vt 0.510684 0.079832
vt 0.501462 0.093493
vt 0.498393 0.090410
vt 0.488353 0.103205
vt 0.485285 0.100122
vt 0.475047 0.112699
vt 0.471978 0.109616
vt 0.460706 0.121165
vt 0.457638 0.118083
vt 0.446733 0.130039
vt 0.443665 0.126956
vt 0.432999 0.139213
vt 0.429931 0.136130
vt 0.418523 0.150384
vt 0.415455 0.147301
vt 0.397538 0.165560
vt 0.400606 0.168643
vt 0.380894 0.186105
vt 0.383962 0.189188
vt 0.365765 0.206324
vt 0.368834 0.209407
vt 0.350286 0.227404
vt 0.353354 0.230487
vt 0.335301 0.246714
vt 0.338369 0.249797
vt 0.321663 0.265563
vt 0.324732 0.268646
vt 0.307414 0.282622
vt 0.310482 0.285705
vt 0.295023 0.296639
vt 0.515891 0.696924
vt 0.522477 0.691350
vt 0.521919 0.696878
vt 0.516688 0.686329
vt 0.522891 0.685844
vt 0.523598 0.680262
vt 0.518045 0.675443
vt 0.518565 0.664691
vt 0.507535 0.697002
vt 0.508302 0.681689
vt 0.509390 0.666097
vt 0.510284 0.650422
vt 0.498187 0.657974
vt 0.499423 0.637942
vt 0.497305 0.677675
vt 0.496484 0.697110
vt 0.483083 0.697236
vt 0.484152 0.674449
vt 0.484872 0.651385
vt 0.485842 0.627955
vt 0.470045 0.646552
vt 0.470795 0.620594
vt 0.469481 0.672122
vt 0.468559 0.697402
vt 0.454128 0.643715
vt 0.454676 0.616214
vt 0.453721 0.670811
vt 0.452806 0.697635
vt 0.435893 0.642949
vt 0.436244 0.614944
vt 0.435641 0.670558
vt 0.434189 0.697893
vt 0.410419 0.616681
vt 0.410362 0.644232
vt 0.410331 0.671375
vt 0.410352 0.698261
vt 0.384039 0.621490
vt 0.384300 0.647545
vt 0.384502 0.673228
vt 0.385189 0.698731
vt 0.359625 0.629346
vt 0.360173 0.652896
vt 0.360580 0.676116
vt 0.361001 0.699160
vt 0.335294 0.640031
vt 0.336100 0.660174
vt 0.336673 0.680003
vt 0.337416 0.699598
vt 0.314227 0.653179
vt 0.314872 0.668914
vt 0.315609 0.684593
vt 0.316316 0.699994
vt 0.295862 0.668013
vt 0.296500 0.678840
vt 0.297413 0.689760
vt 0.298084 0.700343
vt 0.280476 0.684292
vt 0.280713 0.689651
vt 0.281996 0.695487
vt 0.283156 0.700628
vt 0.272057 0.700847
vt 0.507615 0.076749
vt 0.495325 0.087327
vt 0.482217 0.097039
vt 0.468910 0.106533
vt 0.454569 0.115000
vt 0.440596 0.123873
vt 0.426862 0.133047
vt 0.394469 0.162477
vt 0.412386 0.144218
vt 0.377825 0.183022
vt 0.362697 0.203241
vt 0.347217 0.224321
vt 0.332232 0.243631
vt 0.318595 0.262480
vt 0.304345 0.279539
vt 0.291954 0.293556
vt 0.522817 0.069110
vt 0.513628 0.067514
vt 0.516680 0.062944
vt 0.126595 0.548101
vt 0.120009 0.542527
vt 0.125798 0.537506
vt 0.119595 0.537021
vt 0.124441 0.526620
vt 0.118888 0.531439
vt 0.134951 0.548179
vt 0.134184 0.532865
vt 0.133096 0.517274
vt 0.123921 0.515868
vt 0.132202 0.501598
vt 0.144299 0.509151
vt 0.143063 0.489119
vt 0.145181 0.528851
vt 0.146002 0.548286
vt 0.159403 0.548413
vt 0.158334 0.525626
vt 0.157614 0.502562
vt 0.156644 0.479131
vt 0.172441 0.497729
vt 0.173006 0.523299
vt 0.173927 0.548579
vt 0.188358 0.494891
vt 0.171691 0.471771
vt 0.187810 0.467390
vt 0.188765 0.521988
vt 0.189680 0.548811
vt 0.206593 0.494126
vt 0.206845 0.521734
vt 0.232067 0.467858
vt 0.206242 0.466120
vt 0.232124 0.495408
vt 0.232155 0.522551
vt 0.208297 0.549070
vt 0.232134 0.549437
vt 0.258447 0.472666
vt 0.258186 0.498721
vt 0.257984 0.524405
vt 0.257297 0.549908
vt 0.282861 0.480522
vt 0.282313 0.504072
vt 0.281906 0.527292
vt 0.307193 0.491208
vt 0.306386 0.511350
vt 0.305813 0.531180
vt 0.281485 0.550337
vt 0.305070 0.550774
vt 0.328259 0.504355
vt 0.327614 0.520091
vt 0.326877 0.535770
vt 0.326170 0.551171
vt 0.346624 0.519189
vt 0.345986 0.530016
vt 0.345073 0.540937
vt 0.344402 0.551519
vt 0.362010 0.535469
vt 0.361774 0.540827
vt 0.360490 0.546664
vt 0.359330 0.551805
vt 0.370429 0.552024
vt 0.519765 0.073680
vt 0.510415 0.071924
vt 0.513752 0.082915
vt 0.078031 0.511030
vt 0.092118 0.502050
vt 0.081100 0.514113
vt 0.089049 0.498967
vt 0.102303 0.489093
vt 0.099235 0.486010
vt 0.112269 0.475876
vt 0.109200 0.472793
vt 0.121170 0.461580
vt 0.118101 0.458497
vt 0.130401 0.447634
vt 0.127333 0.444551
vt 0.139827 0.433926
vt 0.136759 0.430843
vt 0.151131 0.419496
vt 0.166342 0.398589
vt 0.148063 0.416413
vt 0.186774 0.382063
vt 0.169410 0.401672
vt 0.206760 0.367057
vt 0.189842 0.385146
vt 0.227512 0.351706
vt 0.209829 0.370140
vt 0.246422 0.336829
vt 0.230581 0.354789
vt 0.264823 0.323275
vt 0.249490 0.339912
vt 0.281419 0.309075
vt 0.267891 0.326358
vt 0.284488 0.312158
vt 0.522478 0.702435
vt 0.516685 0.707530
vt 0.522892 0.707965
vt 0.518042 0.718490
vt 0.523598 0.713584
vt 0.508297 0.712329
vt 0.509381 0.727996
vt 0.518560 0.729282
vt 0.510271 0.743743
vt 0.498170 0.736351
vt 0.499398 0.756487
vt 0.497296 0.716573
vt 0.484139 0.720095
vt 0.484846 0.743235
vt 0.485800 0.766771
vt 0.470011 0.748430
vt 0.469464 0.722788
vt 0.454087 0.751674
vt 0.470740 0.774493
vt 0.454610 0.779279
vt 0.453698 0.724498
vt 0.435852 0.752945
vt 0.435621 0.725263
vt 0.410371 0.780112
vt 0.436173 0.781051
vt 0.410331 0.752468
vt 0.410307 0.725259
vt 0.384027 0.776188
vt 0.384295 0.750041
vt 0.384503 0.724286
vt 0.359647 0.769187
vt 0.360186 0.745543
vt 0.360587 0.722256
vt 0.335337 0.759374
vt 0.336124 0.739134
vt 0.336683 0.719236
vt 0.314274 0.746984
vt 0.314904 0.731183
vt 0.315622 0.715433
vt 0.295909 0.732830
vt 0.296535 0.721950
vt 0.297427 0.710959
vt 0.280503 0.717105
vt 0.280739 0.711733
vt 0.281997 0.705821
vt 0.074963 0.507947
vt 0.085981 0.495884
vt 0.096166 0.482927
vt 0.106132 0.469710
vt 0.115033 0.455415
vt 0.124264 0.441468
vt 0.133690 0.427760
vt 0.163273 0.395506
vt 0.183705 0.378980
vt 0.203692 0.363974
vt 0.224444 0.348623
vt 0.243353 0.333746
vt 0.261755 0.320192
vt 0.278351 0.305992
vt 0.066961 0.522821
vt 0.065506 0.513721
vt 0.071643 0.519887
vt 0.120008 0.553611
vt 0.120568 0.548054
vt 0.125801 0.558707
vt 0.119594 0.559141
vt 0.118888 0.564761
vt 0.124444 0.569667
vt 0.123926 0.580459
vt 0.134189 0.563506
vt 0.133105 0.579173
vt 0.132215 0.594920
vt 0.144316 0.587527
vt 0.143088 0.607664
vt 0.145190 0.567750
vt 0.158347 0.571271
vt 0.157640 0.594412
vt 0.156686 0.617948
vt 0.172475 0.599607
vt 0.171746 0.625669
vt 0.173022 0.573965
vt 0.188398 0.602851
vt 0.187876 0.630456
vt 0.188788 0.575675
vt 0.206634 0.604122
vt 0.206313 0.632228
vt 0.206865 0.576440
vt 0.232115 0.631288
vt 0.232155 0.603644
vt 0.232179 0.576435
vt 0.258459 0.627365
vt 0.258192 0.601218
vt 0.257983 0.575463
vt 0.282839 0.620363
vt 0.282300 0.596720
vt 0.281900 0.573433
vt 0.307149 0.610551
vt 0.306362 0.590311
vt 0.305803 0.570412
vt 0.328212 0.598160
vt 0.327582 0.582360
vt 0.326864 0.566610
vt 0.346577 0.584007
vt 0.345951 0.573126
vt 0.345059 0.562135
vt 0.361983 0.568281
vt 0.361747 0.562910
vt 0.360489 0.556997
vt 0.070028 0.510626
vt 0.076165 0.516792
vt 0.608795 0.640853
vt 0.605369 0.624391
vt 0.609698 0.624391
vt 0.607516 0.607946
vt 0.611846 0.607946
vt 0.610024 0.591539
vt 0.614354 0.591539
vt 0.614056 0.575186
vt 0.618386 0.575186
vt 0.617618 0.558896
vt 0.621948 0.558896
vt 0.620876 0.542667
vt 0.625205 0.542667
vt 0.623339 0.524617
vt 0.627668 0.524617
vt 0.623369 0.499268
vt 0.627699 0.499268
vt 0.625291 0.473279
vt 0.620961 0.473279
vt 0.622084 0.448624
vt 0.617755 0.448624
vt 0.618570 0.423139
vt 0.614240 0.423139
vt 0.615968 0.399228
vt 0.611639 0.399228
vt 0.612749 0.376549
vt 0.608419 0.376549
vt 0.611221 0.354649
vt 0.606892 0.354649
vt 0.610473 0.336046
vt 0.943882 0.099118
vt 0.950467 0.093532
vt 0.949900 0.099147
vt 0.944682 0.088384
vt 0.950887 0.087943
vt 0.951601 0.082270
vt 0.946056 0.077318
vt 0.946584 0.066409
vt 0.935546 0.099070
vt 0.936313 0.083558
vt 0.937418 0.067725
vt 0.938326 0.051813
vt 0.926242 0.059314
vt 0.927500 0.038974
vt 0.925346 0.079309
vt 0.924523 0.099004
vt 0.911155 0.098924
vt 0.912236 0.075805
vt 0.912967 0.052406
vt 0.913956 0.028624
vt 0.898200 0.047223
vt 0.898968 0.020883
vt 0.897624 0.073155
vt 0.896689 0.098819
vt 0.882357 0.044022
vt 0.882925 0.016119
vt 0.881935 0.071508
vt 0.881011 0.098692
vt 0.864228 0.042837
vt 0.864602 0.014424
vt 0.863961 0.070838
vt 0.862499 0.098527
vt 0.838994 0.015539
vt 0.838898 0.043487
vt 0.838841 0.071014
vt 0.838827 0.098293
vt 0.812867 0.019689
vt 0.813076 0.046123
vt 0.813243 0.072165
vt 0.813885 0.098028
vt 0.788691 0.026946
vt 0.789177 0.050848
vt 0.789541 0.074397
vt 0.789927 0.097760
vt 0.764588 0.037052
vt 0.765328 0.057509
vt 0.765856 0.077628
vt 0.766575 0.097492
vt 0.743704 0.049744
vt 0.744307 0.065719
vt 0.744998 0.081637
vt 0.745683 0.097251
vt 0.725509 0.064212
vt 0.726117 0.075209
vt 0.726986 0.086308
vt 0.727634 0.097041
vt 0.710245 0.080237
vt 0.710478 0.085671
vt 0.711715 0.091625
vt 0.712860 0.096868
vt 0.701884 0.096736
vt 0.613125 0.640853
vt 0.614028 0.624391
vt 0.616175 0.607946
vt 0.618683 0.591539
vt 0.622715 0.575186
vt 0.626277 0.558896
vt 0.629535 0.542667
vt 0.631998 0.524617
vt 0.629621 0.473279
vt 0.632028 0.499268
vt 0.626414 0.448624
vt 0.622900 0.423139
vt 0.620298 0.399228
vt 0.617079 0.376549
vt 0.615551 0.354649
vt 0.614802 0.336046
vt 0.608173 0.657213
vt 0.615640 0.651760
vt 0.616832 0.657213
vt 0.775658 0.243579
vt 0.781244 0.236994
vt 0.786392 0.242779
vt 0.786833 0.236575
vt 0.797457 0.241405
vt 0.792505 0.235860
vt 0.775706 0.251916
vt 0.791218 0.251148
vt 0.807051 0.250043
vt 0.808367 0.240877
vt 0.822963 0.249135
vt 0.815461 0.261219
vt 0.835802 0.259962
vt 0.795467 0.262115
vt 0.775772 0.262938
vt 0.775852 0.276306
vt 0.798971 0.275225
vt 0.822370 0.274494
vt 0.846152 0.273505
vt 0.827553 0.289261
vt 0.801621 0.289837
vt 0.775957 0.290772
vt 0.830754 0.305104
vt 0.853893 0.288493
vt 0.858657 0.304536
vt 0.803267 0.305526
vt 0.776084 0.306450
vt 0.831938 0.323233
vt 0.803938 0.323500
vt 0.859236 0.348467
vt 0.860351 0.322859
vt 0.831288 0.348563
vt 0.803762 0.348620
vt 0.776249 0.324963
vt 0.776483 0.348635
vt 0.855087 0.374594
vt 0.828653 0.374385
vt 0.802610 0.374218
vt 0.776748 0.373576
vt 0.847830 0.398770
vt 0.823928 0.398284
vt 0.800379 0.397920
vt 0.837724 0.422873
vt 0.817267 0.422133
vt 0.797148 0.421605
vt 0.777016 0.397534
vt 0.777283 0.420887
vt 0.825032 0.443758
vt 0.809057 0.443154
vt 0.793139 0.442463
vt 0.777524 0.441778
vt 0.810564 0.461953
vt 0.799567 0.461344
vt 0.788467 0.460475
vt 0.777735 0.459827
vt 0.794539 0.477216
vt 0.789105 0.476983
vt 0.783151 0.475746
vt 0.777908 0.474601
vt 0.778040 0.485577
vt 0.606981 0.651760
vt 0.614674 0.646306
vt 0.604465 0.640853
vt 0.609052 0.030763
vt 0.605871 0.047134
vt 0.604722 0.030763
vt 0.610201 0.047134
vt 0.608245 0.063444
vt 0.612575 0.063444
vt 0.610951 0.079692
vt 0.615281 0.079692
vt 0.615147 0.095884
vt 0.619476 0.095884
vt 0.618829 0.112038
vt 0.623159 0.112038
vt 0.622162 0.128176
vt 0.626491 0.128176
vt 0.624650 0.146193
vt 0.628979 0.146193
vt 0.624655 0.171575
vt 0.626502 0.197657
vt 0.628985 0.171575
vt 0.623174 0.222460
vt 0.622173 0.197657
vt 0.619497 0.248136
vt 0.618845 0.222460
vt 0.616697 0.272263
vt 0.615167 0.248136
vt 0.613251 0.295166
vt 0.612367 0.272263
vt 0.611477 0.317286
vt 0.608921 0.295166
vt 0.607147 0.317286
vt 0.950467 0.104743
vt 0.944683 0.109846
vt 0.950886 0.110318
vt 0.946057 0.120867
vt 0.951601 0.115968
vt 0.936316 0.114575
vt 0.937421 0.130363
vt 0.946586 0.131754
vt 0.938332 0.146234
vt 0.926249 0.138633
vt 0.927511 0.158912
vt 0.925349 0.118684
vt 0.912240 0.122007
vt 0.912978 0.145361
vt 0.913975 0.169080
vt 0.898214 0.150323
vt 0.897629 0.124436
vt 0.882374 0.153274
vt 0.898994 0.176600
vt 0.882956 0.181114
vt 0.881942 0.125833
vt 0.864246 0.154148
vt 0.863967 0.126193
vt 0.839018 0.180893
vt 0.864636 0.182499
vt 0.838911 0.153007
vt 0.838844 0.125526
vt 0.812875 0.176204
vt 0.813079 0.149831
vt 0.813242 0.123834
vt 0.788685 0.168430
vt 0.789172 0.144589
vt 0.789538 0.121085
vt 0.764572 0.157798
vt 0.765320 0.137403
vt 0.765852 0.117328
vt 0.743685 0.144651
vt 0.744294 0.128717
vt 0.744993 0.112842
vt 0.725488 0.129773
vt 0.726101 0.118808
vt 0.726979 0.107753
vt 0.710233 0.113414
vt 0.710465 0.107988
vt 0.711716 0.102081
vt 0.613381 0.030763
vt 0.614530 0.047134
vt 0.616904 0.063444
vt 0.619611 0.079692
vt 0.623806 0.095884
vt 0.627489 0.112038
vt 0.630821 0.128176
vt 0.633309 0.146193
vt 0.630832 0.197657
vt 0.627504 0.222460
vt 0.623827 0.248136
vt 0.621026 0.272263
vt 0.617580 0.295166
vt 0.615807 0.317286
vt 0.608174 0.014402
vt 0.615726 0.019856
vt 0.607067 0.019856
vt 0.770033 0.236995
vt 0.775629 0.237561
vt 0.764930 0.242778
vt 0.764458 0.236575
vt 0.758808 0.235860
vt 0.753909 0.241404
vt 0.743022 0.240875
vt 0.760201 0.251146
vt 0.744412 0.250040
vt 0.728542 0.249129
vt 0.736143 0.261212
vt 0.715864 0.259950
vt 0.756092 0.262112
vt 0.752769 0.275221
vt 0.729415 0.274483
vt 0.705695 0.273487
vt 0.724453 0.289247
vt 0.698176 0.288468
vt 0.750340 0.289832
vt 0.721502 0.305087
vt 0.693662 0.304505
vt 0.748943 0.305520
vt 0.720627 0.323215
vt 0.692277 0.322825
vt 0.748583 0.323494
vt 0.693882 0.348443
vt 0.721769 0.348550
vt 0.749250 0.348617
vt 0.698572 0.374586
vt 0.724945 0.374382
vt 0.750942 0.374219
vt 0.706346 0.398776
vt 0.730186 0.398289
vt 0.753691 0.397924
vt 0.716978 0.422889
vt 0.737373 0.422142
vt 0.757448 0.421609
vt 0.730125 0.443776
vt 0.746059 0.443167
vt 0.761934 0.442468
vt 0.745003 0.461973
vt 0.755968 0.461361
vt 0.767023 0.460482
vt 0.761362 0.477228
vt 0.766788 0.476996
vt 0.772695 0.475745
vt 0.614846 0.025309
vt 0.606186 0.025309
vt 0.235758 0.236987
vt 0.019700 0.460723
vt 0.390839 0.123302
vt 0.473556 0.019790
vt 0.651768 0.335569
vt 0.651811 0.646306
vt 0.677654 0.172347
vt 0.662458 0.014402
vt 0.557970 0.336041
vt 0.562225 0.646448
vt 0.586603 0.145187
vt 0.569978 0.014015
vt 0.298091 0.299722
vt 0.516552 0.078090
vt 0.144994 0.413330
vt 0.060824 0.516655
vt 0.606143 0.336046
vt 0.606015 0.646306
vt 0.633314 0.171575
vt 0.616833 0.014402
s 0
usemtl マテリアル.002
f 1197/1/1 1/2/1 1196/3/1
f 1196/3/2 3/4/2 32/5/2
f 32/5/3 4/6/3 33/7/3
f 33/7/4 5/8/4 34/9/4
f 34/9/5 6/10/5 35/11/5
f 35/11/6 7/12/6 36/13/6
f 36/13/7 8/14/7 37/15/7
f 8/14/8 38/16/8 37/15/8
f 9/17/9 39/18/9 38/16/9
f 10/19/10 40/20/10 39/18/10
f 11/21/11 41/22/11 40/20/11
f 12/23/12 42/24/12 41/22/12
f 13/25/13 43/26/13 42/24/13
f 14/27/14 44/28/14 43/26/14
f 15/29/15 45/30/15 44/28/15
f 74/31/16 17/32/16 75/33/16
f 19/34/17 18/35/17 17/32/17
f 2/36/18 20/37/18 1/38/18
f 73/39/19 19/34/19 74/31/19
f 21/40/20 20/37/20 19/34/20
f 1/38/21 22/41/21 3/42/21
f 3/42/22 24/43/22 4/44/22
f 23/45/23 22/41/23 21/40/23
f 72/46/24 21/40/24 73/39/24
f 71/47/25 23/45/25 72/46/25
f 25/48/26 24/43/26 23/45/26
f 4/44/27 26/49/27 5/50/27
f 5/50/28 28/51/28 6/52/28
f 27/53/29 26/49/29 25/48/29
f 25/48/30 70/54/30 27/53/30
f 6/52/31 30/55/31 7/56/31
f 29/57/32 28/51/32 27/53/32
f 69/58/33 27/53/33 70/54/33
f 7/56/34 46/59/34 8/60/34
f 31/61/35 30/55/35 29/57/35
f 31/61/36 69/58/36 68/62/36
f 46/59/37 9/63/37 8/60/37
f 48/64/38 31/61/38 47/65/38
f 47/65/39 68/62/39 67/66/39
f 48/64/40 10/67/40 9/63/40
f 50/68/41 47/65/41 49/69/41
f 49/69/42 67/66/42 66/70/42
f 50/68/43 11/71/43 10/67/43
f 52/72/44 49/69/44 51/73/44
f 51/73/45 66/70/45 65/74/45
f 52/72/46 12/75/46 11/71/46
f 54/76/47 51/73/47 53/77/47
f 53/77/48 65/74/48 64/78/48
f 54/76/49 13/79/49 12/75/49
f 56/80/50 53/77/50 55/81/50
f 55/81/51 64/78/51 63/82/51
f 56/80/52 14/83/52 13/79/52
f 58/84/53 55/81/53 57/85/53
f 57/85/54 63/82/54 62/86/54
f 58/84/55 15/87/55 14/83/55
f 60/88/56 57/85/56 59/89/56
f 59/89/57 62/86/57 61/90/57
f 61/90/58 16/91/58 59/89/58
f 59/89/59 16/91/59 60/88/59
f 16/91/60 15/87/60 60/88/60
f 1196/3/61 77/92/61 1197/1/61
f 32/5/62 76/93/62 1196/3/62
f 33/7/3 78/94/3 32/5/3
f 34/9/4 79/95/4 33/7/4
f 35/11/5 80/96/5 34/9/5
f 36/13/6 81/97/6 35/11/6
f 37/15/7 82/98/7 36/13/7
f 37/15/8 84/99/8 83/100/8
f 38/16/9 85/101/9 84/99/9
f 39/18/10 86/102/10 85/101/10
f 40/20/11 87/103/11 86/102/11
f 41/22/12 88/104/12 87/103/12
f 42/24/13 89/105/13 88/104/13
f 43/26/14 90/106/14 89/105/14
f 44/28/15 91/107/15 90/106/15
f 75/108/63 92/109/63 136/110/63
f 135/111/64 92/112/64 94/113/64
f 94/113/65 93/114/65 95/115/65
f 77/116/66 95/115/66 93/114/66
f 134/117/67 94/113/67 96/118/67
f 95/115/68 96/118/68 94/113/68
f 97/119/69 76/120/69 78/121/69
f 99/122/70 78/121/70 79/123/70
f 98/124/71 97/119/71 99/122/71
f 133/125/72 96/118/72 98/124/72
f 132/126/73 98/124/73 100/127/73
f 100/127/74 99/122/74 101/128/74
f 79/123/75 101/128/75 99/122/75
f 80/129/76 103/130/76 101/128/76
f 101/128/77 102/131/77 100/127/77
f 131/132/78 100/127/78 102/131/78
f 105/133/79 81/134/79 82/135/79
f 104/136/80 103/130/80 105/133/80
f 130/137/81 102/131/81 104/136/81
f 82/135/82 107/138/82 105/133/82
f 105/133/83 106/139/83 104/136/83
f 106/139/84 130/137/84 104/136/84
f 84/140/85 107/138/85 83/141/85
f 106/139/86 109/142/86 108/143/86
f 129/144/87 108/143/87 128/145/87
f 85/146/88 109/142/88 84/140/88
f 108/143/89 111/147/89 110/148/89
f 128/145/90 110/148/90 127/149/90
f 86/150/91 111/147/91 85/146/91
f 113/151/92 110/148/92 111/147/92
f 112/152/93 127/149/93 110/148/93
f 87/153/94 113/151/94 86/150/94
f 112/152/95 115/154/95 114/155/95
f 126/156/96 114/155/96 125/157/96
f 88/158/97 115/154/97 87/153/97
f 114/155/98 117/159/98 116/160/98
f 125/157/99 116/160/99 124/161/99
f 89/162/100 117/159/100 88/158/100
f 116/160/101 119/163/101 118/164/101
f 124/161/102 118/164/102 123/165/102
f 90/166/103 119/163/103 89/162/103
f 118/164/104 121/167/104 120/168/104
f 123/165/105 120/168/105 122/169/105
f 122/169/106 120/168/106 91/170/106
f 120/168/107 121/167/107 91/170/107
f 91/170/108 121/167/108 90/166/108
f 17/171/63 93/172/63 92/109/63
f 2/173/63 77/92/63 93/172/63
f 1199/174/109 137/175/109 138/176/109
f 1198/177/110 139/178/110 137/175/110
f 167/179/111 140/180/111 139/178/111
f 168/181/112 141/182/112 140/180/112
f 169/183/113 142/184/113 141/182/113
f 170/185/114 143/186/114 142/184/114
f 171/187/115 144/188/115 143/186/115
f 173/189/116 144/188/116 172/190/116
f 174/191/117 145/192/117 173/189/117
f 175/193/118 146/194/118 174/191/118
f 176/195/119 147/196/119 175/193/119
f 177/197/120 148/198/120 176/195/120
f 178/199/121 149/200/121 177/197/121
f 179/201/122 150/202/122 178/199/122
f 45/30/123 151/203/123 179/201/123
f 74/31/124 152/204/124 154/205/124
f 154/205/125 153/206/125 155/207/125
f 138/208/126 155/207/126 153/206/126
f 73/39/127 154/205/127 156/209/127
f 155/207/128 156/209/128 154/205/128
f 157/210/129 137/211/129 139/212/129
f 159/213/130 139/212/130 140/214/130
f 158/215/131 157/210/131 159/213/131
f 72/46/132 156/209/132 158/215/132
f 71/47/133 158/215/133 160/216/133
f 160/216/134 159/213/134 161/217/134
f 140/214/135 161/217/135 159/213/135
f 141/218/136 163/219/136 161/217/136
f 161/217/137 162/220/137 160/216/137
f 70/54/138 160/216/138 162/220/138
f 165/221/139 142/222/139 143/223/139
f 164/224/140 163/219/140 165/221/140
f 69/58/141 162/220/141 164/224/141
f 143/223/142 180/225/142 165/221/142
f 165/221/143 166/226/143 164/224/143
f 166/226/144 69/58/144 164/224/144
f 145/227/145 180/225/145 144/228/145
f 166/226/146 182/229/146 181/230/146
f 68/62/147 181/230/147 67/66/147
f 146/231/148 182/229/148 145/227/148
f 181/230/149 184/232/149 183/233/149
f 67/66/150 183/233/150 66/70/150
f 147/234/151 184/232/151 146/231/151
f 186/235/152 183/233/152 184/232/152
f 185/236/153 66/70/153 183/233/153
f 148/237/154 186/235/154 147/234/154
f 185/236/155 188/238/155 187/239/155
f 65/74/156 187/239/156 64/78/156
f 149/240/157 188/238/157 148/237/157
f 187/239/158 190/241/158 189/242/158
f 64/78/159 189/242/159 63/82/159
f 150/243/160 190/241/160 149/240/160
f 189/242/161 192/244/161 191/245/161
f 63/82/162 191/245/162 62/86/162
f 151/246/163 192/244/163 150/243/163
f 191/245/164 194/247/164 193/248/164
f 62/86/165 193/248/165 61/90/165
f 61/90/166 193/248/166 16/91/166
f 193/248/167 194/247/167 16/91/167
f 16/91/168 194/247/168 151/246/168
f 196/249/109 1198/177/109 1199/174/109
f 195/250/169 167/179/169 1198/177/169
f 197/251/111 168/181/111 167/179/111
f 198/252/112 169/183/112 168/181/112
f 199/253/113 170/185/113 169/183/113
f 200/254/114 171/187/114 170/185/114
f 201/255/115 172/190/115 171/187/115
f 172/190/116 203/256/116 173/189/116
f 173/189/117 204/257/117 174/191/117
f 174/191/118 205/258/118 175/193/118
f 175/193/119 206/259/119 176/195/119
f 176/195/120 207/260/120 177/197/120
f 177/197/121 208/261/121 178/199/121
f 178/199/122 209/262/122 179/201/122
f 179/201/123 91/107/123 45/30/123
f 75/263/63 210/264/63 152/265/63
f 135/111/170 210/266/170 136/267/170
f 212/268/171 211/269/171 210/266/171
f 196/270/172 213/271/172 195/272/172
f 134/117/173 212/268/173 135/111/173
f 214/273/174 213/271/174 212/268/174
f 195/272/175 215/274/175 197/275/175
f 197/275/176 217/276/176 198/277/176
f 216/278/177 215/274/177 214/273/177
f 133/125/178 214/273/178 134/117/178
f 132/126/179 216/278/179 133/125/179
f 218/279/180 217/276/180 216/278/180
f 198/277/181 219/280/181 199/281/181
f 199/281/182 221/282/182 200/283/182
f 220/284/183 219/280/183 218/279/183
f 218/279/184 131/132/184 220/284/184
f 200/283/185 223/285/185 201/286/185
f 222/287/186 221/282/186 220/284/186
f 130/137/187 220/284/187 131/132/187
f 201/286/188 225/288/188 202/289/188
f 224/290/189 223/285/189 222/287/189
f 224/290/190 130/137/190 129/144/190
f 225/288/191 203/291/191 202/289/191
f 227/292/192 224/290/192 226/293/192
f 226/293/193 129/144/193 128/145/193
f 227/292/194 204/294/194 203/291/194
f 229/295/195 226/293/195 228/296/195
f 228/296/196 128/145/196 127/149/196
f 229/295/197 205/297/197 204/294/197
f 231/298/198 228/296/198 230/299/198
f 230/299/199 127/149/199 126/156/199
f 231/298/200 206/300/200 205/297/200
f 233/301/201 230/299/201 232/302/201
f 232/302/202 126/156/202 125/157/202
f 233/301/203 207/303/203 206/300/203
f 235/304/204 232/302/204 234/305/204
f 234/305/205 125/157/205 124/161/205
f 235/304/206 208/306/206 207/303/206
f 237/307/207 234/305/207 236/308/207
f 236/308/208 124/161/208 123/165/208
f 237/307/209 209/309/209 208/306/209
f 239/310/210 236/308/210 238/311/210
f 238/311/211 123/165/211 122/169/211
f 122/169/212 91/170/212 238/311/212
f 238/311/213 91/170/213 239/310/213
f 91/170/214 209/309/214 239/310/214
f 152/265/63 211/312/63 153/313/63
f 211/312/63 1199/174/63 138/176/63
f 1201/314/215 240/315/215 1200/316/215
f 1200/316/216 242/317/216 271/318/216
f 271/318/217 243/319/217 272/320/217
f 272/320/218 244/321/218 273/322/218
f 273/322/219 245/323/219 274/324/219
f 274/324/220 246/325/220 275/326/220
f 275/326/221 247/327/221 276/328/221
f 276/328/222 248/329/222 277/330/222
f 248/329/223 278/331/223 277/330/223
f 249/332/224 279/333/224 278/331/224
f 250/334/225 280/335/225 279/333/225
f 251/336/226 281/337/226 280/335/226
f 252/338/227 282/339/227 281/337/227
f 253/340/228 283/341/228 282/339/228
f 254/342/229 284/343/229 283/341/229
f 313/344/230 256/345/230 314/346/230
f 258/347/231 257/348/231 256/345/231
f 241/349/232 259/350/232 240/351/232
f 312/352/233 258/347/233 313/344/233
f 260/353/234 259/350/234 258/347/234
f 240/351/235 261/354/235 242/355/235
f 242/355/236 263/356/236 243/357/236
f 262/358/237 261/354/237 260/353/237
f 311/359/238 260/353/238 312/352/238
f 310/360/239 262/358/239 311/359/239
f 264/361/240 263/356/240 262/358/240
f 243/357/241 265/362/241 244/363/241
f 244/363/242 267/364/242 245/365/242
f 266/366/243 265/362/243 264/361/243
f 264/361/244 309/367/244 266/366/244
f 245/365/245 269/368/245 246/369/245
f 268/370/246 267/364/246 266/366/246
f 308/371/247 266/366/247 309/367/247
f 246/369/248 285/372/248 247/373/248
f 270/374/249 269/368/249 268/370/249
f 270/374/250 308/371/250 307/375/250
f 285/372/251 248/376/251 247/373/251
f 287/377/252 270/374/252 286/378/252
f 286/378/253 307/375/253 306/379/253
f 287/377/254 249/380/254 248/376/254
f 289/381/255 286/378/255 288/382/255
f 288/382/256 306/379/256 305/383/256
f 289/381/257 250/384/257 249/380/257
f 291/385/258 288/382/258 290/386/258
f 290/386/259 305/383/259 304/387/259
f 291/385/260 251/388/260 250/384/260
f 293/389/261 290/386/261 292/390/261
f 292/390/262 304/387/262 303/391/262
f 293/389/263 252/392/263 251/388/263
f 295/393/264 292/390/264 294/394/264
f 294/394/265 303/391/265 302/395/265
f 295/393/266 253/396/266 252/392/266
f 297/397/267 294/394/267 296/398/267
f 296/398/268 302/395/268 301/399/268
f 297/397/269 254/400/269 253/396/269
f 299/401/270 296/398/270 298/402/270
f 298/402/271 301/399/271 300/403/271
f 300/403/272 255/404/272 298/402/272
f 298/402/273 255/404/273 299/401/273
f 255/404/274 254/400/274 299/401/274
f 1200/316/215 316/405/215 1201/314/215
f 271/318/216 315/406/216 1200/316/216
f 272/320/217 317/407/217 271/318/217
f 273/322/218 318/408/218 272/320/218
f 274/324/219 319/409/219 273/322/219
f 275/326/220 320/410/220 274/324/220
f 276/328/221 321/411/221 275/326/221
f 277/330/222 322/412/222 276/328/222
f 277/330/223 324/413/223 323/414/223
f 278/331/275 325/415/275 324/413/275
f 279/333/225 326/416/225 325/415/225
f 280/335/226 327/417/226 326/416/226
f 281/337/227 328/418/227 327/417/227
f 282/339/228 329/419/228 328/418/228
f 283/341/229 330/420/229 329/419/229
f 314/421/276 331/422/276 375/423/276
f 374/424/277 331/425/277 333/426/277
f 333/426/278 332/427/278 334/428/278
f 316/429/279 334/428/279 332/427/279
f 373/430/280 333/426/280 335/431/280
f 334/428/281 335/431/281 333/426/281
f 336/432/282 315/433/282 317/434/282
f 338/435/283 317/434/283 318/436/283
f 337/437/284 336/432/284 338/435/284
f 372/438/285 335/431/285 337/437/285
f 371/439/286 337/437/286 339/440/286
f 339/440/287 338/435/287 340/441/287
f 318/436/288 340/441/288 338/435/288
f 319/442/289 342/443/289 340/441/289
f 340/441/290 341/444/290 339/440/290
f 370/445/291 339/440/291 341/444/291
f 344/446/292 320/447/292 321/448/292
f 343/449/293 342/443/293 344/446/293
f 369/450/294 341/444/294 343/449/294
f 321/448/295 346/451/295 344/446/295
f 344/446/296 345/452/296 343/449/296
f 345/452/297 369/450/297 343/449/297
f 323/453/298 346/451/298 322/454/298
f 345/452/299 348/455/299 347/456/299
f 368/457/300 347/456/300 367/458/300
f 324/459/301 348/455/301 323/453/301
f 347/456/302 350/460/302 349/461/302
f 367/458/303 349/461/303 366/462/303
f 325/463/304 350/460/304 324/459/304
f 352/464/305 349/461/305 350/460/305
f 351/465/306 366/462/306 349/461/306
f 326/466/307 352/464/307 325/463/307
f 351/465/308 354/467/308 353/468/308
f 365/469/309 353/468/309 364/470/309
f 327/471/310 354/467/310 326/466/310
f 353/468/311 356/472/311 355/473/311
f 364/470/312 355/473/312 363/474/312
f 328/475/313 356/472/313 327/471/313
f 355/473/314 358/476/314 357/477/314
f 363/474/315 357/477/315 362/478/315
f 329/479/316 358/476/316 328/475/316
f 357/477/317 360/480/317 359/481/317
f 362/478/318 359/481/318 361/482/318
f 361/482/319 359/481/319 330/483/319
f 359/481/320 360/480/320 330/483/320
f 330/483/321 360/480/321 329/479/321
f 256/484/322 332/485/322 331/422/322
f 241/486/276 316/405/276 332/485/276
f 1203/487/323 376/488/323 377/489/323
f 1202/490/324 378/491/324 376/488/324
f 406/492/325 379/493/325 378/491/325
f 407/494/326 380/495/326 379/493/326
f 408/496/327 381/497/327 380/495/327
f 409/498/328 382/499/328 381/497/328
f 410/500/329 383/501/329 382/499/329
f 411/502/330 384/503/330 383/501/330
f 413/504/331 384/503/331 412/505/331
f 414/506/332 385/507/332 413/504/332
f 415/508/333 386/509/333 414/506/333
f 416/510/334 387/511/334 415/508/334
f 417/512/335 388/513/335 416/510/335
f 418/514/336 389/515/336 417/512/336
f 284/343/337 390/516/337 418/514/337
f 313/344/338 391/517/338 393/518/338
f 393/518/339 392/519/339 394/520/339
f 377/521/340 394/520/340 392/519/340
f 312/352/341 393/518/341 395/522/341
f 394/520/342 395/522/342 393/518/342
f 396/523/343 376/524/343 378/525/343
f 398/526/344 378/525/344 379/527/344
f 397/528/345 396/523/345 398/526/345
f 311/359/346 395/522/346 397/528/346
f 310/360/347 397/528/347 399/529/347
f 399/529/348 398/526/348 400/530/348
f 379/527/349 400/530/349 398/526/349
f 380/531/350 402/532/350 400/530/350
f 400/530/351 401/533/351 399/529/351
f 309/367/352 399/529/352 401/533/352
f 404/534/353 381/535/353 382/536/353
f 403/537/354 402/532/354 404/534/354
f 308/371/355 401/533/355 403/537/355
f 382/536/356 419/538/356 404/534/356
f 404/534/357 405/539/357 403/537/357
f 405/539/358 308/371/358 403/537/358
f 384/540/359 419/538/359 383/541/359
f 405/539/360 421/542/360 420/543/360
f 307/375/361 420/543/361 306/379/361
f 385/544/362 421/542/362 384/540/362
f 420/543/363 423/545/363 422/546/363
f 306/379/364 422/546/364 305/383/364
f 386/547/365 423/545/365 385/544/365
f 425/548/366 422/546/366 423/545/366
f 424/549/367 305/383/367 422/546/367
f 387/550/368 425/548/368 386/547/368
f 424/549/369 427/551/369 426/552/369
f 304/387/370 426/552/370 303/391/370
f 388/553/371 427/551/371 387/550/371
f 426/552/372 429/554/372 428/555/372
f 303/391/373 428/555/373 302/395/373
f 389/556/374 429/554/374 388/553/374
f 428/555/375 431/557/375 430/558/375
f 302/395/376 430/558/376 301/399/376
f 390/559/377 431/557/377 389/556/377
f 430/558/378 433/560/378 432/561/378
f 301/399/379 432/561/379 300/403/379
f 300/403/380 432/561/380 255/404/380
f 432/561/381 433/560/381 255/404/381
f 255/404/382 433/560/382 390/559/382
f 435/562/323 1202/490/323 1203/487/323
f 434/563/324 406/492/324 1202/490/324
f 436/564/325 407/494/325 406/492/325
f 437/565/326 408/496/326 407/494/326
f 438/566/327 409/498/327 408/496/327
f 439/567/328 410/500/328 409/498/328
f 440/568/329 411/502/329 410/500/329
f 441/569/330 412/505/330 411/502/330
f 412/505/331 443/570/331 413/504/331
f 413/504/332 444/571/332 414/506/332
f 414/506/333 445/572/333 415/508/333
f 415/508/334 446/573/334 416/510/334
f 416/510/335 447/574/335 417/512/335
f 417/512/336 448/575/336 418/514/336
f 418/514/337 330/420/337 284/343/337
f 314/576/276 449/577/276 391/578/276
f 374/424/383 449/579/383 375/580/383
f 451/581/384 450/582/384 449/579/384
f 435/583/385 452/584/385 434/585/385
f 373/430/386 451/581/386 374/424/386
f 453/586/387 452/584/387 451/581/387
f 434/585/388 454/587/388 436/588/388
f 436/588/389 456/589/389 437/590/389
f 455/591/390 454/587/390 453/586/390
f 372/438/391 453/586/391 373/430/391
f 371/439/392 455/591/392 372/438/392
f 457/592/393 456/589/393 455/591/393
f 437/590/394 458/593/394 438/594/394
f 438/594/395 460/595/395 439/596/395
f 459/597/396 458/593/396 457/592/396
f 457/592/397 370/445/397 459/597/397
f 439/596/398 462/598/398 440/599/398
f 461/600/399 460/595/399 459/597/399
f 369/450/400 459/597/400 370/445/400
f 440/599/401 464/601/401 441/602/401
f 463/603/402 462/598/402 461/600/402
f 463/603/403 369/450/403 368/457/403
f 464/601/404 442/604/404 441/602/404
f 466/605/405 463/603/405 465/606/405
f 465/606/406 368/457/406 367/458/406
f 466/605/407 443/607/407 442/604/407
f 468/608/408 465/606/408 467/609/408
f 467/609/409 367/458/409 366/462/409
f 468/608/410 444/610/410 443/607/410
f 470/611/411 467/609/411 469/612/411
f 469/612/412 366/462/412 365/469/412
f 470/611/413 445/613/413 444/610/413
f 472/614/414 469/612/414 471/615/414
f 471/615/415 365/469/415 364/470/415
f 472/614/416 446/616/416 445/613/416
f 474/617/417 471/615/417 473/618/417
f 473/618/418 364/470/418 363/474/418
f 474/617/419 447/619/419 446/616/419
f 476/620/420 473/618/420 475/621/420
f 475/621/421 363/474/421 362/478/421
f 476/620/422 448/622/422 447/619/422
f 478/623/423 475/621/423 477/624/423
f 477/624/424 362/478/424 361/482/424
f 361/482/425 330/483/425 477/624/425
f 477/624/426 330/483/426 478/623/426
f 330/483/427 448/622/427 478/623/427
f 391/578/322 450/625/322 392/626/322
f 450/625/322 1203/487/322 377/489/322
f 1205/627/428 479/628/428 1204/629/428
f 1204/629/429 481/630/429 510/631/429
f 510/631/430 482/632/430 511/633/430
f 511/633/431 483/634/431 512/635/431
f 512/635/432 484/636/432 513/637/432
f 513/637/433 485/638/433 514/639/433
f 514/639/434 486/640/434 515/641/434
f 486/640/435 516/642/435 515/641/435
f 487/643/436 517/644/436 516/642/436
f 488/645/437 518/646/437 517/644/437
f 489/647/438 519/648/438 518/646/438
f 490/649/439 520/650/439 519/648/439
f 491/651/440 521/652/440 520/650/440
f 492/653/441 522/654/441 521/652/441
f 493/655/442 523/656/442 522/654/442
f 552/657/443 495/658/443 553/659/443
f 497/660/444 496/661/444 495/658/444
f 480/662/445 498/663/445 479/664/445
f 551/665/446 497/660/446 552/657/446
f 499/666/447 498/663/447 497/660/447
f 479/664/448 500/667/448 481/668/448
f 481/668/449 502/669/449 482/670/449
f 501/671/450 500/667/450 499/666/450
f 550/672/451 499/666/451 551/665/451
f 549/673/452 501/671/452 550/672/452
f 503/674/453 502/669/453 501/671/453
f 482/670/454 504/675/454 483/676/454
f 483/676/455 506/677/455 484/678/455
f 505/679/456 504/675/456 503/674/456
f 503/674/457 548/680/457 505/679/457
f 484/678/458 508/681/458 485/682/458
f 507/683/459 506/677/459 505/679/459
f 547/684/460 505/679/460 548/680/460
f 485/682/461 524/685/461 486/686/461
f 509/687/462 508/681/462 507/683/462
f 509/687/463 547/684/463 546/688/463
f 524/685/464 487/689/464 486/686/464
f 526/690/465 509/687/465 525/691/465
f 525/691/466 546/688/466 545/692/466
f 526/690/467 488/693/467 487/689/467
f 528/694/468 525/691/468 527/695/468
f 544/696/469 525/691/469 545/692/469
f 528/694/470 489/697/470 488/693/470
f 530/698/471 527/695/471 529/699/471
f 529/699/472 544/696/472 543/700/472
f 530/698/473 490/701/473 489/697/473
f 532/702/474 529/699/474 531/703/474
f 531/703/475 543/700/475 542/704/475
f 532/702/476 491/705/476 490/701/476
f 534/706/477 531/703/477 533/707/477
f 533/707/478 542/704/478 541/708/478
f 534/706/479 492/709/479 491/705/479
f 536/710/480 533/707/480 535/711/480
f 535/711/481 541/708/481 540/712/481
f 536/710/482 493/713/482 492/709/482
f 538/714/483 535/711/483 537/715/483
f 537/715/484 540/712/484 539/716/484
f 539/716/485 494/717/485 537/715/485
f 537/715/486 494/717/486 538/714/486
f 494/717/487 493/713/487 538/714/487
f 1204/629/428 555/718/428 1205/627/428
f 510/631/429 554/719/429 1204/629/429
f 511/633/430 556/720/430 510/631/430
f 512/635/431 557/721/431 511/633/431
f 513/637/432 558/722/432 512/635/432
f 514/639/433 559/723/433 513/637/433
f 515/641/434 560/724/434 514/639/434
f 515/641/435 562/725/435 561/726/435
f 516/642/436 563/727/436 562/725/436
f 517/644/437 564/728/437 563/727/437
f 518/646/438 565/729/438 564/728/438
f 519/648/439 566/730/439 565/729/439
f 520/650/440 567/731/440 566/730/440
f 521/652/441 568/732/441 567/731/441
f 522/654/442 569/733/442 568/732/442
f 553/734/488 570/735/488 614/736/488
f 613/737/489 570/738/489 572/739/489
f 572/739/490 571/740/490 573/741/490
f 555/742/490 573/741/490 571/740/490
f 612/743/491 572/739/491 574/744/491
f 573/741/492 574/744/492 572/739/492
f 575/745/493 554/746/493 556/747/493
f 577/748/494 556/747/494 557/749/494
f 576/750/495 575/745/495 577/748/495
f 611/751/496 574/744/496 576/750/496
f 610/752/497 576/750/497 578/753/497
f 578/753/498 577/748/498 579/754/498
f 557/749/499 579/754/499 577/748/499
f 558/755/500 581/756/500 579/754/500
f 579/754/501 580/757/501 578/753/501
f 609/758/502 578/753/502 580/757/502
f 583/759/503 559/760/503 560/761/503
f 582/762/504 581/756/504 583/759/504
f 608/763/505 580/757/505 582/762/505
f 560/761/506 585/764/506 583/759/506
f 583/759/507 584/765/507 582/762/507
f 584/765/508 608/763/508 582/762/508
f 562/766/509 585/764/509 561/767/509
f 584/765/510 587/768/510 586/769/510
f 607/770/511 586/769/511 606/771/511
f 563/772/512 587/768/512 562/766/512
f 586/769/513 589/773/513 588/774/513
f 605/775/514 586/769/514 588/774/514
f 564/776/515 589/773/515 563/772/515
f 591/777/516 588/774/516 589/773/516
f 590/778/517 605/775/517 588/774/517
f 565/779/518 591/777/518 564/776/518
f 590/778/519 593/780/519 592/781/519
f 604/782/520 592/781/520 603/783/520
f 566/784/521 593/780/521 565/779/521
f 592/781/522 595/785/522 594/786/522
f 603/783/523 594/786/523 602/787/523
f 567/788/524 595/785/524 566/784/524
f 594/786/525 597/789/525 596/790/525
f 602/787/526 596/790/526 601/791/526
f 568/792/527 597/789/527 567/788/527
f 596/790/528 599/793/528 598/794/528
f 601/791/529 598/794/529 600/795/529
f 600/795/530 598/794/530 569/796/530
f 598/794/531 599/793/531 569/796/531
f 569/796/532 599/793/532 568/792/532
f 495/797/488 571/798/488 570/735/488
f 480/799/488 555/718/488 571/798/488
f 1207/800/533 615/801/533 616/802/533
f 1206/803/534 617/804/534 615/801/534
f 645/805/535 618/806/535 617/804/535
f 646/807/536 619/808/536 618/806/536
f 647/809/537 620/810/537 619/808/537
f 648/811/538 621/812/538 620/810/538
f 649/813/539 622/814/539 621/812/539
f 651/815/540 622/814/540 650/816/540
f 652/817/541 623/818/541 651/815/541
f 653/819/542 624/820/542 652/817/542
f 654/821/543 625/822/543 653/819/543
f 655/823/544 626/824/544 654/821/544
f 656/825/545 627/826/545 655/823/545
f 657/827/546 628/828/546 656/825/546
f 523/656/547 629/829/547 657/827/547
f 552/657/548 630/830/548 632/831/548
f 632/831/549 631/832/549 633/833/549
f 616/834/550 633/833/550 631/832/550
f 551/665/551 632/831/551 634/835/551
f 633/833/552 634/835/552 632/831/552
f 635/836/553 615/837/553 617/838/553
f 637/839/554 617/838/554 618/840/554
f 636/841/555 635/836/555 637/839/555
f 550/672/556 634/835/556 636/841/556
f 549/673/557 636/841/557 638/842/557
f 638/842/558 637/839/558 639/843/558
f 618/840/559 639/843/559 637/839/559
f 619/844/560 641/845/560 639/843/560
f 639/843/561 640/846/561 638/842/561
f 548/680/562 638/842/562 640/846/562
f 643/847/563 620/848/563 621/849/563
f 642/850/564 641/845/564 643/847/564
f 548/680/565 642/850/565 547/684/565
f 621/849/566 658/851/566 643/847/566
f 643/847/567 644/852/567 642/850/567
f 644/852/568 547/684/568 642/850/568
f 623/853/569 658/851/569 622/854/569
f 644/852/570 660/855/570 659/856/570
f 546/688/571 659/856/571 545/692/571
f 624/857/572 660/855/572 623/853/572
f 659/856/573 662/858/573 661/859/573
f 545/692/574 661/859/574 544/696/574
f 625/860/575 662/858/575 624/857/575
f 664/861/576 661/859/576 662/858/576
f 663/862/577 544/696/577 661/859/577
f 626/863/578 664/861/578 625/860/578
f 663/862/579 666/864/579 665/865/579
f 543/700/580 665/865/580 542/704/580
f 627/866/581 666/864/581 626/863/581
f 665/865/582 668/867/582 667/868/582
f 542/704/583 667/868/583 541/708/583
f 628/869/584 668/867/584 627/866/584
f 667/868/585 670/870/585 669/871/585
f 541/708/586 669/871/586 540/712/586
f 629/872/587 670/870/587 628/869/587
f 669/871/588 672/873/588 671/874/588
f 540/712/589 671/874/589 539/716/589
f 539/716/590 671/874/590 494/717/590
f 671/874/591 672/873/591 494/717/591
f 494/717/592 672/873/592 629/872/592
f 674/875/533 1206/803/533 1207/800/533
f 673/876/534 645/805/534 1206/803/534
f 675/877/535 646/807/535 645/805/535
f 676/878/536 647/809/536 646/807/536
f 677/879/537 648/811/537 647/809/537
f 678/880/538 649/813/538 648/811/538
f 679/881/539 650/816/539 649/813/539
f 650/816/540 681/882/540 651/815/540
f 651/815/541 682/883/541 652/817/541
f 652/817/542 683/884/542 653/819/542
f 653/819/543 684/885/543 654/821/543
f 654/821/544 685/886/544 655/823/544
f 655/823/545 686/887/545 656/825/545
f 656/825/546 687/888/546 657/827/546
f 657/827/547 569/733/547 523/656/547
f 553/889/488 688/890/488 630/891/488
f 613/737/593 688/892/593 614/893/593
f 690/894/594 689/895/594 688/892/594
f 674/896/595 691/897/595 673/898/595
f 612/743/596 690/894/596 613/737/596
f 692/899/597 691/897/597 690/894/597
f 673/898/598 693/900/598 675/901/598
f 675/901/599 695/902/599 676/903/599
f 694/904/600 693/900/600 692/899/600
f 611/751/601 692/899/601 612/743/601
f 610/752/602 694/904/602 611/751/602
f 696/905/603 695/902/603 694/904/603
f 676/903/604 697/906/604 677/907/604
f 677/907/605 699/908/605 678/909/605
f 698/910/606 697/906/606 696/905/606
f 696/905/607 609/758/607 698/910/607
f 678/909/608 701/911/608 679/912/608
f 700/913/609 699/908/609 698/910/609
f 700/913/610 609/758/610 608/763/610
f 679/912/611 703/914/611 680/915/611
f 702/916/612 701/911/612 700/913/612
f 702/916/613 608/763/613 607/770/613
f 703/914/614 681/917/614 680/915/614
f 705/918/615 702/916/615 704/919/615
f 704/919/616 607/770/616 606/771/616
f 705/918/617 682/920/617 681/917/617
f 707/921/618 704/919/618 706/922/618
f 706/922/619 606/771/619 605/775/619
f 707/921/620 683/923/620 682/920/620
f 709/924/621 706/922/621 708/925/621
f 708/925/622 605/775/622 604/782/622
f 709/924/623 684/926/623 683/923/623
f 711/927/624 708/925/624 710/928/624
f 710/928/625 604/782/625 603/783/625
f 711/927/626 685/929/626 684/926/626
f 713/930/627 710/928/627 712/931/627
f 712/931/628 603/783/628 602/787/628
f 713/930/629 686/932/629 685/929/629
f 715/933/630 712/931/630 714/934/630
f 714/934/631 602/787/631 601/791/631
f 715/933/632 687/935/632 686/932/632
f 717/936/633 714/934/633 716/937/633
f 716/937/634 601/791/634 600/795/634
f 600/795/635 569/796/635 716/937/635
f 716/937/636 569/796/636 717/936/636
f 569/796/637 687/935/637 717/936/637
f 630/891/488 689/938/488 631/939/488
f 689/938/488 1207/800/488 616/802/488
f 1209/940/638 718/941/638 1208/942/638
f 1208/942/639 720/943/639 749/944/639
f 749/944/640 721/945/640 750/946/640
f 750/946/641 722/947/641 751/948/641
f 751/948/642 723/949/642 752/950/642
f 752/950/643 724/951/643 753/952/643
f 753/952/644 725/953/644 754/954/644
f 725/953/645 755/955/645 754/954/645
f 726/956/646 756/957/646 755/955/646
f 727/958/647 757/959/647 756/957/647
f 728/960/648 758/961/648 757/959/648
f 729/962/649 759/963/649 758/961/649
f 730/964/650 760/965/650 759/963/650
f 731/966/651 761/967/651 760/965/651
f 732/968/652 762/969/652 761/967/652
f 791/970/653 734/971/653 792/972/653
f 736/973/654 735/974/654 734/971/654
f 719/975/655 737/976/655 718/977/655
f 790/978/656 736/973/656 791/970/656
f 738/979/657 737/976/657 736/973/657
f 718/977/658 739/980/658 720/981/658
f 720/981/659 741/982/659 721/983/659
f 740/984/660 739/980/660 738/979/660
f 789/985/661 738/979/661 790/978/661
f 788/986/662 740/984/662 789/985/662
f 742/987/663 741/982/663 740/984/663
f 721/983/664 743/988/664 722/989/664
f 722/989/665 745/990/665 723/991/665
f 744/992/666 743/988/666 742/987/666
f 742/987/667 787/993/667 744/992/667
f 723/991/668 747/994/668 724/995/668
f 746/996/669 745/990/669 744/992/669
f 746/996/670 787/993/670 786/997/670
f 724/995/671 763/998/671 725/999/671
f 748/1000/672 747/994/672 746/996/672
f 748/1000/673 786/997/673 785/1001/673
f 763/998/674 726/1002/674 725/999/674
f 765/1003/675 748/1000/675 764/1004/675
f 764/1004/676 785/1001/676 784/1005/676
f 765/1003/677 727/1006/677 726/1002/677
f 767/1007/678 764/1004/678 766/1008/678
f 766/1008/679 784/1005/679 783/1009/679
f 767/1007/680 728/1010/680 727/1006/680
f 769/1011/681 766/1008/681 768/1012/681
f 768/1012/682 783/1009/682 782/1013/682
f 769/1011/683 729/1014/683 728/1010/683
f 771/1015/684 768/1012/684 770/1016/684
f 770/1016/685 782/1013/685 781/1017/685
f 771/1015/686 730/1018/686 729/1014/686
f 773/1019/687 770/1016/687 772/1020/687
f 772/1020/688 781/1017/688 780/1021/688
f 773/1019/689 731/1022/689 730/1018/689
f 775/1023/690 772/1020/690 774/1024/690
f 774/1024/691 780/1021/691 779/1025/691
f 775/1023/692 732/1026/692 731/1022/692
f 777/1027/693 774/1024/693 776/1028/693
f 776/1028/694 779/1025/694 778/1029/694
f 778/1029/695 733/1030/695 776/1028/695
f 776/1028/696 733/1030/696 777/1027/696
f 733/1030/697 732/1026/697 777/1027/697
f 1208/942/638 794/1031/638 1209/940/638
f 749/944/639 793/1032/639 1208/942/639
f 750/946/640 795/1033/640 749/944/640
f 751/948/641 796/1034/641 750/946/641
f 752/950/642 797/1035/642 751/948/642
f 753/952/643 798/1036/643 752/950/643
f 754/954/644 799/1037/644 753/952/644
f 754/954/645 801/1038/645 800/1039/645
f 755/955/646 802/1040/646 801/1038/646
f 756/957/647 803/1041/647 802/1040/647
f 757/959/648 804/1042/648 803/1041/648
f 758/961/649 805/1043/649 804/1042/649
f 759/963/650 806/1044/650 805/1043/650
f 760/965/651 807/1045/651 806/1044/651
f 761/967/652 808/1046/652 807/1045/652
f 792/1047/698 809/1048/698 853/1049/698
f 852/1050/699 809/1051/699 811/1052/699
f 811/1052/700 810/1053/700 812/1054/700
f 794/1055/701 812/1054/701 810/1053/701
f 851/1056/702 811/1052/702 813/1057/702
f 812/1054/703 813/1057/703 811/1052/703
f 814/1058/704 793/1059/704 795/1060/704
f 816/1061/705 795/1060/705 796/1062/705
f 815/1063/706 814/1058/706 816/1061/706
f 850/1064/707 813/1057/707 815/1063/707
f 849/1065/708 815/1063/708 817/1066/708
f 817/1066/709 816/1061/709 818/1067/709
f 796/1062/710 818/1067/710 816/1061/710
f 797/1068/711 820/1069/711 818/1067/711
f 818/1067/712 819/1070/712 817/1066/712
f 848/1071/713 817/1066/713 819/1070/713
f 822/1072/714 798/1073/714 799/1074/714
f 821/1075/715 820/1069/715 822/1072/715
f 848/1071/716 821/1075/716 847/1076/716
f 799/1074/717 824/1077/717 822/1072/717
f 822/1072/718 823/1078/718 821/1075/718
f 823/1078/719 847/1076/719 821/1075/719
f 801/1079/720 824/1077/720 800/1080/720
f 823/1078/721 826/1081/721 825/1082/721
f 846/1083/722 825/1082/722 845/1084/722
f 802/1085/723 826/1081/723 801/1079/723
f 825/1082/724 828/1086/724 827/1087/724
f 845/1084/725 827/1087/725 844/1088/725
f 803/1089/726 828/1086/726 802/1085/726
f 830/1090/727 827/1087/727 828/1086/727
f 829/1091/728 844/1088/728 827/1087/728
f 804/1092/729 830/1090/729 803/1089/729
f 829/1091/730 832/1093/730 831/1094/730
f 843/1095/731 831/1094/731 842/1096/731
f 805/1097/732 832/1093/732 804/1092/732
f 831/1094/733 834/1098/733 833/1099/733
f 842/1096/734 833/1099/734 841/1100/734
f 806/1101/735 834/1098/735 805/1097/735
f 833/1099/736 836/1102/736 835/1103/736
f 841/1100/737 835/1103/737 840/1104/737
f 807/1105/738 836/1102/738 806/1101/738
f 835/1103/739 838/1106/739 837/1107/739
f 840/1104/740 837/1107/740 839/1108/740
f 839/1108/741 837/1107/741 808/1109/741
f 837/1107/742 838/1106/742 808/1109/742
f 808/1109/743 838/1106/743 807/1105/743
f 734/1110/698 810/1111/698 809/1048/698
f 719/1112/698 794/1031/698 810/1111/698
f 1211/1113/744 854/1114/744 855/1115/744
f 1210/1116/745 856/1117/745 854/1114/745
f 884/1118/746 857/1119/746 856/1117/746
f 885/1120/747 858/1121/747 857/1119/747
f 886/1122/748 859/1123/748 858/1121/748
f 887/1124/749 860/1125/749 859/1123/749
f 888/1126/750 861/1127/750 860/1125/750
f 890/1128/751 861/1127/751 889/1129/751
f 891/1130/752 862/1131/752 890/1128/752
f 892/1132/753 863/1133/753 891/1130/753
f 893/1134/754 864/1135/754 892/1132/754
f 894/1136/755 865/1137/755 893/1134/755
f 895/1138/756 866/1139/756 894/1136/756
f 896/1140/757 867/1141/757 895/1138/757
f 762/969/758 868/1142/758 896/1140/758
f 791/970/759 869/1143/759 871/1144/759
f 871/1144/760 870/1145/760 872/1146/760
f 855/1147/760 872/1146/760 870/1145/760
f 790/978/761 871/1144/761 873/1148/761
f 872/1146/762 873/1148/762 871/1144/762
f 874/1149/763 854/1150/763 856/1151/763
f 876/1152/764 856/1151/764 857/1153/764
f 875/1154/765 874/1149/765 876/1152/765
f 789/985/766 873/1148/766 875/1154/766
f 788/986/767 875/1154/767 877/1155/767
f 877/1155/768 876/1152/768 878/1156/768
f 857/1153/769 878/1156/769 876/1152/769
f 858/1157/770 880/1158/770 878/1156/770
f 878/1156/771 879/1159/771 877/1155/771
f 787/993/772 877/1155/772 879/1159/772
f 882/1160/773 859/1161/773 860/1162/773
f 881/1163/774 880/1158/774 882/1160/774
f 786/997/775 879/1159/775 881/1163/775
f 860/1162/776 897/1164/776 882/1160/776
f 882/1160/777 883/1165/777 881/1163/777
f 883/1165/778 786/997/778 881/1163/778
f 862/1166/779 897/1164/779 861/1167/779
f 883/1165/780 899/1168/780 898/1169/780
f 785/1001/781 898/1169/781 784/1005/781
f 863/1170/782 899/1168/782 862/1166/782
f 898/1169/783 901/1171/783 900/1172/783
f 783/1009/784 898/1169/784 900/1172/784
f 864/1173/785 901/1171/785 863/1170/785
f 903/1174/786 900/1172/786 901/1171/786
f 902/1175/787 783/1009/787 900/1172/787
f 865/1176/788 903/1174/788 864/1173/788
f 902/1175/789 905/1177/789 904/1178/789
f 782/1013/790 904/1178/790 781/1017/790
f 866/1179/791 905/1177/791 865/1176/791
f 904/1178/792 907/1180/792 906/1181/792
f 781/1017/793 906/1181/793 780/1021/793
f 867/1182/794 907/1180/794 866/1179/794
f 906/1181/795 909/1183/795 908/1184/795
f 780/1021/796 908/1184/796 779/1025/796
f 868/1185/797 909/1183/797 867/1182/797
f 908/1184/798 911/1186/798 910/1187/798
f 779/1025/799 910/1187/799 778/1029/799
f 778/1029/800 910/1187/800 733/1030/800
f 910/1187/801 911/1186/801 733/1030/801
f 733/1030/802 911/1186/802 868/1185/802
f 913/1188/744 1210/1116/744 1211/1113/744
f 912/1189/745 884/1118/745 1210/1116/745
f 914/1190/746 885/1120/746 884/1118/746
f 915/1191/747 886/1122/747 885/1120/747
f 916/1192/748 887/1124/748 886/1122/748
f 917/1193/749 888/1126/749 887/1124/749
f 918/1194/750 889/1129/750 888/1126/750
f 889/1129/751 920/1195/751 890/1128/751
f 890/1128/752 921/1196/752 891/1130/752
f 891/1130/753 922/1197/753 892/1132/753
f 892/1132/754 923/1198/754 893/1134/754
f 893/1134/755 924/1199/755 894/1136/755
f 894/1136/756 925/1200/756 895/1138/756
f 895/1138/757 926/1201/757 896/1140/757
f 896/1140/758 808/1046/758 762/969/758
f 792/1202/698 927/1203/698 869/1204/698
f 852/1050/803 927/1205/803 853/1206/803
f 929/1207/804 928/1208/804 927/1205/804
f 913/1209/805 930/1210/805 912/1211/805
f 851/1056/806 929/1207/806 852/1050/806
f 931/1212/807 930/1210/807 929/1207/807
f 912/1211/808 932/1213/808 914/1214/808
f 914/1214/809 934/1215/809 915/1216/809
f 933/1217/810 932/1213/810 931/1212/810
f 850/1064/811 931/1212/811 851/1056/811
f 849/1065/812 933/1217/812 850/1064/812
f 935/1218/813 934/1215/813 933/1217/813
f 915/1216/814 936/1219/814 916/1220/814
f 916/1220/815 938/1221/815 917/1222/815
f 937/1223/816 936/1219/816 935/1218/816
f 935/1218/817 848/1071/817 937/1223/817
f 917/1222/818 940/1224/818 918/1225/818
f 939/1226/819 938/1221/819 937/1223/819
f 847/1076/820 937/1223/820 848/1071/820
f 918/1225/821 942/1227/821 919/1228/821
f 941/1229/822 940/1224/822 939/1226/822
f 941/1229/823 847/1076/823 846/1083/823
f 942/1227/824 920/1230/824 919/1228/824
f 944/1231/825 941/1229/825 943/1232/825
f 943/1232/826 846/1083/826 845/1084/826
f 944/1231/827 921/1233/827 920/1230/827
f 946/1234/828 943/1232/828 945/1235/828
f 844/1088/829 943/1232/829 845/1084/829
f 946/1234/830 922/1236/830 921/1233/830
f 948/1237/831 945/1235/831 947/1238/831
f 947/1238/832 844/1088/832 843/1095/832
f 948/1237/833 923/1239/833 922/1236/833
f 950/1240/834 947/1238/834 949/1241/834
f 949/1241/835 843/1095/835 842/1096/835
f 950/1240/836 924/1242/836 923/1239/836
f 952/1243/837 949/1241/837 951/1244/837
f 951/1244/838 842/1096/838 841/1100/838
f 952/1243/839 925/1245/839 924/1242/839
f 954/1246/840 951/1244/840 953/1247/840
f 953/1247/841 841/1100/841 840/1104/841
f 954/1246/842 926/1248/842 925/1245/842
f 956/1249/843 953/1247/843 955/1250/843
f 955/1250/844 840/1104/844 839/1108/844
f 839/1108/845 808/1109/845 955/1250/845
f 955/1250/846 808/1109/846 956/1249/846
f 808/1109/847 926/1248/847 956/1249/847
f 869/1204/698 928/1251/698 870/1252/698
f 928/1251/698 1211/1113/698 855/1115/698
f 1213/1253/848 957/1254/848 1212/1255/848
f 1212/1255/849 959/1256/849 988/1257/849
f 988/1257/850 960/1258/850 989/1259/850
f 989/1259/851 961/1260/851 990/1261/851
f 990/1261/852 962/1262/852 991/1263/852
f 991/1263/853 963/1264/853 992/1265/853
f 992/1265/854 964/1266/854 993/1267/854
f 993/1267/855 965/1268/855 994/1269/855
f 965/1268/856 995/1270/856 994/1269/856
f 966/1271/857 996/1272/857 995/1270/857
f 967/1273/858 997/1274/858 996/1272/858
f 968/1275/859 998/1276/859 997/1274/859
f 969/1277/860 999/1278/860 998/1276/860
f 970/1279/861 1000/1280/861 999/1278/861
f 971/1281/862 1001/1282/862 1000/1280/862
f 1030/1283/863 973/1284/863 1031/1285/863
f 975/1286/864 974/1287/864 973/1284/864
f 958/1288/865 976/1289/865 957/1290/865
f 1029/1291/866 975/1286/866 1030/1283/866
f 977/1292/867 976/1289/867 975/1286/867
f 957/1290/868 978/1293/868 959/1294/868
f 959/1294/869 980/1295/869 960/1296/869
f 979/1297/870 978/1293/870 977/1292/870
f 1028/1298/871 977/1292/871 1029/1291/871
f 1027/1299/872 979/1297/872 1028/1298/872
f 981/1300/873 980/1295/873 979/1297/873
f 960/1296/874 982/1301/874 961/1302/874
f 961/1302/875 984/1303/875 962/1304/875
f 983/1305/876 982/1301/876 981/1300/876
f 981/1300/877 1026/1306/877 983/1305/877
f 962/1304/878 986/1307/878 963/1308/878
f 985/1309/879 984/1303/879 983/1305/879
f 1025/1310/880 983/1305/880 1026/1306/880
f 963/1308/881 1002/1311/881 964/1312/881
f 987/1313/882 986/1307/882 985/1309/882
f 987/1313/883 1025/1310/883 1024/1314/883
f 1002/1311/884 965/1315/884 964/1312/884
f 1004/1316/885 987/1313/885 1003/1317/885
f 1003/1317/886 1024/1314/886 1023/1318/886
f 1004/1316/887 966/1319/887 965/1315/887
f 1006/1320/888 1003/1317/888 1005/1321/888
f 1005/1321/889 1023/1318/889 1022/1322/889
f 1006/1320/890 967/1323/890 966/1319/890
f 1008/1324/891 1005/1321/891 1007/1325/891
f 1007/1325/892 1022/1322/892 1021/1326/892
f 1008/1324/893 968/1327/893 967/1323/893
f 1010/1328/894 1007/1325/894 1009/1329/894
f 1009/1329/895 1021/1326/895 1020/1330/895
f 1010/1328/896 969/1331/896 968/1327/896
f 1012/1332/897 1009/1329/897 1011/1333/897
f 1011/1333/898 1020/1330/898 1019/1334/898
f 1012/1332/899 970/1335/899 969/1331/899
f 1014/1336/900 1011/1333/900 1013/1337/900
f 1013/1337/901 1019/1334/901 1018/1338/901
f 1014/1336/902 971/1339/902 970/1335/902
f 1016/1340/903 1013/1337/903 1015/1341/903
f 1015/1341/904 1018/1338/904 1017/1342/904
f 1017/1342/905 972/1343/905 1015/1341/905
f 1015/1341/906 972/1343/906 1016/1340/906
f 972/1343/907 971/1339/907 1016/1340/907
f 1212/1255/848 1033/1344/848 1213/1253/848
f 988/1257/849 1032/1345/849 1212/1255/849
f 989/1259/850 1034/1346/850 988/1257/850
f 990/1261/908 1035/1347/908 989/1259/908
f 991/1263/852 1036/1348/852 990/1261/852
f 992/1265/853 1037/1349/853 991/1263/853
f 993/1267/854 1038/1350/854 992/1265/854
f 994/1269/855 1039/1351/855 993/1267/855
f 994/1269/856 1041/1352/856 1040/1353/856
f 995/1270/857 1042/1354/857 1041/1352/857
f 996/1272/858 1043/1355/858 1042/1354/858
f 997/1274/859 1044/1356/859 1043/1355/859
f 998/1276/860 1045/1357/860 1044/1356/860
f 999/1278/861 1046/1358/861 1045/1357/861
f 1000/1280/862 1047/1359/862 1046/1358/862
f 1031/1360/909 1048/1361/909 1092/1362/909
f 1091/1363/910 1048/1364/910 1050/1365/910
f 1050/1365/911 1049/1366/911 1051/1367/911
f 1033/1368/912 1051/1367/912 1049/1366/912
f 1090/1369/913 1050/1365/913 1052/1370/913
f 1051/1367/914 1052/1370/914 1050/1365/914
f 1053/1371/915 1032/1372/915 1034/1373/915
f 1055/1374/916 1034/1373/916 1035/1375/916
f 1054/1376/917 1053/1371/917 1055/1374/917
f 1089/1377/918 1052/1370/918 1054/1376/918
f 1088/1378/919 1054/1376/919 1056/1379/919
f 1056/1379/920 1055/1374/920 1057/1380/920
f 1035/1375/921 1057/1380/921 1055/1374/921
f 1036/1381/922 1059/1382/922 1057/1380/922
f 1057/1380/923 1058/1383/923 1056/1379/923
f 1087/1384/924 1056/1379/924 1058/1383/924
f 1061/1385/925 1037/1386/925 1038/1387/925
f 1060/1388/926 1059/1382/926 1061/1385/926
f 1086/1389/927 1058/1383/927 1060/1388/927
f 1038/1387/928 1063/1390/928 1061/1385/928
f 1061/1385/929 1062/1391/929 1060/1388/929
f 1062/1391/930 1086/1389/930 1060/1388/930
f 1040/1392/931 1063/1390/931 1039/1393/931
f 1062/1391/932 1065/1394/932 1064/1395/932
f 1085/1396/933 1064/1395/933 1084/1397/933
f 1041/1398/934 1065/1394/934 1040/1392/934
f 1064/1395/935 1067/1399/935 1066/1400/935
f 1084/1397/936 1066/1400/936 1083/1401/936
f 1042/1402/937 1067/1399/937 1041/1398/937
f 1069/1403/938 1066/1400/938 1067/1399/938
f 1068/1404/939 1083/1401/939 1066/1400/939
f 1043/1405/940 1069/1403/940 1042/1402/940
f 1068/1404/941 1071/1406/941 1070/1407/941
f 1082/1408/942 1070/1407/942 1081/1409/942
f 1044/1410/943 1071/1406/943 1043/1405/943
f 1070/1407/944 1073/1411/944 1072/1412/944
f 1081/1409/945 1072/1412/945 1080/1413/945
f 1045/1414/946 1073/1411/946 1044/1410/946
f 1072/1412/947 1075/1415/947 1074/1416/947
f 1080/1413/948 1074/1416/948 1079/1417/948
f 1046/1418/949 1075/1415/949 1045/1414/949
f 1074/1416/950 1077/1419/950 1076/1420/950
f 1079/1417/951 1076/1420/951 1078/1421/951
f 1078/1421/952 1076/1420/952 1047/1422/952
f 1076/1420/953 1077/1419/953 1047/1422/953
f 1047/1422/954 1077/1419/954 1046/1418/954
f 973/1423/909 1049/1424/909 1048/1361/909
f 958/1425/909 1213/1253/909 1049/1424/909
f 1215/1426/955 1093/1427/955 1094/1428/955
f 1214/1429/956 1095/1430/956 1093/1427/956
f 1123/1431/957 1096/1432/957 1095/1430/957
f 1124/1433/958 1097/1434/958 1096/1432/958
f 1125/1435/959 1098/1436/959 1097/1434/959
f 1126/1437/960 1099/1438/960 1098/1436/960
f 1127/1439/961 1100/1440/961 1099/1438/961
f 1128/1441/962 1101/1442/962 1100/1440/962
f 1130/1443/963 1101/1442/963 1129/1444/963
f 1131/1445/964 1102/1446/964 1130/1443/964
f 1132/1447/965 1103/1448/965 1131/1445/965
f 1133/1449/966 1104/1450/966 1132/1447/966
f 1134/1451/967 1105/1452/967 1133/1449/967
f 1135/1453/968 1106/1454/968 1134/1451/968
f 1001/1282/969 1107/1455/969 1135/1453/969
f 1030/1283/970 1108/1456/970 1110/1457/970
f 1110/1457/971 1109/1458/971 1111/1459/971
f 1094/1460/971 1111/1459/971 1109/1458/971
f 1029/1291/972 1110/1457/972 1112/1461/972
f 1111/1459/973 1112/1461/973 1110/1457/973
f 1113/1462/974 1093/1463/974 1095/1464/974
f 1115/1465/975 1095/1464/975 1096/1466/975
f 1114/1467/976 1113/1462/976 1115/1465/976
f 1028/1298/977 1112/1461/977 1114/1467/977
f 1027/1299/978 1114/1467/978 1116/1468/978
f 1116/1468/979 1115/1465/979 1117/1469/979
f 1096/1466/980 1117/1469/980 1115/1465/980
f 1097/1470/981 1119/1471/981 1117/1469/981
f 1117/1469/982 1118/1472/982 1116/1468/982
f 1026/1306/983 1116/1468/983 1118/1472/983
f 1121/1473/984 1098/1474/984 1099/1475/984
f 1120/1476/985 1119/1471/985 1121/1473/985
f 1025/1310/986 1118/1472/986 1120/1476/986
f 1099/1475/987 1136/1477/987 1121/1473/987
f 1121/1473/988 1122/1478/988 1120/1476/988
f 1122/1478/989 1025/1310/989 1120/1476/989
f 1101/1479/990 1136/1477/990 1100/1480/990
f 1122/1478/991 1138/1481/991 1137/1482/991
f 1024/1314/992 1137/1482/992 1023/1318/992
f 1102/1483/993 1138/1481/993 1101/1479/993
f 1137/1482/994 1140/1484/994 1139/1485/994
f 1023/1318/995 1139/1485/995 1022/1322/995
f 1103/1486/996 1140/1484/996 1102/1483/996
f 1142/1487/997 1139/1485/997 1140/1484/997
f 1141/1488/998 1022/1322/998 1139/1485/998
f 1104/1489/999 1142/1487/999 1103/1486/999
f 1141/1488/1000 1144/1490/1000 1143/1491/1000
f 1021/1326/1001 1143/1491/1001 1020/1330/1001
f 1105/1492/1002 1144/1490/1002 1104/1489/1002
f 1143/1491/1003 1146/1493/1003 1145/1494/1003
f 1020/1330/1004 1145/1494/1004 1019/1334/1004
f 1106/1495/1005 1146/1493/1005 1105/1492/1005
f 1145/1494/1006 1148/1496/1006 1147/1497/1006
f 1019/1334/1007 1147/1497/1007 1018/1338/1007
f 1107/1498/1008 1148/1496/1008 1106/1495/1008
f 1147/1497/1009 1150/1499/1009 1149/1500/1009
f 1018/1338/1010 1149/1500/1010 1017/1342/1010
f 1017/1342/1011 1149/1500/1011 972/1343/1011
f 1149/1500/1012 1150/1499/1012 972/1343/1012
f 972/1343/1013 1150/1499/1013 1107/1498/1013
f 1152/1501/955 1214/1429/955 1215/1426/955
f 1151/1502/956 1123/1431/956 1214/1429/956
f 1153/1503/957 1124/1433/957 1123/1431/957
f 1154/1504/958 1125/1435/958 1124/1433/958
f 1155/1505/959 1126/1437/959 1125/1435/959
f 1156/1506/960 1127/1439/960 1126/1437/960
f 1157/1507/961 1128/1441/961 1127/1439/961
f 1158/1508/962 1129/1444/962 1128/1441/962
f 1129/1444/963 1160/1509/963 1130/1443/963
f 1130/1443/1014 1161/1510/1014 1131/1445/1014
f 1131/1445/965 1162/1511/965 1132/1447/965
f 1132/1447/966 1163/1512/966 1133/1449/966
f 1133/1449/967 1164/1513/967 1134/1451/967
f 1134/1451/968 1165/1514/968 1135/1453/968
f 1135/1453/969 1047/1359/969 1001/1282/969
f 1031/1515/909 1166/1516/909 1108/1517/909
f 1091/1363/1015 1166/1518/1015 1092/1519/1015
f 1168/1520/1016 1167/1521/1016 1166/1518/1016
f 1152/1522/1017 1169/1523/1017 1151/1524/1017
f 1090/1369/1018 1168/1520/1018 1091/1363/1018
f 1170/1525/1019 1169/1523/1019 1168/1520/1019
f 1151/1524/1020 1171/1526/1020 1153/1527/1020
f 1153/1527/1021 1173/1528/1021 1154/1529/1021
f 1172/1530/1022 1171/1526/1022 1170/1525/1022
f 1089/1377/1023 1170/1525/1023 1090/1369/1023
f 1088/1378/1024 1172/1530/1024 1089/1377/1024
f 1174/1531/1025 1173/1528/1025 1172/1530/1025
f 1154/1529/1026 1175/1532/1026 1155/1533/1026
f 1155/1533/1027 1177/1534/1027 1156/1535/1027
f 1176/1536/1028 1175/1532/1028 1174/1531/1028
f 1174/1531/1029 1087/1384/1029 1176/1536/1029
f 1156/1535/1030 1179/1537/1030 1157/1538/1030
f 1178/1539/1031 1177/1534/1031 1176/1536/1031
f 1086/1389/1032 1176/1536/1032 1087/1384/1032
f 1157/1538/1033 1181/1540/1033 1158/1541/1033
f 1180/1542/1034 1179/1537/1034 1178/1539/1034
f 1180/1542/1035 1086/1389/1035 1085/1396/1035
f 1181/1540/1036 1159/1543/1036 1158/1541/1036
f 1183/1544/1037 1180/1542/1037 1182/1545/1037
f 1182/1545/1038 1085/1396/1038 1084/1397/1038
f 1183/1544/1039 1160/1546/1039 1159/1543/1039
f 1185/1547/1040 1182/1545/1040 1184/1548/1040
f 1184/1548/1041 1084/1397/1041 1083/1401/1041
f 1185/1547/1042 1161/1549/1042 1160/1546/1042
f 1187/1550/1043 1184/1548/1043 1186/1551/1043
f 1186/1551/1044 1083/1401/1044 1082/1408/1044
f 1187/1550/1045 1162/1552/1045 1161/1549/1045
f 1189/1553/1046 1186/1551/1046 1188/1554/1046
f 1188/1554/1047 1082/1408/1047 1081/1409/1047
f 1189/1553/1048 1163/1555/1048 1162/1552/1048
f 1191/1556/1049 1188/1554/1049 1190/1557/1049
f 1190/1557/1050 1081/1409/1050 1080/1413/1050
f 1191/1556/1051 1164/1558/1051 1163/1555/1051
f 1193/1559/1052 1190/1557/1052 1192/1560/1052
f 1192/1560/1053 1080/1413/1053 1079/1417/1053
f 1193/1559/1054 1165/1561/1054 1164/1558/1054
f 1195/1562/1055 1192/1560/1055 1194/1563/1055
f 1194/1563/1056 1079/1417/1056 1078/1421/1056
f 1078/1421/1057 1047/1422/1057 1194/1563/1057
f 1194/1563/1058 1047/1422/1058 1195/1562/1058
f 1047/1422/1059 1165/1561/1059 1195/1562/1059
f 1108/1517/909 1167/1564/909 1109/1565/909
f 1167/1564/1060 1215/1426/1060 1094/1428/1060
f 1197/1/61 2/173/61 1/2/61
f 1196/3/2 1/2/2 3/4/2
f 32/5/3 3/4/3 4/6/3
f 33/7/4 4/6/4 5/8/4
f 34/9/5 5/8/5 6/10/5
f 35/11/6 6/10/6 7/12/6
f 36/13/7 7/12/7 8/14/7
f 8/14/8 9/17/8 38/16/8
f 9/17/9 10/19/9 39/18/9
f 10/19/10 11/21/10 40/20/10
f 11/21/11 12/23/11 41/22/11
f 12/23/12 13/25/12 42/24/12
f 13/25/13 14/27/13 43/26/13
f 14/27/14 15/29/14 44/28/14
f 15/29/15 16/1566/15 45/30/15
f 74/31/1061 19/34/1061 17/32/1061
f 19/34/1062 20/37/1062 18/35/1062
f 2/36/1063 18/35/1063 20/37/1063
f 73/39/1064 21/40/1064 19/34/1064
f 21/40/1065 22/41/1065 20/37/1065
f 1/38/1066 20/37/1066 22/41/1066
f 3/42/1067 22/41/1067 24/43/1067
f 23/45/1068 24/43/1068 22/41/1068
f 72/46/1069 23/45/1069 21/40/1069
f 71/47/1070 25/48/1070 23/45/1070
f 25/48/1071 26/49/1071 24/43/1071
f 4/44/1072 24/43/1072 26/49/1072
f 5/50/1073 26/49/1073 28/51/1073
f 27/53/1074 28/51/1074 26/49/1074
f 25/48/1075 71/47/1075 70/54/1075
f 6/52/1076 28/51/1076 30/55/1076
f 29/57/1077 30/55/1077 28/51/1077
f 69/58/1078 29/57/1078 27/53/1078
f 7/56/1079 30/55/1079 46/59/1079
f 31/61/1080 46/59/1080 30/55/1080
f 31/61/1081 29/57/1081 69/58/1081
f 46/59/1082 48/64/1082 9/63/1082
f 48/64/1083 46/59/1083 31/61/1083
f 47/65/38 31/61/38 68/62/38
f 48/64/1084 50/68/1084 10/67/1084
f 50/68/1085 48/64/1085 47/65/1085
f 49/69/1086 47/65/1086 67/66/1086
f 50/68/1087 52/72/1087 11/71/1087
f 52/72/1088 50/68/1088 49/69/1088
f 51/73/1089 49/69/1089 66/70/1089
f 52/72/1090 54/76/1090 12/75/1090
f 54/76/1091 52/72/1091 51/73/1091
f 53/77/1092 51/73/1092 65/74/1092
f 54/76/1093 56/80/1093 13/79/1093
f 56/80/1094 54/76/1094 53/77/1094
f 55/81/1095 53/77/1095 64/78/1095
f 56/80/1096 58/84/1096 14/83/1096
f 58/84/1097 56/80/1097 55/81/1097
f 57/85/1098 55/81/1098 63/82/1098
f 58/84/1099 60/88/1099 15/87/1099
f 60/88/1100 58/84/1100 57/85/1100
f 59/89/1101 57/85/1101 62/86/1101
f 1196/3/61 76/93/61 77/92/61
f 32/5/2 78/94/2 76/93/2
f 33/7/3 79/95/3 78/94/3
f 34/9/4 80/96/4 79/95/4
f 35/11/5 81/97/5 80/96/5
f 36/13/6 82/98/6 81/97/6
f 37/15/7 83/100/7 82/98/7
f 37/15/8 38/16/8 84/99/8
f 38/16/9 39/18/9 85/101/9
f 39/18/10 40/20/10 86/102/10
f 40/20/11 41/22/11 87/103/11
f 41/22/12 42/24/12 88/104/12
f 42/24/13 43/26/13 89/105/13
f 43/26/14 44/28/14 90/106/14
f 44/28/15 45/30/15 91/107/15
f 75/108/63 17/171/63 92/109/63
f 135/111/1102 136/267/1102 92/112/1102
f 94/113/1103 92/112/1103 93/114/1103
f 77/116/1104 76/120/1104 95/115/1104
f 134/117/1105 135/111/1105 94/113/1105
f 95/115/1106 97/119/1106 96/118/1106
f 97/119/1107 95/115/1107 76/120/1107
f 99/122/1108 97/119/1108 78/121/1108
f 98/124/1109 96/118/1109 97/119/1109
f 133/125/1110 134/117/1110 96/118/1110
f 132/126/1111 133/125/1111 98/124/1111
f 100/127/1112 98/124/1112 99/122/1112
f 79/123/1113 80/129/1113 101/128/1113
f 80/129/1114 81/134/1114 103/130/1114
f 101/128/1115 103/130/1115 102/131/1115
f 131/132/1116 132/126/1116 100/127/1116
f 105/133/1117 103/130/1117 81/134/1117
f 104/136/1118 102/131/1118 103/130/1118
f 130/137/1119 131/132/1119 102/131/1119
f 82/135/1120 83/141/1120 107/138/1120
f 105/133/1121 107/138/1121 106/139/1121
f 106/139/1122 129/144/1122 130/137/1122
f 84/140/1123 109/142/1123 107/138/1123
f 106/139/1124 107/138/1124 109/142/1124
f 129/144/86 106/139/86 108/143/86
f 85/146/1125 111/147/1125 109/142/1125
f 108/143/1126 109/142/1126 111/147/1126
f 128/145/1127 108/143/1127 110/148/1127
f 86/150/1128 113/151/1128 111/147/1128
f 113/151/1129 112/152/1129 110/148/1129
f 112/152/1130 126/156/1130 127/149/1130
f 87/153/1131 115/154/1131 113/151/1131
f 112/152/1132 113/151/1132 115/154/1132
f 126/156/1133 112/152/1133 114/155/1133
f 88/158/1134 117/159/1134 115/154/1134
f 114/155/1135 115/154/1135 117/159/1135
f 125/157/1136 114/155/1136 116/160/1136
f 89/162/1137 119/163/1137 117/159/1137
f 116/160/1138 117/159/1138 119/163/1138
f 124/161/1139 116/160/1139 118/164/1139
f 90/166/1140 121/167/1140 119/163/1140
f 118/164/1141 119/163/1141 121/167/1141
f 123/165/1142 118/164/1142 120/168/1142
f 17/171/63 18/1567/63 93/172/63
f 93/172/63 18/1567/63 2/173/63
f 2/173/1143 1197/1/1143 77/92/1143
f 1199/174/1144 1198/177/1144 137/175/1144
f 1198/177/110 167/179/110 139/178/110
f 167/179/111 168/181/111 140/180/111
f 168/181/112 169/183/112 141/182/112
f 169/183/113 170/185/113 142/184/113
f 170/185/114 171/187/114 143/186/114
f 171/187/115 172/190/115 144/188/115
f 173/189/116 145/192/116 144/188/116
f 174/191/117 146/194/117 145/192/117
f 175/193/118 147/196/118 146/194/118
f 176/195/119 148/198/119 147/196/119
f 177/197/120 149/200/120 148/198/120
f 178/199/121 150/202/121 149/200/121
f 179/201/122 151/203/122 150/202/122
f 45/30/123 16/1566/123 151/203/123
f 74/31/1145 75/33/1145 152/204/1145
f 154/205/1146 152/204/1146 153/206/1146
f 138/208/1147 137/211/1147 155/207/1147
f 73/39/1148 74/31/1148 154/205/1148
f 155/207/1149 157/210/1149 156/209/1149
f 157/210/1150 155/207/1150 137/211/1150
f 159/213/1151 157/210/1151 139/212/1151
f 158/215/1152 156/209/1152 157/210/1152
f 72/46/1153 73/39/1153 156/209/1153
f 71/47/1154 72/46/1154 158/215/1154
f 160/216/1155 158/215/1155 159/213/1155
f 140/214/1156 141/218/1156 161/217/1156
f 141/218/1157 142/222/1157 163/219/1157
f 161/217/1158 163/219/1158 162/220/1158
f 70/54/1159 71/47/1159 160/216/1159
f 165/221/1160 163/219/1160 142/222/1160
f 164/224/1161 162/220/1161 163/219/1161
f 69/58/1162 70/54/1162 162/220/1162
f 143/223/1163 144/228/1163 180/225/1163
f 165/221/1164 180/225/1164 166/226/1164
f 166/226/1165 68/62/1165 69/58/1165
f 145/227/1166 182/229/1166 180/225/1166
f 166/226/1167 180/225/1167 182/229/1167
f 68/62/146 166/226/146 181/230/146
f 146/231/1168 184/232/1168 182/229/1168
f 181/230/1169 182/229/1169 184/232/1169
f 67/66/1170 181/230/1170 183/233/1170
f 147/234/1171 186/235/1171 184/232/1171
f 186/235/1172 185/236/1172 183/233/1172
f 185/236/1173 65/74/1173 66/70/1173
f 148/237/1174 188/238/1174 186/235/1174
f 185/236/1175 186/235/1175 188/238/1175
f 65/74/1176 185/236/1176 187/239/1176
f 149/240/1177 190/241/1177 188/238/1177
f 187/239/1178 188/238/1178 190/241/1178
f 64/78/1179 187/239/1179 189/242/1179
f 150/243/1180 192/244/1180 190/241/1180
f 189/242/1181 190/241/1181 192/244/1181
f 63/82/1182 189/242/1182 191/245/1182
f 151/246/1183 194/247/1183 192/244/1183
f 191/245/1184 192/244/1184 194/247/1184
f 62/86/1185 191/245/1185 193/248/1185
f 196/249/109 195/250/109 1198/177/109
f 195/250/110 197/251/110 167/179/110
f 197/251/111 198/252/111 168/181/111
f 198/252/112 199/253/112 169/183/112
f 199/253/113 200/254/113 170/185/113
f 200/254/114 201/255/114 171/187/114
f 201/255/115 202/1568/115 172/190/115
f 172/190/116 202/1568/116 203/256/116
f 173/189/117 203/256/117 204/257/117
f 174/191/118 204/257/118 205/258/118
f 175/193/119 205/258/119 206/259/119
f 176/195/120 206/259/120 207/260/120
f 177/197/121 207/260/121 208/261/121
f 178/199/122 208/261/122 209/262/122
f 179/201/123 209/262/123 91/107/123
f 75/263/63 136/1569/63 210/264/63
f 135/111/1186 212/268/1186 210/266/1186
f 212/268/1187 213/271/1187 211/269/1187
f 196/270/1188 211/269/1188 213/271/1188
f 134/117/1189 214/273/1189 212/268/1189
f 214/273/1190 215/274/1190 213/271/1190
f 195/272/1191 213/271/1191 215/274/1191
f 197/275/1192 215/274/1192 217/276/1192
f 216/278/1193 217/276/1193 215/274/1193
f 133/125/1194 216/278/1194 214/273/1194
f 132/126/1195 218/279/1195 216/278/1195
f 218/279/1196 219/280/1196 217/276/1196
f 198/277/1197 217/276/1197 219/280/1197
f 199/281/1198 219/280/1198 221/282/1198
f 220/284/1199 221/282/1199 219/280/1199
f 218/279/1200 132/126/1200 131/132/1200
f 200/283/1201 221/282/1201 223/285/1201
f 222/287/1202 223/285/1202 221/282/1202
f 130/137/1203 222/287/1203 220/284/1203
f 201/286/1204 223/285/1204 225/288/1204
f 224/290/1205 225/288/1205 223/285/1205
f 224/290/1206 222/287/1206 130/137/1206
f 225/288/1207 227/292/1207 203/291/1207
f 227/292/1208 225/288/1208 224/290/1208
f 226/293/192 224/290/192 129/144/192
f 227/292/1209 229/295/1209 204/294/1209
f 229/295/1210 227/292/1210 226/293/1210
f 228/296/1211 226/293/1211 128/145/1211
f 229/295/1212 231/298/1212 205/297/1212
f 231/298/1213 229/295/1213 228/296/1213
f 230/299/1214 228/296/1214 127/149/1214
f 231/298/1215 233/301/1215 206/300/1215
f 233/301/1216 231/298/1216 230/299/1216
f 232/302/1217 230/299/1217 126/156/1217
f 233/301/1218 235/304/1218 207/303/1218
f 235/304/1219 233/301/1219 232/302/1219
f 234/305/1220 232/302/1220 125/157/1220
f 235/304/1221 237/307/1221 208/306/1221
f 237/307/1222 235/304/1222 234/305/1222
f 236/308/1223 234/305/1223 124/161/1223
f 237/307/1224 239/310/1224 209/309/1224
f 239/310/1225 237/307/1225 236/308/1225
f 238/311/1226 236/308/1226 123/165/1226
f 152/265/63 210/264/63 211/312/63
f 138/176/63 153/313/63 211/312/63
f 211/312/63 196/249/63 1199/174/63
f 1201/314/215 241/486/215 240/315/215
f 1200/316/216 240/315/216 242/317/216
f 271/318/1227 242/317/1227 243/319/1227
f 272/320/218 243/319/218 244/321/218
f 273/322/219 244/321/219 245/323/219
f 274/324/220 245/323/220 246/325/220
f 275/326/221 246/325/221 247/327/221
f 276/328/222 247/327/222 248/329/222
f 248/329/223 249/332/223 278/331/223
f 249/332/275 250/334/275 279/333/275
f 250/334/1228 251/336/1228 280/335/1228
f 251/336/226 252/338/226 281/337/226
f 252/338/227 253/340/227 282/339/227
f 253/340/228 254/342/228 283/341/228
f 254/342/229 255/1570/229 284/343/229
f 313/344/1229 258/347/1229 256/345/1229
f 258/347/1230 259/350/1230 257/348/1230
f 241/349/1230 257/348/1230 259/350/1230
f 312/352/1231 260/353/1231 258/347/1231
f 260/353/1232 261/354/1232 259/350/1232
f 240/351/1233 259/350/1233 261/354/1233
f 242/355/1234 261/354/1234 263/356/1234
f 262/358/1235 263/356/1235 261/354/1235
f 311/359/1236 262/358/1236 260/353/1236
f 310/360/1237 264/361/1237 262/358/1237
f 264/361/1238 265/362/1238 263/356/1238
f 243/357/1239 263/356/1239 265/362/1239
f 244/363/1240 265/362/1240 267/364/1240
f 266/366/1241 267/364/1241 265/362/1241
f 264/361/1242 310/360/1242 309/367/1242
f 245/365/1243 267/364/1243 269/368/1243
f 268/370/1244 269/368/1244 267/364/1244
f 308/371/1245 268/370/1245 266/366/1245
f 246/369/1246 269/368/1246 285/372/1246
f 270/374/1247 285/372/1247 269/368/1247
f 270/374/1248 268/370/1248 308/371/1248
f 285/372/1249 287/377/1249 248/376/1249
f 287/377/1250 285/372/1250 270/374/1250
f 286/378/1251 270/374/1251 307/375/1251
f 287/377/1252 289/381/1252 249/380/1252
f 289/381/1253 287/377/1253 286/378/1253
f 288/382/1254 286/378/1254 306/379/1254
f 289/381/1255 291/385/1255 250/384/1255
f 291/385/1256 289/381/1256 288/382/1256
f 290/386/1257 288/382/1257 305/383/1257
f 291/385/1258 293/389/1258 251/388/1258
f 293/389/1259 291/385/1259 290/386/1259
f 292/390/1260 290/386/1260 304/387/1260
f 293/389/1261 295/393/1261 252/392/1261
f 295/393/1262 293/389/1262 292/390/1262
f 294/394/1263 292/390/1263 303/391/1263
f 295/393/1264 297/397/1264 253/396/1264
f 297/397/1265 295/393/1265 294/394/1265
f 296/398/1266 294/394/1266 302/395/1266
f 297/397/1267 299/401/1267 254/400/1267
f 299/401/1268 297/397/1268 296/398/1268
f 298/402/1269 296/398/1269 301/399/1269
f 1200/316/215 315/406/215 316/405/215
f 271/318/216 317/407/216 315/406/216
f 272/320/1227 318/408/1227 317/407/1227
f 273/322/218 319/409/218 318/408/218
f 274/324/219 320/410/219 319/409/219
f 275/326/220 321/411/220 320/410/220
f 276/328/221 322/412/221 321/411/221
f 277/330/222 323/414/222 322/412/222
f 277/330/223 278/331/223 324/413/223
f 278/331/275 279/333/275 325/415/275
f 279/333/225 280/335/225 326/416/225
f 280/335/226 281/337/226 327/417/226
f 281/337/227 282/339/227 328/418/227
f 282/339/228 283/341/228 329/419/228
f 283/341/229 284/343/229 330/420/229
f 314/421/322 256/484/322 331/422/322
f 374/424/1270 375/580/1270 331/425/1270
f 333/426/1271 331/425/1271 332/427/1271
f 316/429/1272 315/433/1272 334/428/1272
f 373/430/1273 374/424/1273 333/426/1273
f 334/428/1274 336/432/1274 335/431/1274
f 336/432/1275 334/428/1275 315/433/1275
f 338/435/1276 336/432/1276 317/434/1276
f 337/437/1277 335/431/1277 336/432/1277
f 372/438/1278 373/430/1278 335/431/1278
f 371/439/1279 372/438/1279 337/437/1279
f 339/440/1280 337/437/1280 338/435/1280
f 318/436/1281 319/442/1281 340/441/1281
f 319/442/1282 320/447/1282 342/443/1282
f 340/441/1283 342/443/1283 341/444/1283
f 370/445/1284 371/439/1284 339/440/1284
f 344/446/1285 342/443/1285 320/447/1285
f 343/449/1286 341/444/1286 342/443/1286
f 369/450/1287 370/445/1287 341/444/1287
f 321/448/1288 322/454/1288 346/451/1288
f 344/446/1289 346/451/1289 345/452/1289
f 345/452/1290 368/457/1290 369/450/1290
f 323/453/1291 348/455/1291 346/451/1291
f 345/452/1292 346/451/1292 348/455/1292
f 368/457/1293 345/452/1293 347/456/1293
f 324/459/1294 350/460/1294 348/455/1294
f 347/456/1295 348/455/1295 350/460/1295
f 367/458/1296 347/456/1296 349/461/1296
f 325/463/1297 352/464/1297 350/460/1297
f 352/464/1298 351/465/1298 349/461/1298
f 351/465/1299 365/469/1299 366/462/1299
f 326/466/1300 354/467/1300 352/464/1300
f 351/465/1301 352/464/1301 354/467/1301
f 365/469/1302 351/465/1302 353/468/1302
f 327/471/1303 356/472/1303 354/467/1303
f 353/468/1304 354/467/1304 356/472/1304
f 364/470/1305 353/468/1305 355/473/1305
f 328/475/1306 358/476/1306 356/472/1306
f 355/473/1307 356/472/1307 358/476/1307
f 363/474/1308 355/473/1308 357/477/1308
f 329/479/1309 360/480/1309 358/476/1309
f 357/477/1310 358/476/1310 360/480/1310
f 362/478/1311 357/477/1311 359/481/1311
f 256/484/322 257/1571/322 332/485/322
f 332/485/322 257/1571/322 241/486/322
f 241/486/1312 1201/314/1312 316/405/1312
f 1203/487/323 1202/490/323 376/488/323
f 1202/490/324 406/492/324 378/491/324
f 406/492/325 407/494/325 379/493/325
f 407/494/1313 408/496/1313 380/495/1313
f 408/496/327 409/498/327 381/497/327
f 409/498/328 410/500/328 382/499/328
f 410/500/329 411/502/329 383/501/329
f 411/502/330 412/505/330 384/503/330
f 413/504/331 385/507/331 384/503/331
f 414/506/332 386/509/332 385/507/332
f 415/508/333 387/511/333 386/509/333
f 416/510/334 388/513/334 387/511/334
f 417/512/335 389/515/335 388/513/335
f 418/514/336 390/516/336 389/515/336
f 284/343/337 255/1570/337 390/516/337
f 313/344/1314 314/346/1314 391/517/1314
f 393/518/1315 391/517/1315 392/519/1315
f 377/521/1316 376/524/1316 394/520/1316
f 312/352/1317 313/344/1317 393/518/1317
f 394/520/1318 396/523/1318 395/522/1318
f 396/523/1319 394/520/1319 376/524/1319
f 398/526/1320 396/523/1320 378/525/1320
f 397/528/1321 395/522/1321 396/523/1321
f 311/359/1322 312/352/1322 395/522/1322
f 310/360/1323 311/359/1323 397/528/1323
f 399/529/1324 397/528/1324 398/526/1324
f 379/527/1325 380/531/1325 400/530/1325
f 380/531/1326 381/535/1326 402/532/1326
f 400/530/1327 402/532/1327 401/533/1327
f 309/367/1328 310/360/1328 399/529/1328
f 404/534/1329 402/532/1329 381/535/1329
f 403/537/1330 401/533/1330 402/532/1330
f 308/371/1331 309/367/1331 401/533/1331
f 382/536/1332 383/541/1332 419/538/1332
f 404/534/1333 419/538/1333 405/539/1333
f 405/539/1334 307/375/1334 308/371/1334
f 384/540/1335 421/542/1335 419/538/1335
f 405/539/1336 419/538/1336 421/542/1336
f 307/375/360 405/539/360 420/543/360
f 385/544/1337 423/545/1337 421/542/1337
f 420/543/1338 421/542/1338 423/545/1338
f 306/379/1339 420/543/1339 422/546/1339
f 386/547/1340 425/548/1340 423/545/1340
f 425/548/1341 424/549/1341 422/546/1341
f 424/549/1342 304/387/1342 305/383/1342
f 387/550/1343 427/551/1343 425/548/1343
f 424/549/1344 425/548/1344 427/551/1344
f 304/387/1345 424/549/1345 426/552/1345
f 388/553/1346 429/554/1346 427/551/1346
f 426/552/1347 427/551/1347 429/554/1347
f 303/391/1348 426/552/1348 428/555/1348
f 389/556/1349 431/557/1349 429/554/1349
f 428/555/1350 429/554/1350 431/557/1350
f 302/395/1351 428/555/1351 430/558/1351
f 390/559/1352 433/560/1352 431/557/1352
f 430/558/1353 431/557/1353 433/560/1353
f 301/399/1354 430/558/1354 432/561/1354
f 435/562/323 434/563/323 1202/490/323
f 434/563/324 436/564/324 406/492/324
f 436/564/325 437/565/325 407/494/325
f 437/565/326 438/566/326 408/496/326
f 438/566/327 439/567/327 409/498/327
f 439/567/328 440/568/328 410/500/328
f 440/568/329 441/569/329 411/502/329
f 441/569/330 442/1572/330 412/505/330
f 412/505/331 442/1572/331 443/570/331
f 413/504/332 443/570/332 444/571/332
f 414/506/333 444/571/333 445/572/333
f 415/508/334 445/572/334 446/573/334
f 416/510/335 446/573/335 447/574/335
f 417/512/336 447/574/336 448/575/336
f 418/514/337 448/575/337 330/420/337
f 314/576/322 375/1573/322 449/577/322
f 374/424/1355 451/581/1355 449/579/1355
f 451/581/1356 452/584/1356 450/582/1356
f 435/583/1357 450/582/1357 452/584/1357
f 373/430/1358 453/586/1358 451/581/1358
f 453/586/1359 454/587/1359 452/584/1359
f 434/585/1360 452/584/1360 454/587/1360
f 436/588/1361 454/587/1361 456/589/1361
f 455/591/1362 456/589/1362 454/587/1362
f 372/438/1363 455/591/1363 453/586/1363
f 371/439/1364 457/592/1364 455/591/1364
f 457/592/1365 458/593/1365 456/589/1365
f 437/590/1366 456/589/1366 458/593/1366
f 438/594/1367 458/593/1367 460/595/1367
f 459/597/1368 460/595/1368 458/593/1368
f 457/592/1369 371/439/1369 370/445/1369
f 439/596/1370 460/595/1370 462/598/1370
f 461/600/1371 462/598/1371 460/595/1371
f 369/450/1372 461/600/1372 459/597/1372
f 440/599/1373 462/598/1373 464/601/1373
f 463/603/1374 464/601/1374 462/598/1374
f 463/603/1375 461/600/1375 369/450/1375
f 464/601/1376 466/605/1376 442/604/1376
f 466/605/1377 464/601/1377 463/603/1377
f 465/606/405 463/603/405 368/457/405
f 466/605/1378 468/608/1378 443/607/1378
f 468/608/1379 466/605/1379 465/606/1379
f 467/609/1380 465/606/1380 367/458/1380
f 468/608/1381 470/611/1381 444/610/1381
f 470/611/1382 468/608/1382 467/609/1382
f 469/612/1383 467/609/1383 366/462/1383
f 470/611/1384 472/614/1384 445/613/1384
f 472/614/1385 470/611/1385 469/612/1385
f 471/615/1386 469/612/1386 365/469/1386
f 472/614/1387 474/617/1387 446/616/1387
f 474/617/1388 472/614/1388 471/615/1388
f 473/618/1389 471/615/1389 364/470/1389
f 474/617/1390 476/620/1390 447/619/1390
f 476/620/1391 474/617/1391 473/618/1391
f 475/621/1392 473/618/1392 363/474/1392
f 476/620/1393 478/623/1393 448/622/1393
f 478/623/1394 476/620/1394 475/621/1394
f 477/624/1395 475/621/1395 362/478/1395
f 391/578/276 449/577/276 450/625/276
f 377/489/322 392/626/322 450/625/322
f 450/625/322 435/562/322 1203/487/322
f 1205/627/428 480/799/428 479/628/428
f 1204/629/429 479/628/429 481/630/429
f 510/631/430 481/630/430 482/632/430
f 511/633/431 482/632/431 483/634/431
f 512/635/432 483/634/432 484/636/432
f 513/637/433 484/636/433 485/638/433
f 514/639/434 485/638/434 486/640/434
f 486/640/435 487/643/435 516/642/435
f 487/643/436 488/645/436 517/644/436
f 488/645/437 489/647/437 518/646/437
f 489/647/438 490/649/438 519/648/438
f 490/649/439 491/651/439 520/650/439
f 491/651/440 492/653/440 521/652/440
f 492/653/441 493/655/441 522/654/441
f 493/655/442 494/1574/442 523/656/442
f 552/657/1396 497/660/1396 495/658/1396
f 497/660/1397 498/663/1397 496/661/1397
f 480/662/1397 496/661/1397 498/663/1397
f 551/665/1398 499/666/1398 497/660/1398
f 499/666/1399 500/667/1399 498/663/1399
f 479/664/1400 498/663/1400 500/667/1400
f 481/668/1401 500/667/1401 502/669/1401
f 501/671/1402 502/669/1402 500/667/1402
f 550/672/1403 501/671/1403 499/666/1403
f 549/673/1404 503/674/1404 501/671/1404
f 503/674/1405 504/675/1405 502/669/1405
f 482/670/1406 502/669/1406 504/675/1406
f 483/676/1407 504/675/1407 506/677/1407
f 505/679/1408 506/677/1408 504/675/1408
f 503/674/1409 549/673/1409 548/680/1409
f 484/678/1410 506/677/1410 508/681/1410
f 507/683/1411 508/681/1411 506/677/1411
f 547/684/1412 507/683/1412 505/679/1412
f 485/682/1413 508/681/1413 524/685/1413
f 509/687/1414 524/685/1414 508/681/1414
f 509/687/1415 507/683/1415 547/684/1415
f 524/685/1416 526/690/1416 487/689/1416
f 526/690/1417 524/685/1417 509/687/1417
f 525/691/465 509/687/465 546/688/465
f 526/690/1418 528/694/1418 488/693/1418
f 528/694/1419 526/690/1419 525/691/1419
f 544/696/1420 527/695/1420 525/691/1420
f 528/694/1421 530/698/1421 489/697/1421
f 530/698/1422 528/694/1422 527/695/1422
f 529/699/1423 527/695/1423 544/696/1423
f 530/698/1424 532/702/1424 490/701/1424
f 532/702/1425 530/698/1425 529/699/1425
f 531/703/1426 529/699/1426 543/700/1426
f 532/702/1427 534/706/1427 491/705/1427
f 534/706/1428 532/702/1428 531/703/1428
f 533/707/1429 531/703/1429 542/704/1429
f 534/706/1430 536/710/1430 492/709/1430
f 536/710/1431 534/706/1431 533/707/1431
f 535/711/1432 533/707/1432 541/708/1432
f 536/710/1433 538/714/1433 493/713/1433
f 538/714/1434 536/710/1434 535/711/1434
f 537/715/1435 535/711/1435 540/712/1435
f 1204/629/428 554/719/428 555/718/428
f 510/631/429 556/720/429 554/719/429
f 511/633/430 557/721/430 556/720/430
f 512/635/431 558/722/431 557/721/431
f 513/637/432 559/723/432 558/722/432
f 514/639/433 560/724/433 559/723/433
f 515/641/1436 561/726/1436 560/724/1436
f 515/641/435 516/642/435 562/725/435
f 516/642/436 517/644/436 563/727/436
f 517/644/437 518/646/437 564/728/437
f 518/646/438 519/648/438 565/729/438
f 519/648/439 520/650/439 566/730/439
f 520/650/440 521/652/440 567/731/440
f 521/652/441 522/654/441 568/732/441
f 522/654/442 523/656/442 569/733/442
f 553/734/488 495/797/488 570/735/488
f 613/737/1437 614/893/1437 570/738/1437
f 572/739/1438 570/738/1438 571/740/1438
f 555/742/1439 554/746/1439 573/741/1439
f 612/743/1440 613/737/1440 572/739/1440
f 573/741/1441 575/745/1441 574/744/1441
f 575/745/1442 573/741/1442 554/746/1442
f 577/748/1443 575/745/1443 556/747/1443
f 576/750/1444 574/744/1444 575/745/1444
f 611/751/1445 612/743/1445 574/744/1445
f 610/752/1446 611/751/1446 576/750/1446
f 578/753/1447 576/750/1447 577/748/1447
f 557/749/1448 558/755/1448 579/754/1448
f 558/755/1449 559/760/1449 581/756/1449
f 579/754/1450 581/756/1450 580/757/1450
f 609/758/1451 610/752/1451 578/753/1451
f 583/759/1452 581/756/1452 559/760/1452
f 582/762/1453 580/757/1453 581/756/1453
f 608/763/1454 609/758/1454 580/757/1454
f 560/761/1455 561/767/1455 585/764/1455
f 583/759/1456 585/764/1456 584/765/1456
f 584/765/1457 607/770/1457 608/763/1457
f 562/766/1458 587/768/1458 585/764/1458
f 584/765/1459 585/764/1459 587/768/1459
f 607/770/510 584/765/510 586/769/510
f 563/772/1460 589/773/1460 587/768/1460
f 586/769/1461 587/768/1461 589/773/1461
f 605/775/1462 606/771/1462 586/769/1462
f 564/776/1463 591/777/1463 589/773/1463
f 591/777/1464 590/778/1464 588/774/1464
f 590/778/1465 604/782/1465 605/775/1465
f 565/779/1466 593/780/1466 591/777/1466
f 590/778/1467 591/777/1467 593/780/1467
f 604/782/1468 590/778/1468 592/781/1468
f 566/784/1469 595/785/1469 593/780/1469
f 592/781/1470 593/780/1470 595/785/1470
f 603/783/1471 592/781/1471 594/786/1471
f 567/788/1472 597/789/1472 595/785/1472
f 594/786/1473 595/785/1473 597/789/1473
f 602/787/1474 594/786/1474 596/790/1474
f 568/792/1475 599/793/1475 597/789/1475
f 596/790/1476 597/789/1476 599/793/1476
f 601/791/1477 596/790/1477 598/794/1477
f 495/797/488 496/1575/488 571/798/488
f 571/798/488 496/1575/488 480/799/488
f 480/799/1478 1205/627/1478 555/718/1478
f 1207/800/533 1206/803/533 615/801/533
f 1206/803/534 645/805/534 617/804/534
f 645/805/535 646/807/535 618/806/535
f 646/807/536 647/809/536 619/808/536
f 647/809/537 648/811/537 620/810/537
f 648/811/538 649/813/538 621/812/538
f 649/813/539 650/816/539 622/814/539
f 651/815/540 623/818/540 622/814/540
f 652/817/541 624/820/541 623/818/541
f 653/819/542 625/822/542 624/820/542
f 654/821/543 626/824/543 625/822/543
f 655/823/544 627/826/544 626/824/544
f 656/825/545 628/828/545 627/826/545
f 657/827/546 629/829/546 628/828/546
f 523/656/547 494/1574/547 629/829/547
f 552/657/1479 553/659/1479 630/830/1479
f 632/831/1480 630/830/1480 631/832/1480
f 616/834/1481 615/837/1481 633/833/1481
f 551/665/1482 552/657/1482 632/831/1482
f 633/833/1483 635/836/1483 634/835/1483
f 635/836/1484 633/833/1484 615/837/1484
f 637/839/1485 635/836/1485 617/838/1485
f 636/841/1486 634/835/1486 635/836/1486
f 550/672/1487 551/665/1487 634/835/1487
f 549/673/1488 550/672/1488 636/841/1488
f 638/842/1489 636/841/1489 637/839/1489
f 618/840/1490 619/844/1490 639/843/1490
f 619/844/1491 620/848/1491 641/845/1491
f 639/843/1492 641/845/1492 640/846/1492
f 548/680/1493 549/673/1493 638/842/1493
f 643/847/1494 641/845/1494 620/848/1494
f 642/850/1495 640/846/1495 641/845/1495
f 548/680/1496 640/846/1496 642/850/1496
f 621/849/1497 622/854/1497 658/851/1497
f 643/847/1498 658/851/1498 644/852/1498
f 644/852/1499 546/688/1499 547/684/1499
f 623/853/1500 660/855/1500 658/851/1500
f 644/852/1501 658/851/1501 660/855/1501
f 546/688/1502 644/852/1502 659/856/1502
f 624/857/1503 662/858/1503 660/855/1503
f 659/856/1504 660/855/1504 662/858/1504
f 545/692/1505 659/856/1505 661/859/1505
f 625/860/1506 664/861/1506 662/858/1506
f 664/861/1507 663/862/1507 661/859/1507
f 663/862/1508 543/700/1508 544/696/1508
f 626/863/1509 666/864/1509 664/861/1509
f 663/862/1510 664/861/1510 666/864/1510
f 543/700/1511 663/862/1511 665/865/1511
f 627/866/1512 668/867/1512 666/864/1512
f 665/865/1513 666/864/1513 668/867/1513
f 542/704/1514 665/865/1514 667/868/1514
f 628/869/1515 670/870/1515 668/867/1515
f 667/868/1516 668/867/1516 670/870/1516
f 541/708/1517 667/868/1517 669/871/1517
f 629/872/1518 672/873/1518 670/870/1518
f 669/871/1519 670/870/1519 672/873/1519
f 540/712/1520 669/871/1520 671/874/1520
f 674/875/533 673/876/533 1206/803/533
f 673/876/1521 675/877/1521 645/805/1521
f 675/877/535 676/878/535 646/807/535
f 676/878/536 677/879/536 647/809/536
f 677/879/537 678/880/537 648/811/537
f 678/880/538 679/881/538 649/813/538
f 679/881/539 680/1576/539 650/816/539
f 650/816/540 680/1576/540 681/882/540
f 651/815/541 681/882/541 682/883/541
f 652/817/542 682/883/542 683/884/542
f 653/819/543 683/884/543 684/885/543
f 654/821/544 684/885/544 685/886/544
f 655/823/545 685/886/545 686/887/545
f 656/825/546 686/887/546 687/888/546
f 657/827/547 687/888/547 569/733/547
f 553/889/488 614/1577/488 688/890/488
f 613/737/1522 690/894/1522 688/892/1522
f 690/894/1523 691/897/1523 689/895/1523
f 674/896/1524 689/895/1524 691/897/1524
f 612/743/1525 692/899/1525 690/894/1525
f 692/899/1526 693/900/1526 691/897/1526
f 673/898/1527 691/897/1527 693/900/1527
f 675/901/1528 693/900/1528 695/902/1528
f 694/904/1529 695/902/1529 693/900/1529
f 611/751/1530 694/904/1530 692/899/1530
f 610/752/1531 696/905/1531 694/904/1531
f 696/905/1532 697/906/1532 695/902/1532
f 676/903/1533 695/902/1533 697/906/1533
f 677/907/1534 697/906/1534 699/908/1534
f 698/910/1535 699/908/1535 697/906/1535
f 696/905/1536 610/752/1536 609/758/1536
f 678/909/1537 699/908/1537 701/911/1537
f 700/913/1538 701/911/1538 699/908/1538
f 700/913/1539 698/910/1539 609/758/1539
f 679/912/1540 701/911/1540 703/914/1540
f 702/916/1541 703/914/1541 701/911/1541
f 702/916/1542 700/913/1542 608/763/1542
f 703/914/1543 705/918/1543 681/917/1543
f 705/918/1544 703/914/1544 702/916/1544
f 704/919/1545 702/916/1545 607/770/1545
f 705/918/1546 707/921/1546 682/920/1546
f 707/921/1547 705/918/1547 704/919/1547
f 706/922/1548 704/919/1548 606/771/1548
f 707/921/1549 709/924/1549 683/923/1549
f 709/924/1550 707/921/1550 706/922/1550
f 708/925/1551 706/922/1551 605/775/1551
f 709/924/1552 711/927/1552 684/926/1552
f 711/927/1553 709/924/1553 708/925/1553
f 710/928/1554 708/925/1554 604/782/1554
f 711/927/1555 713/930/1555 685/929/1555
f 713/930/1556 711/927/1556 710/928/1556
f 712/931/1557 710/928/1557 603/783/1557
f 713/930/1558 715/933/1558 686/932/1558
f 715/933/1559 713/930/1559 712/931/1559
f 714/934/1560 712/931/1560 602/787/1560
f 715/933/1561 717/936/1561 687/935/1561
f 717/936/1562 715/933/1562 714/934/1562
f 716/937/1563 714/934/1563 601/791/1563
f 630/891/488 688/890/488 689/938/488
f 616/802/488 631/939/488 689/938/488
f 689/938/488 674/875/488 1207/800/488
f 1209/940/638 719/1112/638 718/941/638
f 1208/942/639 718/941/639 720/943/639
f 749/944/640 720/943/640 721/945/640
f 750/946/641 721/945/641 722/947/641
f 751/948/642 722/947/642 723/949/642
f 752/950/643 723/949/643 724/951/643
f 753/952/644 724/951/644 725/953/644
f 725/953/645 726/956/645 755/955/645
f 726/956/646 727/958/646 756/957/646
f 727/958/647 728/960/647 757/959/647
f 728/960/648 729/962/648 758/961/648
f 729/962/649 730/964/649 759/963/649
f 730/964/650 731/966/650 760/965/650
f 731/966/651 732/968/651 761/967/651
f 732/968/652 733/1578/652 762/969/652
f 791/970/1564 736/973/1564 734/971/1564
f 736/973/1565 737/976/1565 735/974/1565
f 719/975/1566 735/974/1566 737/976/1566
f 790/978/1567 738/979/1567 736/973/1567
f 738/979/1568 739/980/1568 737/976/1568
f 718/977/1569 737/976/1569 739/980/1569
f 720/981/1570 739/980/1570 741/982/1570
f 740/984/1571 741/982/1571 739/980/1571
f 789/985/1572 740/984/1572 738/979/1572
f 788/986/1573 742/987/1573 740/984/1573
f 742/987/1574 743/988/1574 741/982/1574
f 721/983/1575 741/982/1575 743/988/1575
f 722/989/1576 743/988/1576 745/990/1576
f 744/992/1577 745/990/1577 743/988/1577
f 742/987/1578 788/986/1578 787/993/1578
f 723/991/1579 745/990/1579 747/994/1579
f 746/996/1580 747/994/1580 745/990/1580
f 746/996/1581 744/992/1581 787/993/1581
f 724/995/1582 747/994/1582 763/998/1582
f 748/1000/1583 763/998/1583 747/994/1583
f 748/1000/1584 746/996/1584 786/997/1584
f 763/998/1585 765/1003/1585 726/1002/1585
f 765/1003/1586 763/998/1586 748/1000/1586
f 764/1004/1587 748/1000/1587 785/1001/1587
f 765/1003/1588 767/1007/1588 727/1006/1588
f 767/1007/1589 765/1003/1589 764/1004/1589
f 766/1008/1590 764/1004/1590 784/1005/1590
f 767/1007/1591 769/1011/1591 728/1010/1591
f 769/1011/1592 767/1007/1592 766/1008/1592
f 768/1012/1593 766/1008/1593 783/1009/1593
f 769/1011/1594 771/1015/1594 729/1014/1594
f 771/1015/1595 769/1011/1595 768/1012/1595
f 770/1016/1596 768/1012/1596 782/1013/1596
f 771/1015/1597 773/1019/1597 730/1018/1597
f 773/1019/1598 771/1015/1598 770/1016/1598
f 772/1020/1599 770/1016/1599 781/1017/1599
f 773/1019/1600 775/1023/1600 731/1022/1600
f 775/1023/1601 773/1019/1601 772/1020/1601
f 774/1024/1602 772/1020/1602 780/1021/1602
f 775/1023/1603 777/1027/1603 732/1026/1603
f 777/1027/1604 775/1023/1604 774/1024/1604
f 776/1028/1605 774/1024/1605 779/1025/1605
f 1208/942/638 793/1032/638 794/1031/638
f 749/944/1606 795/1033/1606 793/1032/1606
f 750/946/640 796/1034/640 795/1033/640
f 751/948/641 797/1035/641 796/1034/641
f 752/950/642 798/1036/642 797/1035/642
f 753/952/643 799/1037/643 798/1036/643
f 754/954/644 800/1039/644 799/1037/644
f 754/954/645 755/955/645 801/1038/645
f 755/955/646 756/957/646 802/1040/646
f 756/957/647 757/959/647 803/1041/647
f 757/959/648 758/961/648 804/1042/648
f 758/961/649 759/963/649 805/1043/649
f 759/963/650 760/965/650 806/1044/650
f 760/965/651 761/967/651 807/1045/651
f 761/967/652 762/969/652 808/1046/652
f 792/1047/698 734/1110/698 809/1048/698
f 852/1050/1607 853/1206/1607 809/1051/1607
f 811/1052/1608 809/1051/1608 810/1053/1608
f 794/1055/1609 793/1059/1609 812/1054/1609
f 851/1056/1610 852/1050/1610 811/1052/1610
f 812/1054/1611 814/1058/1611 813/1057/1611
f 814/1058/1612 812/1054/1612 793/1059/1612
f 816/1061/1613 814/1058/1613 795/1060/1613
f 815/1063/1614 813/1057/1614 814/1058/1614
f 850/1064/1615 851/1056/1615 813/1057/1615
f 849/1065/1616 850/1064/1616 815/1063/1616
f 817/1066/1617 815/1063/1617 816/1061/1617
f 796/1062/1618 797/1068/1618 818/1067/1618
f 797/1068/1619 798/1073/1619 820/1069/1619
f 818/1067/1620 820/1069/1620 819/1070/1620
f 848/1071/1621 849/1065/1621 817/1066/1621
f 822/1072/1622 820/1069/1622 798/1073/1622
f 821/1075/1623 819/1070/1623 820/1069/1623
f 848/1071/1624 819/1070/1624 821/1075/1624
f 799/1074/1625 800/1080/1625 824/1077/1625
f 822/1072/1626 824/1077/1626 823/1078/1626
f 823/1078/1627 846/1083/1627 847/1076/1627
f 801/1079/1628 826/1081/1628 824/1077/1628
f 823/1078/1629 824/1077/1629 826/1081/1629
f 846/1083/1630 823/1078/1630 825/1082/1630
f 802/1085/1631 828/1086/1631 826/1081/1631
f 825/1082/1632 826/1081/1632 828/1086/1632
f 845/1084/1633 825/1082/1633 827/1087/1633
f 803/1089/1634 830/1090/1634 828/1086/1634
f 830/1090/1635 829/1091/1635 827/1087/1635
f 829/1091/1636 843/1095/1636 844/1088/1636
f 804/1092/1637 832/1093/1637 830/1090/1637
f 829/1091/1638 830/1090/1638 832/1093/1638
f 843/1095/1639 829/1091/1639 831/1094/1639
f 805/1097/1640 834/1098/1640 832/1093/1640
f 831/1094/1641 832/1093/1641 834/1098/1641
f 842/1096/1642 831/1094/1642 833/1099/1642
f 806/1101/1643 836/1102/1643 834/1098/1643
f 833/1099/1644 834/1098/1644 836/1102/1644
f 841/1100/1645 833/1099/1645 835/1103/1645
f 807/1105/1646 838/1106/1646 836/1102/1646
f 835/1103/1647 836/1102/1647 838/1106/1647
f 840/1104/1648 835/1103/1648 837/1107/1648
f 734/1110/698 735/1579/698 810/1111/698
f 810/1111/698 735/1579/698 719/1112/698
f 719/1112/1649 1209/940/1649 794/1031/1649
f 1211/1113/744 1210/1116/744 854/1114/744
f 1210/1116/745 884/1118/745 856/1117/745
f 884/1118/746 885/1120/746 857/1119/746
f 885/1120/747 886/1122/747 858/1121/747
f 886/1122/748 887/1124/748 859/1123/748
f 887/1124/749 888/1126/749 860/1125/749
f 888/1126/750 889/1129/750 861/1127/750
f 890/1128/751 862/1131/751 861/1127/751
f 891/1130/752 863/1133/752 862/1131/752
f 892/1132/753 864/1135/753 863/1133/753
f 893/1134/754 865/1137/754 864/1135/754
f 894/1136/755 866/1139/755 865/1137/755
f 895/1138/756 867/1141/756 866/1139/756
f 896/1140/757 868/1142/757 867/1141/757
f 762/969/758 733/1578/758 868/1142/758
f 791/970/1650 792/972/1650 869/1143/1650
f 871/1144/1651 869/1143/1651 870/1145/1651
f 855/1147/1652 854/1150/1652 872/1146/1652
f 790/978/1653 791/970/1653 871/1144/1653
f 872/1146/1654 874/1149/1654 873/1148/1654
f 874/1149/1655 872/1146/1655 854/1150/1655
f 876/1152/1656 874/1149/1656 856/1151/1656
f 875/1154/1657 873/1148/1657 874/1149/1657
f 789/985/1658 790/978/1658 873/1148/1658
f 788/986/1659 789/985/1659 875/1154/1659
f 877/1155/1660 875/1154/1660 876/1152/1660
f 857/1153/1661 858/1157/1661 878/1156/1661
f 858/1157/1662 859/1161/1662 880/1158/1662
f 878/1156/1663 880/1158/1663 879/1159/1663
f 787/993/1664 788/986/1664 877/1155/1664
f 882/1160/1665 880/1158/1665 859/1161/1665
f 881/1163/1666 879/1159/1666 880/1158/1666
f 786/997/1667 787/993/1667 879/1159/1667
f 860/1162/1668 861/1167/1668 897/1164/1668
f 882/1160/1669 897/1164/1669 883/1165/1669
f 883/1165/1670 785/1001/1670 786/997/1670
f 862/1166/1671 899/1168/1671 897/1164/1671
f 883/1165/1672 897/1164/1672 899/1168/1672
f 785/1001/780 883/1165/780 898/1169/780
f 863/1170/1673 901/1171/1673 899/1168/1673
f 898/1169/1674 899/1168/1674 901/1171/1674
f 783/1009/1675 784/1005/1675 898/1169/1675
f 864/1173/1676 903/1174/1676 901/1171/1676
f 903/1174/1677 902/1175/1677 900/1172/1677
f 902/1175/1678 782/1013/1678 783/1009/1678
f 865/1176/1679 905/1177/1679 903/1174/1679
f 902/1175/1680 903/1174/1680 905/1177/1680
f 782/1013/1681 902/1175/1681 904/1178/1681
f 866/1179/1682 907/1180/1682 905/1177/1682
f 904/1178/1683 905/1177/1683 907/1180/1683
f 781/1017/1684 904/1178/1684 906/1181/1684
f 867/1182/1685 909/1183/1685 907/1180/1685
f 906/1181/1686 907/1180/1686 909/1183/1686
f 780/1021/1687 906/1181/1687 908/1184/1687
f 868/1185/1688 911/1186/1688 909/1183/1688
f 908/1184/1689 909/1183/1689 911/1186/1689
f 779/1025/1690 908/1184/1690 910/1187/1690
f 913/1188/744 912/1189/744 1210/1116/744
f 912/1189/745 914/1190/745 884/1118/745
f 914/1190/746 915/1191/746 885/1120/746
f 915/1191/747 916/1192/747 886/1122/747
f 916/1192/748 917/1193/748 887/1124/748
f 917/1193/749 918/1194/749 888/1126/749
f 918/1194/1691 919/1580/1691 889/1129/1691
f 889/1129/751 919/1580/751 920/1195/751
f 890/1128/752 920/1195/752 921/1196/752
f 891/1130/753 921/1196/753 922/1197/753
f 892/1132/754 922/1197/754 923/1198/754
f 893/1134/755 923/1198/755 924/1199/755
f 894/1136/756 924/1199/756 925/1200/756
f 895/1138/757 925/1200/757 926/1201/757
f 896/1140/758 926/1201/758 808/1046/758
f 792/1202/698 853/1581/698 927/1203/698
f 852/1050/1692 929/1207/1692 927/1205/1692
f 929/1207/1693 930/1210/1693 928/1208/1693
f 913/1209/1693 928/1208/1693 930/1210/1693
f 851/1056/1694 931/1212/1694 929/1207/1694
f 931/1212/1695 932/1213/1695 930/1210/1695
f 912/1211/1696 930/1210/1696 932/1213/1696
f 914/1214/1697 932/1213/1697 934/1215/1697
f 933/1217/1698 934/1215/1698 932/1213/1698
f 850/1064/1699 933/1217/1699 931/1212/1699
f 849/1065/1700 935/1218/1700 933/1217/1700
f 935/1218/1701 936/1219/1701 934/1215/1701
f 915/1216/1702 934/1215/1702 936/1219/1702
f 916/1220/1703 936/1219/1703 938/1221/1703
f 937/1223/1704 938/1221/1704 936/1219/1704
f 935/1218/1705 849/1065/1705 848/1071/1705
f 917/1222/1706 938/1221/1706 940/1224/1706
f 939/1226/1707 940/1224/1707 938/1221/1707
f 847/1076/1708 939/1226/1708 937/1223/1708
f 918/1225/1709 940/1224/1709 942/1227/1709
f 941/1229/1710 942/1227/1710 940/1224/1710
f 941/1229/1711 939/1226/1711 847/1076/1711
f 942/1227/1712 944/1231/1712 920/1230/1712
f 944/1231/1713 942/1227/1713 941/1229/1713
f 943/1232/825 941/1229/825 846/1083/825
f 944/1231/1714 946/1234/1714 921/1233/1714
f 946/1234/1715 944/1231/1715 943/1232/1715
f 844/1088/1716 945/1235/1716 943/1232/1716
f 946/1234/1717 948/1237/1717 922/1236/1717
f 948/1237/1718 946/1234/1718 945/1235/1718
f 947/1238/1719 945/1235/1719 844/1088/1719
f 948/1237/1720 950/1240/1720 923/1239/1720
f 950/1240/1721 948/1237/1721 947/1238/1721
f 949/1241/1722 947/1238/1722 843/1095/1722
f 950/1240/1723 952/1243/1723 924/1242/1723
f 952/1243/1724 950/1240/1724 949/1241/1724
f 951/1244/1725 949/1241/1725 842/1096/1725
f 952/1243/1726 954/1246/1726 925/1245/1726
f 954/1246/1727 952/1243/1727 951/1244/1727
f 953/1247/1728 951/1244/1728 841/1100/1728
f 954/1246/1729 956/1249/1729 926/1248/1729
f 956/1249/1730 954/1246/1730 953/1247/1730
f 955/1250/1731 953/1247/1731 840/1104/1731
f 869/1204/698 927/1203/698 928/1251/698
f 855/1115/698 870/1252/698 928/1251/698
f 928/1251/698 913/1188/698 1211/1113/698
f 1213/1253/848 958/1425/848 957/1254/848
f 1212/1255/849 957/1254/849 959/1256/849
f 988/1257/850 959/1256/850 960/1258/850
f 989/1259/908 960/1258/908 961/1260/908
f 990/1261/852 961/1260/852 962/1262/852
f 991/1263/853 962/1262/853 963/1264/853
f 992/1265/854 963/1264/854 964/1266/854
f 993/1267/855 964/1266/855 965/1268/855
f 965/1268/856 966/1271/856 995/1270/856
f 966/1271/857 967/1273/857 996/1272/857
f 967/1273/858 968/1275/858 997/1274/858
f 968/1275/859 969/1277/859 998/1276/859
f 969/1277/860 970/1279/860 999/1278/860
f 970/1279/861 971/1281/861 1000/1280/861
f 971/1281/862 972/1582/862 1001/1282/862
f 1030/1283/1732 975/1286/1732 973/1284/1732
f 975/1286/1733 976/1289/1733 974/1287/1733
f 958/1288/1734 974/1287/1734 976/1289/1734
f 1029/1291/1735 977/1292/1735 975/1286/1735
f 977/1292/1736 978/1293/1736 976/1289/1736
f 957/1290/1737 976/1289/1737 978/1293/1737
f 959/1294/1738 978/1293/1738 980/1295/1738
f 979/1297/1739 980/1295/1739 978/1293/1739
f 1028/1298/1740 979/1297/1740 977/1292/1740
f 1027/1299/1741 981/1300/1741 979/1297/1741
f 981/1300/1742 982/1301/1742 980/1295/1742
f 960/1296/1743 980/1295/1743 982/1301/1743
f 961/1302/1744 982/1301/1744 984/1303/1744
f 983/1305/1745 984/1303/1745 982/1301/1745
f 981/1300/1746 1027/1299/1746 1026/1306/1746
f 962/1304/1747 984/1303/1747 986/1307/1747
f 985/1309/1748 986/1307/1748 984/1303/1748
f 1025/1310/1749 985/1309/1749 983/1305/1749
f 963/1308/1750 986/1307/1750 1002/1311/1750
f 987/1313/1751 1002/1311/1751 986/1307/1751
f 987/1313/1752 985/1309/1752 1025/1310/1752
f 1002/1311/1753 1004/1316/1753 965/1315/1753
f 1004/1316/1754 1002/1311/1754 987/1313/1754
f 1003/1317/885 987/1313/885 1024/1314/885
f 1004/1316/1755 1006/1320/1755 966/1319/1755
f 1006/1320/1756 1004/1316/1756 1003/1317/1756
f 1005/1321/1757 1003/1317/1757 1023/1318/1757
f 1006/1320/1758 1008/1324/1758 967/1323/1758
f 1008/1324/1759 1006/1320/1759 1005/1321/1759
f 1007/1325/1760 1005/1321/1760 1022/1322/1760
f 1008/1324/1761 1010/1328/1761 968/1327/1761
f 1010/1328/1762 1008/1324/1762 1007/1325/1762
f 1009/1329/1763 1007/1325/1763 1021/1326/1763
f 1010/1328/1764 1012/1332/1764 969/1331/1764
f 1012/1332/1765 1010/1328/1765 1009/1329/1765
f 1011/1333/1766 1009/1329/1766 1020/1330/1766
f 1012/1332/1767 1014/1336/1767 970/1335/1767
f 1014/1336/1768 1012/1332/1768 1011/1333/1768
f 1013/1337/1769 1011/1333/1769 1019/1334/1769
f 1014/1336/1770 1016/1340/1770 971/1339/1770
f 1016/1340/1771 1014/1336/1771 1013/1337/1771
f 1015/1341/1772 1013/1337/1772 1018/1338/1772
f 1212/1255/848 1032/1345/848 1033/1344/848
f 988/1257/849 1034/1346/849 1032/1345/849
f 989/1259/850 1035/1347/850 1034/1346/850
f 990/1261/851 1036/1348/851 1035/1347/851
f 991/1263/852 1037/1349/852 1036/1348/852
f 992/1265/853 1038/1350/853 1037/1349/853
f 993/1267/854 1039/1351/854 1038/1350/854
f 994/1269/855 1040/1353/855 1039/1351/855
f 994/1269/856 995/1270/856 1041/1352/856
f 995/1270/857 996/1272/857 1042/1354/857
f 996/1272/858 997/1274/858 1043/1355/858
f 997/1274/859 998/1276/859 1044/1356/859
f 998/1276/860 999/1278/860 1045/1357/860
f 999/1278/861 1000/1280/861 1046/1358/861
f 1000/1280/862 1001/1282/862 1047/1359/862
f 1031/1360/909 973/1423/909 1048/1361/909
f 1091/1363/1773 1092/1519/1773 1048/1364/1773
f 1050/1365/1774 1048/1364/1774 1049/1366/1774
f 1033/1368/1775 1032/1372/1775 1051/1367/1775
f 1090/1369/1776 1091/1363/1776 1050/1365/1776
f 1051/1367/1777 1053/1371/1777 1052/1370/1777
f 1053/1371/1778 1051/1367/1778 1032/1372/1778
f 1055/1374/1779 1053/1371/1779 1034/1373/1779
f 1054/1376/1780 1052/1370/1780 1053/1371/1780
f 1089/1377/1781 1090/1369/1781 1052/1370/1781
f 1088/1378/1782 1089/1377/1782 1054/1376/1782
f 1056/1379/1783 1054/1376/1783 1055/1374/1783
f 1035/1375/1784 1036/1381/1784 1057/1380/1784
f 1036/1381/1785 1037/1386/1785 1059/1382/1785
f 1057/1380/1786 1059/1382/1786 1058/1383/1786
f 1087/1384/1787 1088/1378/1787 1056/1379/1787
f 1061/1385/1788 1059/1382/1788 1037/1386/1788
f 1060/1388/1789 1058/1383/1789 1059/1382/1789
f 1086/1389/1790 1087/1384/1790 1058/1383/1790
f 1038/1387/1791 1039/1393/1791 1063/1390/1791
f 1061/1385/1792 1063/1390/1792 1062/1391/1792
f 1062/1391/1793 1085/1396/1793 1086/1389/1793
f 1040/1392/1794 1065/1394/1794 1063/1390/1794
f 1062/1391/1795 1063/1390/1795 1065/1394/1795
f 1085/1396/932 1062/1391/932 1064/1395/932
f 1041/1398/1796 1067/1399/1796 1065/1394/1796
f 1064/1395/1797 1065/1394/1797 1067/1399/1797
f 1084/1397/1798 1064/1395/1798 1066/1400/1798
f 1042/1402/1799 1069/1403/1799 1067/1399/1799
f 1069/1403/1800 1068/1404/1800 1066/1400/1800
f 1068/1404/1801 1082/1408/1801 1083/1401/1801
f 1043/1405/1802 1071/1406/1802 1069/1403/1802
f 1068/1404/1803 1069/1403/1803 1071/1406/1803
f 1082/1408/1804 1068/1404/1804 1070/1407/1804
f 1044/1410/1805 1073/1411/1805 1071/1406/1805
f 1070/1407/1806 1071/1406/1806 1073/1411/1806
f 1081/1409/1807 1070/1407/1807 1072/1412/1807
f 1045/1414/1808 1075/1415/1808 1073/1411/1808
f 1072/1412/1809 1073/1411/1809 1075/1415/1809
f 1080/1413/1810 1072/1412/1810 1074/1416/1810
f 1046/1418/1811 1077/1419/1811 1075/1415/1811
f 1074/1416/1812 1075/1415/1812 1077/1419/1812
f 1079/1417/1813 1074/1416/1813 1076/1420/1813
f 973/1423/909 974/1583/909 1049/1424/909
f 1049/1424/909 974/1583/909 958/1425/909
f 1213/1253/909 1033/1344/909 1049/1424/909
f 1215/1426/955 1214/1429/955 1093/1427/955
f 1214/1429/956 1123/1431/956 1095/1430/956
f 1123/1431/1814 1124/1433/1814 1096/1432/1814
f 1124/1433/958 1125/1435/958 1097/1434/958
f 1125/1435/959 1126/1437/959 1098/1436/959
f 1126/1437/960 1127/1439/960 1099/1438/960
f 1127/1439/961 1128/1441/961 1100/1440/961
f 1128/1441/962 1129/1444/962 1101/1442/962
f 1130/1443/963 1102/1446/963 1101/1442/963
f 1131/1445/964 1103/1448/964 1102/1446/964
f 1132/1447/965 1104/1450/965 1103/1448/965
f 1133/1449/966 1105/1452/966 1104/1450/966
f 1134/1451/967 1106/1454/967 1105/1452/967
f 1135/1453/968 1107/1455/968 1106/1454/968
f 1001/1282/969 972/1582/969 1107/1455/969
f 1030/1283/1815 1031/1285/1815 1108/1456/1815
f 1110/1457/1816 1108/1456/1816 1109/1458/1816
f 1094/1460/1817 1093/1463/1817 1111/1459/1817
f 1029/1291/1818 1030/1283/1818 1110/1457/1818
f 1111/1459/1819 1113/1462/1819 1112/1461/1819
f 1113/1462/1820 1111/1459/1820 1093/1463/1820
f 1115/1465/1821 1113/1462/1821 1095/1464/1821
f 1114/1467/1822 1112/1461/1822 1113/1462/1822
f 1028/1298/1823 1029/1291/1823 1112/1461/1823
f 1027/1299/1824 1028/1298/1824 1114/1467/1824
f 1116/1468/1825 1114/1467/1825 1115/1465/1825
f 1096/1466/1826 1097/1470/1826 1117/1469/1826
f 1097/1470/1827 1098/1474/1827 1119/1471/1827
f 1117/1469/1828 1119/1471/1828 1118/1472/1828
f 1026/1306/1829 1027/1299/1829 1116/1468/1829
f 1121/1473/1830 1119/1471/1830 1098/1474/1830
f 1120/1476/1831 1118/1472/1831 1119/1471/1831
f 1025/1310/1832 1026/1306/1832 1118/1472/1832
f 1099/1475/1833 1100/1480/1833 1136/1477/1833
f 1121/1473/1834 1136/1477/1834 1122/1478/1834
f 1122/1478/1835 1024/1314/1835 1025/1310/1835
f 1101/1479/1836 1138/1481/1836 1136/1477/1836
f 1122/1478/1837 1136/1477/1837 1138/1481/1837
f 1024/1314/1838 1122/1478/1838 1137/1482/1838
f 1102/1483/1839 1140/1484/1839 1138/1481/1839
f 1137/1482/1840 1138/1481/1840 1140/1484/1840
f 1023/1318/1841 1137/1482/1841 1139/1485/1841
f 1103/1486/1842 1142/1487/1842 1140/1484/1842
f 1142/1487/1843 1141/1488/1843 1139/1485/1843
f 1141/1488/1844 1021/1326/1844 1022/1322/1844
f 1104/1489/1845 1144/1490/1845 1142/1487/1845
f 1141/1488/1846 1142/1487/1846 1144/1490/1846
f 1021/1326/1847 1141/1488/1847 1143/1491/1847
f 1105/1492/1848 1146/1493/1848 1144/1490/1848
f 1143/1491/1849 1144/1490/1849 1146/1493/1849
f 1020/1330/1850 1143/1491/1850 1145/1494/1850
f 1106/1495/1851 1148/1496/1851 1146/1493/1851
f 1145/1494/1852 1146/1493/1852 1148/1496/1852
f 1019/1334/1853 1145/1494/1853 1147/1497/1853
f 1107/1498/1854 1150/1499/1854 1148/1496/1854
f 1147/1497/1855 1148/1496/1855 1150/1499/1855
f 1018/1338/1856 1147/1497/1856 1149/1500/1856
f 1152/1501/955 1151/1502/955 1214/1429/955
f 1151/1502/956 1153/1503/956 1123/1431/956
f 1153/1503/1814 1154/1504/1814 1124/1433/1814
f 1154/1504/958 1155/1505/958 1125/1435/958
f 1155/1505/959 1156/1506/959 1126/1437/959
f 1156/1506/960 1157/1507/960 1127/1439/960
f 1157/1507/961 1158/1508/961 1128/1441/961
f 1158/1508/962 1159/1584/962 1129/1444/962
f 1129/1444/963 1159/1584/963 1160/1509/963
f 1130/1443/964 1160/1509/964 1161/1510/964
f 1131/1445/965 1161/1510/965 1162/1511/965
f 1132/1447/966 1162/1511/966 1163/1512/966
f 1133/1449/967 1163/1512/967 1164/1513/967
f 1134/1451/968 1164/1513/968 1165/1514/968
f 1135/1453/969 1165/1514/969 1047/1359/969
f 1031/1515/909 1092/1585/909 1166/1516/909
f 1091/1363/1857 1168/1520/1857 1166/1518/1857
f 1168/1520/1858 1169/1523/1858 1167/1521/1858
f 1152/1522/1859 1167/1521/1859 1169/1523/1859
f 1090/1369/1860 1170/1525/1860 1168/1520/1860
f 1170/1525/1861 1171/1526/1861 1169/1523/1861
f 1151/1524/1862 1169/1523/1862 1171/1526/1862
f 1153/1527/1863 1171/1526/1863 1173/1528/1863
f 1172/1530/1864 1173/1528/1864 1171/1526/1864
f 1089/1377/1865 1172/1530/1865 1170/1525/1865
f 1088/1378/1866 1174/1531/1866 1172/1530/1866
f 1174/1531/1867 1175/1532/1867 1173/1528/1867
f 1154/1529/1868 1173/1528/1868 1175/1532/1868
f 1155/1533/1869 1175/1532/1869 1177/1534/1869
f 1176/1536/1870 1177/1534/1870 1175/1532/1870
f 1174/1531/1871 1088/1378/1871 1087/1384/1871
f 1156/1535/1872 1177/1534/1872 1179/1537/1872
f 1178/1539/1873 1179/1537/1873 1177/1534/1873
f 1086/1389/1874 1178/1539/1874 1176/1536/1874
f 1157/1538/1875 1179/1537/1875 1181/1540/1875
f 1180/1542/1876 1181/1540/1876 1179/1537/1876
f 1180/1542/1877 1178/1539/1877 1086/1389/1877
f 1181/1540/1878 1183/1544/1878 1159/1543/1878
f 1183/1544/1879 1181/1540/1879 1180/1542/1879
f 1182/1545/1880 1180/1542/1880 1085/1396/1880
f 1183/1544/1881 1185/1547/1881 1160/1546/1881
f 1185/1547/1882 1183/1544/1882 1182/1545/1882
f 1184/1548/1883 1182/1545/1883 1084/1397/1883
f 1185/1547/1884 1187/1550/1884 1161/1549/1884
f 1187/1550/1885 1185/1547/1885 1184/1548/1885
f 1186/1551/1886 1184/1548/1886 1083/1401/1886
f 1187/1550/1887 1189/1553/1887 1162/1552/1887
f 1189/1553/1888 1187/1550/1888 1186/1551/1888
f 1188/1554/1889 1186/1551/1889 1082/1408/1889
f 1189/1553/1890 1191/1556/1890 1163/1555/1890
f 1191/1556/1891 1189/1553/1891 1188/1554/1891
f 1190/1557/1892 1188/1554/1892 1081/1409/1892
f 1191/1556/1893 1193/1559/1893 1164/1558/1893
f 1193/1559/1894 1191/1556/1894 1190/1557/1894
f 1192/1560/1895 1190/1557/1895 1080/1413/1895
f 1193/1559/1896 1195/1562/1896 1165/1561/1896
f 1195/1562/1897 1193/1559/1897 1192/1560/1897
f 1194/1563/1898 1192/1560/1898 1079/1417/1898
f 1108/1517/909 1166/1516/909 1167/1564/909
f 1094/1428/909 1109/1565/909 1167/1564/909
f 1167/1564/909 1152/1501/909 1215/1426/909
o FlowerLaser_Body
v -0.116738 -0.000000 0.079563
v 0.000000 0.000000 0.150000
v 0.029264 0.000000 0.147118
v 0.083336 0.000000 0.124720
v -0.116738 -0.015522 0.078034
v 0.000000 -0.029264 0.147118
v 0.029264 -0.028701 0.144291
v 0.057403 -0.027036 0.135919
v 0.083336 -0.024332 0.122324
v 0.106066 -0.020692 0.104028
v 0.124720 -0.016258 0.081734
v 0.138582 -0.011199 0.056300
v 0.147118 -0.005709 0.028701
v -0.116738 -0.030447 0.073506
v 0.000000 -0.057403 0.138582
v 0.029264 -0.056300 0.135919
v 0.057403 -0.053033 0.128033
v 0.083336 -0.047728 0.115227
v 0.106066 -0.040590 0.097992
v 0.124720 -0.031891 0.076992
v 0.138582 -0.021967 0.053033
v 0.147118 -0.011199 0.027036
v -0.116738 -0.044203 0.066154
v 0.000000 -0.083336 0.124720
v 0.029264 -0.081734 0.122324
v 0.057403 -0.076992 0.115227
v 0.083336 -0.069291 0.103701
v 0.106066 -0.058927 0.088191
v 0.124720 -0.046299 0.069291
v 0.138582 -0.031891 0.047728
v 0.147118 -0.016258 0.024332
v -0.116738 -0.056259 0.056259
v 0.000000 -0.106066 0.106066
v 0.029264 -0.104028 0.104028
v 0.057403 -0.097992 0.097992
v 0.083336 -0.088191 0.088191
v 0.106066 -0.075000 0.075000
v 0.124720 -0.058927 0.058927
v 0.138582 -0.040590 0.040590
v 0.147118 -0.020692 0.020692
v -0.116738 -0.066154 0.044203
v 0.000000 -0.124721 0.083336
v 0.029264 -0.122324 0.081734
v 0.057403 -0.115227 0.076992
v 0.083336 -0.103701 0.069291
v 0.106066 -0.088191 0.058927
v 0.124720 -0.069291 0.046299
v 0.138582 -0.047728 0.031891
v 0.147118 -0.024332 0.016258
v -0.116738 -0.073506 0.030447
v 0.000000 -0.138582 0.057403
v 0.029264 -0.135919 0.056300
v 0.057403 -0.128033 0.053033
v 0.083336 -0.115227 0.047728
v 0.106066 -0.097992 0.040590
v 0.124720 -0.076992 0.031891
v 0.138582 -0.053033 0.021967
v 0.147118 -0.027036 0.011199
v -0.116738 -0.078034 0.015522
v 0.000000 -0.147118 0.029264
v 0.029264 -0.144291 0.028701
v 0.057403 -0.135919 0.027036
v 0.083336 -0.122324 0.024332
v 0.106066 -0.104028 0.020692
v 0.124720 -0.081734 0.016258
v 0.138582 -0.056300 0.011199
v 0.147118 -0.028701 0.005709
v -0.116738 -0.079563 -0.000000
v 0.000000 -0.150000 -0.000000
v 0.029264 -0.147118 -0.000000
v 0.057403 -0.138582 0.000000
v 0.083336 -0.124720 -0.000000
v 0.106066 -0.106066 0.000000
v 0.124720 -0.083336 -0.000000
v 0.138582 -0.057403 -0.000000
v 0.147118 -0.029264 -0.000000
v -0.116738 -0.078034 -0.015522
v 0.000000 -0.147118 -0.029264
v 0.029264 -0.144291 -0.028701
v 0.057403 -0.135919 -0.027036
v 0.083336 -0.122324 -0.024332
v 0.106066 -0.104028 -0.020692
v 0.124720 -0.081734 -0.016258
v 0.138582 -0.056300 -0.011199
v 0.147118 -0.028701 -0.005709
v -0.116738 -0.073506 -0.030447
v 0.000000 -0.138582 -0.057403
v 0.029264 -0.135919 -0.056300
v 0.057403 -0.128033 -0.053033
v 0.083336 -0.115227 -0.047728
v 0.106066 -0.097992 -0.040590
v 0.124720 -0.076992 -0.031891
v 0.138582 -0.053033 -0.021967
v 0.147118 -0.027036 -0.011199
v -0.116738 -0.066154 -0.044203
v 0.000000 -0.124720 -0.083336
v 0.029264 -0.122324 -0.081734
v 0.057403 -0.115227 -0.076992
v 0.083336 -0.103701 -0.069291
v 0.106066 -0.088191 -0.058927
v 0.124720 -0.069291 -0.046299
v 0.138582 -0.047728 -0.031891
v 0.147118 -0.024332 -0.016258
v -0.116738 -0.056259 -0.056259
v 0.000000 -0.106066 -0.106066
v 0.029264 -0.104028 -0.104028
v 0.057403 -0.097992 -0.097992
v 0.083336 -0.088191 -0.088191
v 0.106066 -0.075000 -0.075000
v 0.124720 -0.058927 -0.058927
v 0.138582 -0.040590 -0.040590
v 0.147118 -0.020692 -0.020692
v -0.116738 -0.044203 -0.066154
v 0.000000 -0.083336 -0.124720
v 0.029264 -0.081734 -0.122324
v 0.057403 -0.076992 -0.115227
v 0.083336 -0.069291 -0.103701
v 0.106066 -0.058927 -0.088191
v 0.124720 -0.046299 -0.069291
v 0.138582 -0.031891 -0.047728
v 0.147118 -0.016258 -0.024332
v -0.116738 -0.030447 -0.073506
v 0.000000 -0.057402 -0.138582
v 0.029264 -0.056300 -0.135919
v 0.057403 -0.053033 -0.128033
v 0.083336 -0.047728 -0.115227
v 0.106066 -0.040590 -0.097992
v 0.124720 -0.031891 -0.076992
v 0.138582 -0.021967 -0.053033
v 0.147118 -0.011199 -0.027036
v -0.116738 -0.015522 -0.078034
v 0.000000 -0.029264 -0.147118
v 0.029264 -0.028701 -0.144291
v 0.057403 -0.027036 -0.135919
v 0.083336 -0.024332 -0.122324
v 0.106066 -0.020692 -0.104028
v 0.124720 -0.016258 -0.081734
v 0.138582 -0.011199 -0.056300
v 0.147118 -0.005709 -0.028701
v -0.116738 0.000000 -0.079563
v -0.000000 0.000000 -0.150000
v 0.029264 0.000000 -0.147118
v 0.057403 -0.000000 -0.138582
v 0.083336 0.000000 -0.124720
v 0.106066 0.000000 -0.106066
v 0.124720 0.000000 -0.083336
v 0.138582 0.000000 -0.057403
v 0.147118 0.000000 -0.029264
v -0.116738 0.015522 -0.078034
v -0.000000 0.029264 -0.147118
v 0.029264 0.028701 -0.144291
v 0.057403 0.027036 -0.135919
v 0.083336 0.024332 -0.122324
v 0.106066 0.020692 -0.104028
v 0.124720 0.016258 -0.081734
v 0.138582 0.011199 -0.056300
v 0.147118 0.005709 -0.028701
v -0.116738 0.030447 -0.073506
v -0.000000 0.057403 -0.138582
v 0.029264 0.056300 -0.135919
v 0.057403 0.053033 -0.128033
v 0.083336 0.047728 -0.115227
v 0.106066 0.040590 -0.097992
v 0.124720 0.031891 -0.076992
v 0.138582 0.021967 -0.053033
v 0.147118 0.011199 -0.027036
v -0.116738 0.044203 -0.066154
v -0.000000 0.083336 -0.124720
v 0.029264 0.081734 -0.122324
v 0.057403 0.076992 -0.115227
v 0.083336 0.069291 -0.103701
v 0.106066 0.058927 -0.088191
v 0.124720 0.046299 -0.069291
v 0.138582 0.031891 -0.047728
v 0.147118 0.016258 -0.024332
v -0.116738 0.056259 -0.056259
v -0.000000 0.106066 -0.106066
v 0.029264 0.104028 -0.104028
v 0.057403 0.097992 -0.097992
v 0.083336 0.088191 -0.088191
v 0.106066 0.075000 -0.075000
v 0.124720 0.058927 -0.058927
v 0.138582 0.040590 -0.040590
v 0.147118 0.020692 -0.020692
v 0.150000 0.000000 0.000000
v -0.116738 0.066154 -0.044203
v -0.000000 0.124720 -0.083335
v 0.029264 0.122324 -0.081734
v 0.057403 0.115227 -0.076992
v 0.083336 0.103701 -0.069291
v 0.106066 0.088191 -0.058927
v 0.124720 0.069291 -0.046299
v 0.138582 0.047728 -0.031891
v 0.147118 0.024332 -0.016258
v -0.116738 0.073506 -0.030447
v -0.000000 0.138582 -0.057402
v 0.029264 0.135919 -0.056300
v 0.057403 0.128033 -0.053033
v 0.083336 0.115227 -0.047728
v 0.106066 0.097992 -0.040590
v 0.124720 0.076992 -0.031891
v 0.138582 0.053033 -0.021967
v 0.147118 0.027036 -0.011199
v -0.116738 0.078034 -0.015522
v -0.000000 0.147118 -0.029263
v 0.029264 0.144291 -0.028701
v 0.057403 0.135919 -0.027036
v 0.083336 0.122324 -0.024332
v 0.106066 0.104028 -0.020692
v 0.124720 0.081734 -0.016258
v 0.138582 0.056300 -0.011199
v 0.147118 0.028701 -0.005709
v -0.116738 0.079563 0.000000
v -0.000000 0.150000 0.000000
v 0.029264 0.147118 0.000000
v 0.057403 0.138582 0.000000
v 0.083336 0.124720 0.000000
v 0.106066 0.106066 0.000000
v 0.124720 0.083336 0.000000
v 0.138582 0.057403 0.000000
v 0.147118 0.029264 0.000000
v -0.116738 0.078034 0.015522
v -0.000000 0.147118 0.029264
v 0.029264 0.144291 0.028701
v 0.057403 0.135919 0.027036
v 0.083336 0.122324 0.024332
v 0.106066 0.104028 0.020692
v 0.124720 0.081734 0.016258
v 0.138582 0.056300 0.011199
v 0.147118 0.028701 0.005709
v -0.116738 0.073506 0.030447
v -0.000000 0.138582 0.057403
v 0.029264 0.135919 0.056300
v 0.057403 0.128033 0.053033
v 0.083336 0.115227 0.047728
v 0.106066 0.097992 0.040590
v 0.124720 0.076992 0.031891
v 0.138582 0.053033 0.021967
v 0.147118 0.027036 0.011199
v -0.116738 0.066154 0.044203
v -0.000000 0.124720 0.083336
v 0.029264 0.122324 0.081734
v 0.057403 0.115227 0.076992
v 0.083336 0.103701 0.069291
v 0.106066 0.088191 0.058927
v 0.124720 0.069291 0.046299
v 0.138582 0.047728 0.031891
v 0.147118 0.024332 0.016258
v -0.116738 0.056259 0.056259
v -0.000000 0.106066 0.106066
v 0.029264 0.104028 0.104028
v 0.057403 0.097992 0.097992
v 0.083336 0.088191 0.088191
v 0.106066 0.075000 0.075000
v 0.124720 0.058927 0.058927
v 0.138582 0.040590 0.040590
v 0.147118 0.020692 0.020692
v -0.116738 0.044203 0.066154
v -0.000000 0.083335 0.124720
v 0.029264 0.081734 0.122324
v 0.057403 0.076992 0.115227
v 0.083336 0.069291 0.103701
v 0.106066 0.058927 0.088191
v 0.124720 0.046299 0.069291
v 0.138582 0.031891 0.047728
v 0.147118 0.016258 0.024332
v -0.116738 0.030447 0.073506
v -0.000000 0.057402 0.138582
v 0.029264 0.056300 0.135919
v 0.057403 0.053033 0.128033
v 0.083336 0.047728 0.115227
v 0.106066 0.040590 0.097992
v 0.124720 0.031891 0.076992
v 0.138582 0.021967 0.053033
v 0.147118 0.011199 0.027036
v -0.116738 0.015522 0.078034
v -0.000000 0.029263 0.147118
v 0.029264 0.028701 0.144291
v 0.057403 0.027036 0.135919
v 0.083336 0.024332 0.122324
v 0.106066 0.020692 0.104028
v 0.124720 0.016258 0.081734
v 0.138582 0.011199 0.056300
v 0.147118 0.005709 0.028701
v 0.057403 -0.000000 0.138582
v 0.106066 -0.000000 0.106066
v 0.124720 -0.000000 0.083335
v 0.138582 -0.000000 0.057403
v 0.147118 0.000000 0.029264
v -0.463522 -0.500000 0.078034
v -0.479044 -0.500000 0.079563
v -0.448597 -0.500000 0.073506
v -0.434841 -0.500000 0.066154
v -0.422785 -0.500000 0.056259
v -0.412890 -0.500000 0.044203
v -0.405538 -0.500000 0.030447
v -0.401010 -0.500000 0.015522
v -0.399481 -0.500000 0.000000
v -0.401010 -0.500000 -0.015522
v -0.405538 -0.500000 -0.030447
v -0.412890 -0.500000 -0.044203
v -0.422785 -0.500000 -0.056259
v -0.434841 -0.500000 -0.066154
v -0.448597 -0.500000 -0.073506
v -0.463522 -0.500000 -0.078034
v -0.479044 -0.500000 -0.079563
v -0.494566 -0.500000 -0.078034
v -0.509491 -0.500000 -0.073506
v -0.523247 -0.500000 -0.066154
v -0.535303 -0.500000 -0.056259
v -0.545198 -0.500000 -0.044203
v -0.552550 -0.500000 -0.030447
v -0.557078 -0.500000 -0.015522
v -0.558607 -0.500000 0.000000
v -0.557078 -0.500000 0.015522
v -0.552550 -0.500000 0.030447
v -0.545198 -0.500000 0.044203
v -0.535303 -0.500000 0.056259
v -0.523247 -0.500000 0.066154
v -0.509491 -0.500000 0.073506
v -0.494566 -0.500000 0.078034
v -0.162954 0.060677 0.028440
v -0.209840 0.044158 0.027271
v -0.258216 0.016468 0.026680
v -0.309089 -0.030918 0.026502
v -0.363508 -0.105906 0.026680
v -0.422247 -0.212557 0.027271
v -0.485457 -0.347736 0.028441
v -0.480286 -0.349432 0.041289
v -0.418869 -0.215763 0.039592
v -0.361475 -0.110315 0.038734
v -0.307969 -0.036197 0.038475
v -0.257654 0.010587 0.038734
v -0.209587 0.037826 0.039592
v -0.162861 0.053902 0.041289
v -0.161191 -0.068016 -0.041289
v -0.205041 -0.076135 -0.039592
v -0.247551 -0.095248 -0.038734
v -0.287813 -0.131205 -0.038475
v -0.324883 -0.189661 -0.038734
v -0.358066 -0.273468 -0.039592
v -0.387225 -0.379959 -0.041289
v -0.394185 -0.377676 -0.052551
v -0.362613 -0.269152 -0.050391
v -0.327620 -0.183727 -0.049299
v -0.289321 -0.124100 -0.048969
v -0.248307 -0.087333 -0.049299
v -0.205381 -0.067613 -0.050391
v -0.161316 -0.058898 -0.052551
v -0.161042 -0.078963 0.014499
v -0.204633 -0.086368 0.013903
v -0.246644 -0.104751 0.013601
v -0.286003 -0.139736 0.013511
v -0.321598 -0.196786 0.013601
v -0.352607 -0.278649 0.013903
v -0.378869 -0.382700 0.014499
v -0.377794 -0.383052 0.000000
v -0.351904 -0.279316 0.000000
v -0.321175 -0.197703 0.000000
v -0.285771 -0.140834 0.000000
v -0.246527 -0.105974 0.000000
v -0.204581 -0.087685 0.000000
v -0.161022 -0.080372 0.000000
v -0.161468 -0.047788 0.061794
v -0.205796 -0.057228 0.059253
v -0.249227 -0.077689 0.057969
v -0.291157 -0.115442 0.057582
v -0.330954 -0.176497 0.057969
v -0.368154 -0.263894 0.059253
v -0.402665 -0.374894 0.061794
v -0.394185 -0.377676 0.052551
v -0.362613 -0.269152 0.050391
v -0.327620 -0.183727 0.049299
v -0.289321 -0.124100 0.048969
v -0.248307 -0.087333 0.049299
v -0.205381 -0.067613 0.050391
v -0.161316 -0.058898 0.052551
v -0.162954 0.060677 -0.028440
v -0.209840 0.044158 -0.027271
v -0.258216 0.016468 -0.026680
v -0.309089 -0.030918 -0.026502
v -0.363508 -0.105906 -0.026680
v -0.422247 -0.212557 -0.027271
v -0.485457 -0.347736 -0.028440
v -0.488642 -0.346691 -0.014499
v -0.424328 -0.210582 -0.013903
v -0.364761 -0.103191 -0.013601
v -0.309778 -0.027666 -0.013511
v -0.258561 0.020089 -0.013601
v -0.209995 0.048058 -0.013903
v -0.163011 0.064849 -0.014499
v -0.162410 0.020999 -0.068661
v -0.208360 0.007070 -0.065839
v -0.254928 -0.017976 -0.064412
v -0.302529 -0.061837 -0.063981
v -0.351600 -0.131729 -0.064412
v -0.402460 -0.231336 -0.065839
v -0.455171 -0.357671 -0.068661
v -0.464846 -0.354497 -0.061794
v -0.408781 -0.225337 -0.059253
v -0.355404 -0.123480 -0.057969
v -0.304624 -0.051960 -0.057582
v -0.255978 -0.006973 -0.057969
v -0.208833 0.018918 -0.059253
v -0.162584 0.033675 -0.061794
v -0.161642 -0.035113 -0.068661
v -0.206268 -0.045380 -0.065839
v -0.250278 -0.066686 -0.064412
v -0.293253 -0.105565 -0.063981
v -0.334758 -0.168248 -0.064412
v -0.374475 -0.257895 -0.065839
v -0.412340 -0.371720 -0.068661
v -0.422838 -0.368277 -0.072890
v -0.381334 -0.251385 -0.069894
v -0.338886 -0.159297 -0.068379
v -0.295526 -0.094847 -0.067922
v -0.251417 -0.054747 -0.068379
v -0.206781 -0.032524 -0.069894
v -0.161830 -0.021360 -0.072891
v -0.161099 -0.074791 -0.028440
v -0.204789 -0.082468 -0.027271
v -0.246990 -0.101129 -0.026680
v -0.286693 -0.136485 -0.026502
v -0.322850 -0.194070 -0.026680
v -0.354687 -0.276674 -0.027271
v -0.382054 -0.381655 -0.028440
v -0.387225 -0.379959 0.041289
v -0.358066 -0.273468 0.039592
v -0.324883 -0.189661 0.038734
v -0.287813 -0.131205 0.038475
v -0.247551 -0.095248 0.038734
v -0.205041 -0.076135 0.039592
v -0.161191 -0.068016 0.041289
v -0.162584 0.033674 0.061794
v -0.208833 0.018918 0.059253
v -0.255978 -0.006973 0.057969
v -0.304624 -0.051960 0.057582
v -0.355404 -0.123480 0.057969
v -0.408781 -0.225337 0.059253
v -0.464846 -0.354497 0.061794
v -0.455171 -0.357671 0.068661
v -0.402460 -0.231336 0.065839
v -0.351600 -0.131729 0.064412
v -0.302529 -0.061837 0.063981
v -0.254928 -0.017976 0.064412
v -0.208360 0.007070 0.065839
v -0.162410 0.020999 0.068661
v -0.163011 0.064849 0.014499
v -0.209995 0.048058 0.013903
v -0.258561 0.020089 0.013601
v -0.309778 -0.027666 0.013511
v -0.364761 -0.103191 0.013601
v -0.424328 -0.210582 0.013903
v -0.488642 -0.346691 0.014499
v -0.162861 0.053902 -0.041289
v -0.209587 0.037826 -0.039592
v -0.257654 0.010587 -0.038734
v -0.307969 -0.036197 -0.038475
v -0.361475 -0.110315 -0.038734
v -0.418869 -0.215763 -0.039592
v -0.480286 -0.349432 -0.041289
v -0.161099 -0.074791 0.028440
v -0.204789 -0.082468 0.027271
v -0.246990 -0.101129 0.026680
v -0.286693 -0.136485 0.026502
v -0.322850 -0.194070 0.026680
v -0.354687 -0.276674 0.027271
v -0.382054 -0.381655 0.028440
v -0.433756 -0.364696 -0.074318
v -0.388467 -0.244616 -0.071263
v -0.343179 -0.149988 -0.069719
v -0.297891 -0.083701 -0.069253
v -0.252603 -0.042331 -0.069719
v -0.207314 -0.019155 -0.071263
v -0.162026 -0.007057 -0.074319
v -0.162222 0.007246 0.072891
v -0.207848 -0.005785 0.069894
v -0.253788 -0.029915 0.068379
v -0.300255 -0.072555 0.067922
v -0.347472 -0.140680 0.068379
v -0.395600 -0.237846 0.069894
v -0.444673 -0.361114 0.072891
v -0.433756 -0.364696 0.074319
v -0.388467 -0.244616 0.071264
v -0.343179 -0.149988 0.069719
v -0.297891 -0.083701 0.069253
v -0.252603 -0.042331 0.069719
v -0.207314 -0.019155 0.071264
v -0.162026 -0.007057 0.074319
v -0.422838 -0.368277 0.072891
v -0.381334 -0.251385 0.069894
v -0.338886 -0.159297 0.068379
v -0.295526 -0.094847 0.067922
v -0.251417 -0.054747 0.068379
v -0.206781 -0.032524 0.069894
v -0.161830 -0.021360 0.072891
v -0.161468 -0.047788 -0.061794
v -0.205796 -0.057228 -0.059253
v -0.249227 -0.077689 -0.057969
v -0.291157 -0.115442 -0.057582
v -0.330954 -0.176497 -0.057969
v -0.368154 -0.263894 -0.059253
v -0.402665 -0.374894 -0.061794
v -0.444673 -0.361114 -0.072890
v -0.395601 -0.237846 -0.069894
v -0.347472 -0.140680 -0.068379
v -0.300255 -0.072555 -0.067922
v -0.253788 -0.029915 -0.068379
v -0.207848 -0.005785 -0.069894
v -0.162222 0.007246 -0.072890
v -0.412340 -0.371720 0.068661
v -0.374475 -0.257895 0.065839
v -0.334758 -0.168248 0.064412
v -0.293253 -0.105565 0.063981
v -0.250278 -0.066686 0.064412
v -0.206268 -0.045380 0.065839
v -0.161642 -0.035113 0.068661
v -0.161042 -0.078963 -0.014499
v -0.204633 -0.086368 -0.013903
v -0.246644 -0.104751 -0.013601
v -0.286003 -0.139736 -0.013511
v -0.321598 -0.196786 -0.013601
v -0.352607 -0.278649 -0.013903
v -0.378869 -0.382700 -0.014499
v -0.163030 0.066258 0.000000
v -0.210048 0.049375 0.000000
v -0.258678 0.021312 0.000000
v -0.310011 -0.026569 0.000000
v -0.365183 -0.102274 0.000000
v -0.425031 -0.209915 0.000000
v -0.489717 -0.346339 0.000000
v -0.162736 0.044784 -0.052551
v -0.209247 0.029303 -0.050391
v -0.256899 0.002672 -0.049298
v -0.306461 -0.043302 -0.048969
v -0.358739 -0.116249 -0.049298
v -0.414322 -0.220079 -0.050391
v -0.473326 -0.351715 -0.052551
v -0.473326 -0.351715 0.052551
v -0.414322 -0.220079 0.050391
v -0.358739 -0.116249 0.049299
v -0.306461 -0.043302 0.048969
v -0.256899 0.002672 0.049299
v -0.209247 0.029303 0.050391
v -0.162736 0.044784 0.052551
vn 0.6326 -0.0759 0.7708
vn 0.7715 -0.0624 0.6332
vn 0.8810 -0.0464 0.4709
vn 0.9565 -0.0286 0.2902
vn -0.5148 -0.0840 0.8532
vn 0.9951 -0.0097 0.0980
vn 0.0976 -0.0976 0.9904
vn 0.2890 -0.0938 0.9527
vn 0.4696 -0.0865 0.8786
vn 0.4696 -0.2563 0.8448
vn 0.6326 -0.2248 0.7412
vn 0.7715 -0.1847 0.6088
vn 0.8810 -0.1374 0.4528
vn 0.9565 -0.0846 0.2790
vn -0.5148 -0.2489 0.8204
vn 0.9951 -0.0286 0.0942
vn 0.0976 -0.2889 0.9524
vn 0.2890 -0.2779 0.9161
vn 0.9565 -0.1374 0.2571
vn -0.5148 -0.4041 0.7561
vn 0.9951 -0.0464 0.0869
vn 0.0975 -0.4691 0.8777
vn 0.2890 -0.4513 0.8443
vn 0.4696 -0.4162 0.7786
vn 0.6326 -0.3651 0.6831
vn 0.7715 -0.2999 0.5611
vn 0.8810 -0.2231 0.4173
vn 0.6326 -0.4913 0.5987
vn 0.7715 -0.4036 0.4918
vn 0.8810 -0.3002 0.3658
vn 0.9565 -0.1850 0.2254
vn -0.5148 -0.5439 0.6627
vn 0.9951 -0.0625 0.0761
vn 0.0975 -0.6314 0.7693
vn 0.2890 -0.6073 0.7400
vn 0.4696 -0.5601 0.6825
vn -0.5148 -0.6627 0.5439
vn 0.9951 -0.0761 0.0625
vn 0.0975 -0.7693 0.6314
vn 0.2890 -0.7400 0.6073
vn 0.4696 -0.6825 0.5601
vn 0.6326 -0.5987 0.4913
vn 0.7715 -0.4918 0.4036
vn 0.8810 -0.3658 0.3002
vn 0.9565 -0.2254 0.1850
vn 0.6326 -0.6831 0.3651
vn 0.7715 -0.5611 0.2999
vn 0.8810 -0.4173 0.2231
vn 0.9565 -0.2571 0.1374
vn -0.5148 -0.7561 0.4041
vn 0.9951 -0.0869 0.0464
vn 0.0975 -0.8777 0.4691
vn 0.2890 -0.8443 0.4513
vn 0.4696 -0.7786 0.4162
vn 0.9951 -0.0942 0.0286
vn 0.0975 -0.9524 0.2889
vn 0.2890 -0.9161 0.2779
vn 0.4696 -0.8448 0.2563
vn 0.6326 -0.7412 0.2248
vn 0.7715 -0.6088 0.1847
vn 0.8810 -0.4528 0.1374
vn 0.9565 -0.2790 0.0846
vn -0.5148 -0.8204 0.2489
vn 0.7715 -0.6332 0.0624
vn 0.8810 -0.4709 0.0464
vn 0.9565 -0.2902 0.0286
vn -0.5148 -0.8532 0.0840
vn 0.9951 -0.0980 0.0097
vn 0.0975 -0.9904 0.0975
vn 0.2890 -0.9527 0.0938
vn 0.4696 -0.8786 0.0865
vn 0.6326 -0.7708 0.0759
vn 0.0975 -0.9904 -0.0976
vn 0.2890 -0.9527 -0.0938
vn 0.4696 -0.8786 -0.0865
vn 0.6326 -0.7708 -0.0759
vn 0.7715 -0.6332 -0.0624
vn 0.8810 -0.4709 -0.0464
vn 0.9565 -0.2902 -0.0286
vn -0.5148 -0.8532 -0.0840
vn 0.9951 -0.0980 -0.0096
vn 0.7715 -0.6088 -0.1847
vn 0.8810 -0.4528 -0.1374
vn 0.9565 -0.2790 -0.0846
vn -0.5148 -0.8204 -0.2489
vn 0.9951 -0.0942 -0.0286
vn 0.0975 -0.9524 -0.2889
vn 0.2890 -0.9161 -0.2779
vn 0.4696 -0.8448 -0.2563
vn 0.6326 -0.7412 -0.2248
vn 0.2890 -0.8443 -0.4513
vn 0.4696 -0.7786 -0.4162
vn 0.6326 -0.6831 -0.3651
vn 0.7715 -0.5611 -0.2999
vn 0.8810 -0.4173 -0.2230
vn 0.9565 -0.2571 -0.1374
vn -0.5148 -0.7561 -0.4041
vn 0.9951 -0.0869 -0.0464
vn 0.0975 -0.8777 -0.4691
vn 0.8810 -0.3658 -0.3002
vn 0.9565 -0.2254 -0.1850
vn -0.5148 -0.6627 -0.5439
vn 0.9951 -0.0761 -0.0625
vn 0.0975 -0.7693 -0.6314
vn 0.2890 -0.7400 -0.6073
vn 0.4696 -0.6825 -0.5601
vn 0.6326 -0.5987 -0.4913
vn 0.7715 -0.4918 -0.4036
vn 0.4696 -0.5601 -0.6825
vn 0.6326 -0.4913 -0.5987
vn 0.7715 -0.4036 -0.4918
vn 0.8810 -0.3002 -0.3658
vn 0.9565 -0.1850 -0.2254
vn -0.5148 -0.5439 -0.6627
vn 0.9951 -0.0625 -0.0761
vn 0.0975 -0.6314 -0.7693
vn 0.2890 -0.6073 -0.7400
vn 0.9565 -0.1374 -0.2571
vn -0.5148 -0.4041 -0.7561
vn 0.9951 -0.0464 -0.0869
vn 0.0975 -0.4691 -0.8777
vn 0.2890 -0.4513 -0.8443
vn 0.4696 -0.4162 -0.7786
vn 0.6326 -0.3651 -0.6831
vn 0.7715 -0.2999 -0.5611
vn 0.8810 -0.2230 -0.4173
vn 0.4696 -0.2563 -0.8448
vn 0.6326 -0.2248 -0.7412
vn 0.7715 -0.1847 -0.6088
vn 0.8810 -0.1374 -0.4528
vn 0.9565 -0.0846 -0.2790
vn -0.5148 -0.2489 -0.8204
vn 0.9951 -0.0286 -0.0942
vn 0.0975 -0.2889 -0.9524
vn 0.2890 -0.2779 -0.9161
vn 0.9565 -0.0286 -0.2902
vn -0.5148 -0.0840 -0.8532
vn 0.9951 -0.0097 -0.0980
vn 0.0975 -0.0975 -0.9904
vn 0.2890 -0.0938 -0.9527
vn 0.4696 -0.0865 -0.8786
vn 0.6326 -0.0759 -0.7708
vn 0.7715 -0.0624 -0.6332
vn 0.8810 -0.0464 -0.4709
vn 0.6326 0.0759 -0.7708
vn 0.7715 0.0624 -0.6332
vn 0.8810 0.0464 -0.4709
vn 0.9565 0.0286 -0.2902
vn -0.5148 0.0840 -0.8532
vn 0.9951 0.0097 -0.0980
vn 0.0975 0.0975 -0.9904
vn 0.2890 0.0938 -0.9527
vn 0.4696 0.0865 -0.8786
vn -0.5148 0.2489 -0.8204
vn 0.9951 0.0286 -0.0942
vn 0.0975 0.2889 -0.9524
vn 0.2890 0.2779 -0.9161
vn 0.4696 0.2563 -0.8448
vn 0.6326 0.2248 -0.7412
vn 0.7715 0.1847 -0.6088
vn 0.8810 0.1374 -0.4528
vn 0.9565 0.0846 -0.2790
vn 0.6326 0.3651 -0.6831
vn 0.7715 0.2999 -0.5611
vn 0.8810 0.2231 -0.4173
vn 0.9565 0.1374 -0.2571
vn -0.5148 0.4041 -0.7561
vn 0.9951 0.0464 -0.0869
vn 0.0975 0.4691 -0.8777
vn 0.2890 0.4513 -0.8443
vn 0.4696 0.4162 -0.7786
vn 0.9951 0.0625 -0.0761
vn 0.0975 0.6314 -0.7693
vn 0.2890 0.6073 -0.7400
vn 0.4696 0.5601 -0.6825
vn 0.6326 0.4913 -0.5987
vn 0.7715 0.4036 -0.4918
vn 0.8810 0.3002 -0.3658
vn 0.9565 0.1850 -0.2254
vn -0.5148 0.5439 -0.6627
vn 0.7715 0.4918 -0.4036
vn 0.8810 0.3658 -0.3002
vn 0.9565 0.2254 -0.1850
vn -0.5148 0.6627 -0.5439
vn 0.9951 0.0761 -0.0625
vn 0.0975 0.7693 -0.6314
vn 0.2890 0.7400 -0.6073
vn 0.4696 0.6825 -0.5601
vn 0.6326 0.5987 -0.4913
vn 0.2890 0.8443 -0.4513
vn 0.4696 0.7786 -0.4162
vn 0.6326 0.6831 -0.3651
vn 0.7715 0.5611 -0.2999
vn 0.8810 0.4173 -0.2230
vn 0.9565 0.2571 -0.1374
vn -0.5148 0.7561 -0.4041
vn 0.9951 0.0869 -0.0464
vn 0.0975 0.8777 -0.4691
vn 0.8810 0.4528 -0.1374
vn 0.9565 0.2790 -0.0846
vn -0.5148 0.8204 -0.2489
vn 0.9951 0.0942 -0.0286
vn 0.0975 0.9524 -0.2889
vn 0.2890 0.9161 -0.2779
vn 0.4696 0.8448 -0.2563
vn 0.6326 0.7412 -0.2248
vn 0.7715 0.6088 -0.1847
vn 0.2890 0.9527 -0.0938
vn 0.4696 0.8786 -0.0865
vn 0.6326 0.7708 -0.0759
vn 0.7715 0.6332 -0.0624
vn 0.8810 0.4709 -0.0464
vn 0.9565 0.2902 -0.0286
vn -0.5148 0.8532 -0.0840
vn 0.9951 0.0980 -0.0097
vn 0.0975 0.9904 -0.0975
vn 0.8810 0.4709 0.0464
vn 0.9565 0.2902 0.0286
vn -0.5148 0.8532 0.0840
vn 0.9951 0.0980 0.0097
vn 0.0975 0.9904 0.0976
vn 0.2890 0.9527 0.0938
vn 0.4696 0.8786 0.0865
vn 0.6326 0.7708 0.0759
vn 0.7715 0.6332 0.0624
vn 0.4696 0.8448 0.2563
vn 0.6326 0.7412 0.2248
vn 0.7715 0.6088 0.1847
vn 0.8810 0.4528 0.1374
vn 0.9565 0.2790 0.0846
vn -0.5148 0.8204 0.2489
vn 0.9951 0.0942 0.0286
vn 0.0975 0.9524 0.2889
vn 0.2890 0.9161 0.2779
vn 0.9565 0.2571 0.1374
vn -0.5148 0.7561 0.4041
vn 0.9951 0.0869 0.0464
vn 0.0975 0.8777 0.4691
vn 0.2890 0.8443 0.4513
vn 0.4696 0.7786 0.4162
vn 0.6326 0.6831 0.3651
vn 0.7715 0.5611 0.2999
vn 0.8810 0.4173 0.2230
vn 0.4696 0.6825 0.5601
vn 0.6326 0.5987 0.4913
vn 0.7715 0.4918 0.4036
vn 0.8810 0.3658 0.3002
vn 0.9565 0.2254 0.1850
vn -0.5148 0.6627 0.5439
vn 0.9951 0.0761 0.0625
vn 0.0975 0.7693 0.6314
vn 0.2890 0.7400 0.6073
vn 0.9565 0.1850 0.2254
vn -0.5148 0.5439 0.6627
vn 0.9951 0.0625 0.0761
vn 0.0975 0.6314 0.7693
vn 0.2890 0.6073 0.7400
vn 0.4696 0.5601 0.6825
vn 0.6326 0.4913 0.5987
vn 0.7715 0.4036 0.4918
vn 0.8810 0.3002 0.3658
vn 0.6326 0.3651 0.6831
vn 0.7715 0.2999 0.5611
vn 0.8810 0.2231 0.4173
vn 0.9566 0.1374 0.2571
vn -0.5148 0.4041 0.7561
vn 0.9951 0.0464 0.0869
vn 0.0975 0.4691 0.8777
vn 0.2890 0.4513 0.8443
vn 0.4696 0.4162 0.7786
vn 0.9951 0.0286 0.0942
vn 0.0975 0.2889 0.9524
vn 0.2890 0.2779 0.9161
vn 0.4696 0.2563 0.8448
vn 0.6326 0.2248 0.7412
vn 0.7715 0.1847 0.6088
vn 0.8810 0.1374 0.4528
vn 0.9565 0.0846 0.2790
vn -0.5148 0.2489 0.8204
vn 0.7715 0.0624 0.6332
vn 0.8810 0.0464 0.4709
vn 0.9565 0.0286 0.2902
vn -0.5148 0.0840 0.8532
vn 0.9951 0.0097 0.0980
vn 0.0975 0.0976 0.9904
vn 0.2890 0.0938 0.9527
vn 0.4696 0.0865 0.8786
vn 0.6326 0.0759 0.7708
vn -0.8434 0.3711 0.3885
vn -0.0000 -1.0000 -0.0000
vn 0.7631 -0.1594 -0.6263
vn 0.9803 -0.1818 0.0771
vn 0.7071 -0.1443 0.6922
vn -0.8794 0.3943 -0.2668
vn -0.4608 0.2108 -0.8621
vn 0.2899 -0.0522 -0.9556
vn 0.8684 -0.1744 -0.4642
vn 0.8242 -0.1630 0.5424
vn -0.5141 0.2244 0.8279
vn -0.8889 0.3947 0.2326
vn -0.8203 0.3672 -0.4385
vn 0.9563 -0.1785 0.2318
vn 0.0980 0.0058 -0.9952
vn -0.1055 0.0738 0.9917
vn 0.1293 -0.0012 0.9916
vn 0.4691 -0.0994 -0.8776
vn -0.0978 0.0719 -0.9926
vn 0.6286 -0.1350 -0.7659
vn 0.9055 -0.1731 0.3873
vn 0.3545 -0.0650 0.9328
vn -0.2873 0.1419 -0.9473
vn 0.9410 -0.1819 -0.2854
vn -0.9102 0.4068 0.0774
vn -0.7306 0.3266 -0.5996
vn 0.9782 -0.1838 -0.0963
vn -0.7696 0.3352 0.5435
vn -0.9088 0.4074 -0.0895
vn -0.3261 0.1517 0.9331
vn 0.5503 -0.1127 0.8273
vn -0.6102 0.2736 -0.7435
vn -0.6615 0.2863 0.6931
vn -0.2146 0.6229 0.7523
vn -0.2401 0.6246 0.7431
vn -0.3526 0.6068 0.7124
vn -0.5125 0.5485 0.6607
vn -0.6357 0.4548 0.6237
vn -0.6778 0.3632 0.6393
vn -0.6567 0.2987 0.6925
vn -0.2154 0.6195 -0.7549
vn -0.2407 0.6188 -0.7478
vn -0.3516 0.5996 -0.7190
vn -0.5117 0.5469 -0.6626
vn -0.6456 0.4654 -0.6055
vn -0.7073 0.3849 -0.5930
vn -0.7029 0.3254 -0.6325
vn -0.0474 -0.4764 0.8780
vn 0.0529 -0.4835 0.8737
vn 0.2012 -0.4806 0.8536
vn 0.3897 -0.4411 0.8084
vn 0.5414 -0.3481 0.7653
vn 0.5839 -0.2371 0.7765
vn 0.5395 -0.1488 0.8287
vn -0.1592 0.2882 0.9442
vn -0.1456 0.2923 0.9452
vn -0.1853 0.2939 0.9377
vn -0.2678 0.2820 0.9213
vn -0.3431 0.2439 0.9071
vn -0.3583 0.1917 0.9137
vn -0.3259 0.1524 0.9330
vn -0.2750 0.9568 -0.0942
vn -0.3365 0.9372 -0.0915
vn -0.4981 0.8631 -0.0836
vn -0.6803 0.7294 -0.0714
vn -0.8066 0.5878 -0.0617
vn -0.8724 0.4851 -0.0598
vn -0.9016 0.4275 -0.0661
vn -0.2374 0.7537 0.6128
vn -0.2775 0.7499 0.6005
vn -0.4124 0.7147 0.5649
vn -0.5868 0.6289 0.5101
vn -0.7147 0.5143 0.4740
vn -0.7669 0.4157 0.4890
vn -0.7631 0.3510 0.5427
vn 0.0186 -0.9950 -0.0980
vn 0.1654 -0.9816 -0.0956
vn 0.3988 -0.9128 -0.0880
vn 0.6625 -0.7455 -0.0727
vn 0.8470 -0.5284 -0.0575
vn 0.9339 -0.3536 -0.0529
vn 0.9679 -0.2440 -0.0606
vn -0.2383 0.7507 -0.6161
vn -0.2783 0.7450 -0.6062
vn -0.4120 0.7089 -0.5725
vn -0.5863 0.6277 -0.5122
vn -0.7205 0.5218 -0.4567
vn -0.7849 0.4308 -0.4453
vn -0.7936 0.3708 -0.4823
vn -0.2747 0.9570 0.0933
vn -0.3362 0.9375 0.0901
vn -0.4978 0.8634 0.0819
vn -0.6803 0.7295 0.0710
vn -0.8067 0.5874 0.0647
vn -0.8724 0.4841 0.0673
vn -0.9013 0.4262 0.0772
vn 0.0146 -0.9568 -0.2903
vn 0.1586 -0.9457 -0.2837
vn 0.3872 -0.8839 -0.2623
vn 0.6483 -0.7292 -0.2191
vn 0.8340 -0.5231 -0.1752
vn 0.9212 -0.3539 -0.1617
vn 0.9516 -0.2460 -0.1844
vn -0.1595 0.2866 -0.9447
vn -0.1457 0.2890 -0.9462
vn -0.1842 0.2890 -0.9394
vn -0.2671 0.2808 -0.9218
vn -0.3556 0.2552 -0.8991
vn -0.3944 0.2142 -0.8936
vn -0.3722 0.1756 -0.9114
vn -0.0723 -0.2941 0.9531
vn 0.0088 -0.3005 0.9537
vn 0.1161 -0.3032 0.9458
vn 0.2503 -0.2869 0.9247
vn 0.3617 -0.2333 0.9026
vn 0.3877 -0.1573 0.9083
vn 0.3460 -0.0919 0.9337
vn 0.0045 -0.8845 0.4664
vn 0.1423 -0.8791 0.4548
vn 0.3616 -0.8312 0.4224
vn 0.6183 -0.6962 0.3648
vn 0.8030 -0.5032 0.3195
vn 0.8817 -0.3375 0.3296
vn 0.8924 -0.2283 0.3893
vn -0.0245 -0.6342 -0.7728
vn 0.0916 -0.6361 -0.7661
vn 0.2697 -0.6188 -0.7378
vn 0.4935 -0.5550 -0.6697
vn 0.6800 -0.4395 -0.5868
vn 0.7656 -0.3177 -0.5594
vn 0.7617 -0.2229 -0.6084
vn -0.1293 0.0972 -0.9868
vn -0.0930 0.0977 -0.9909
vn -0.0843 0.0982 -0.9916
vn -0.0991 0.0974 -0.9903
vn -0.1230 0.0919 -0.9881
vn -0.1325 0.0810 -0.9879
vn -0.1214 0.0724 -0.9900
vn -0.0461 -0.4709 -0.8810
vn 0.0538 -0.4751 -0.8783
vn 0.1996 -0.4700 -0.8598
vn 0.3880 -0.4378 -0.8110
vn 0.5582 -0.3645 -0.7454
vn 0.6365 -0.2705 -0.7222
vn 0.6182 -0.1867 -0.7635
vn -0.0999 -0.1002 0.9899
vn -0.0406 -0.1034 0.9938
vn 0.0188 -0.1055 0.9942
vn 0.0816 -0.1011 0.9915
vn 0.1316 -0.0815 0.9880
vn 0.1427 -0.0495 0.9885
vn 0.1237 -0.0185 0.9921
vn -0.1294 0.0968 0.9869
vn -0.0930 0.0978 0.9909
vn -0.0844 0.0989 0.9915
vn -0.0990 0.0972 0.9903
vn -0.1183 0.0878 0.9891
vn -0.1201 0.0737 0.9900
vn -0.1081 0.0660 0.9919
vn -0.0995 -0.0975 -0.9902
vn -0.0404 -0.0998 -0.9942
vn 0.0178 -0.1012 -0.9947
vn 0.0805 -0.0993 -0.9918
vn 0.1393 -0.0882 -0.9863
vn 0.1677 -0.0642 -0.9837
vn 0.1571 -0.0341 -0.9870
vn 0.0135 -0.9579 0.2867
vn 0.1572 -0.9476 0.2782
vn 0.3860 -0.8864 0.2556
vn 0.6482 -0.7299 0.2171
vn 0.8335 -0.5197 0.1877
vn 0.9176 -0.3469 0.1941
vn 0.9432 -0.2367 0.2332
vn -0.2564 0.8524 -0.4556
vn -0.3073 0.8408 -0.4456
vn -0.4560 0.7877 -0.4142
vn -0.6360 0.6814 -0.3621
vn -0.7671 0.5574 -0.3176
vn -0.8324 0.4602 -0.3088
vn -0.8515 0.4011 -0.3379
vn -0.2682 0.9226 0.2772
vn -0.3261 0.9065 0.2682
vn -0.4838 0.8400 0.2454
vn -0.6662 0.7144 0.2142
vn -0.7935 0.5763 0.1956
vn -0.8572 0.4732 0.2033
vn -0.8804 0.4137 0.2321
vn -0.1881 0.4659 0.8646
vn -0.1955 0.4705 0.8605
vn -0.2763 0.4658 0.8406
vn -0.4073 0.4342 0.8035
vn -0.5157 0.3669 0.7742
vn -0.5450 0.2895 0.7869
vn -0.5114 0.2318 0.8275
vn -0.0087 -0.7772 0.6291
vn 0.1201 -0.7775 0.6174
vn 0.3237 -0.7460 0.5820
vn 0.5689 -0.6407 0.5155
vn 0.7505 -0.4739 0.4606
vn 0.8206 -0.3201 0.4734
vn 0.8111 -0.2134 0.5445
vn 0.0060 -0.8819 -0.4714
vn 0.1441 -0.8749 -0.4624
vn 0.3626 -0.8258 -0.4319
vn 0.6181 -0.6948 -0.3678
vn 0.8061 -0.5099 -0.3003
vn 0.8938 -0.3510 -0.2792
vn 0.9165 -0.2459 -0.3154
vn -0.0714 -0.2895 -0.9545
vn 0.0093 -0.2938 -0.9558
vn 0.1145 -0.2947 -0.9487
vn 0.2486 -0.2840 -0.9260
vn 0.3778 -0.2479 -0.8921
vn 0.4382 -0.1875 -0.8791
vn 0.4150 -0.1242 -0.9013
vn -0.1887 0.4629 -0.8661
vn -0.1958 0.4651 -0.8633
vn -0.2749 0.4587 -0.8450
vn -0.4064 0.4325 -0.8049
vn -0.5289 0.3796 -0.7591
vn -0.5836 0.3153 -0.7483
vn -0.5664 0.2612 -0.7816
vn -0.2688 0.9217 -0.2796
vn -0.3269 0.9050 -0.2722
vn -0.4843 0.8383 -0.2502
vn -0.6662 0.7140 -0.2153
vn -0.7941 0.5783 -0.1869
vn -0.8598 0.4774 -0.1814
vn -0.8856 0.4193 -0.1998
vn -0.0261 -0.6395 0.7683
vn 0.0902 -0.6444 0.7593
vn 0.2705 -0.6292 0.7286
vn 0.4948 -0.5579 0.6663
vn 0.6674 -0.4253 0.6113
vn 0.7252 -0.2891 0.6249
vn 0.6948 -0.1883 0.6941
vn 0.0182 -0.9951 0.0967
vn 0.1648 -0.9819 0.0936
vn 0.3982 -0.9133 0.0855
vn 0.6624 -0.7457 0.0720
vn 0.8473 -0.5275 0.0619
vn 0.9339 -0.3516 0.0641
vn 0.9673 -0.2414 0.0776
vn -0.0070 -0.7730 -0.6344
vn 0.1218 -0.7708 -0.6254
vn 0.3238 -0.7377 -0.5924
vn 0.5682 -0.6385 -0.5190
vn 0.7580 -0.4844 -0.4368
vn 0.8456 -0.3411 -0.4106
vn 0.8566 -0.2401 -0.4567
vn -0.2555 0.8544 0.4524
vn -0.3064 0.8440 0.4401
vn -0.4558 0.7914 0.4074
vn -0.6362 0.6822 0.3603
vn -0.7645 0.5530 0.3313
vn -0.8238 0.4512 0.3433
vn -0.8357 0.3889 0.3877
vn 0.0975 -0.0975 0.9904
vn 0.0975 -0.2889 0.9524
vn 0.8810 -0.2230 0.4173
vn 0.8810 0.4173 -0.2231
vn 0.0975 0.9904 0.0975
vn 0.8810 0.4173 0.2231
vn 0.8810 0.2230 0.4173
vn 0.9565 0.1374 0.2571
vn -0.8203 0.3672 0.4385
vn 0.8242 -0.1630 -0.5424
vn 0.9782 -0.1838 0.0963
vn 0.6286 -0.1350 0.7659
vn -0.8889 0.3947 -0.2326
vn -0.5141 0.2244 -0.8279
vn 0.3545 -0.0650 -0.9328
vn 0.9055 -0.1731 -0.3873
vn 0.7631 -0.1594 0.6263
vn -0.4608 0.2108 0.8621
vn -0.8794 0.3943 0.2668
vn -0.8434 0.3711 -0.3885
vn 0.9410 -0.1819 0.2854
vn 0.1293 -0.0012 -0.9916
vn -0.0978 0.0719 0.9926
vn 0.0980 0.0058 0.9952
vn 0.5503 -0.1127 -0.8273
vn -0.1055 0.0738 -0.9917
vn 0.7071 -0.1443 -0.6922
vn 0.8684 -0.1744 0.4642
vn 0.2899 -0.0522 0.9556
vn -0.3261 0.1517 -0.9331
vn 0.9563 -0.1785 -0.2318
vn -0.9088 0.4074 0.0895
vn -0.7696 0.3352 -0.5435
vn 0.9803 -0.1818 -0.0771
vn -0.7306 0.3266 0.5996
vn -0.9102 0.4068 -0.0774
vn -0.2873 0.1419 0.9473
vn 0.4691 -0.0994 0.8776
vn -0.6615 0.2863 -0.6931
vn -0.6102 0.2736 0.7435
vn -0.2154 0.6195 0.7549
vn -0.2407 0.6188 0.7478
vn -0.3516 0.5996 0.7190
vn -0.5117 0.5469 0.6626
vn -0.6456 0.4654 0.6055
vn -0.7073 0.3849 0.5930
vn -0.7029 0.3254 0.6325
vn -0.2146 0.6229 -0.7523
vn -0.2401 0.6246 -0.7431
vn -0.3526 0.6068 -0.7124
vn -0.5125 0.5485 -0.6607
vn -0.6357 0.4548 -0.6237
vn -0.6778 0.3632 -0.6393
vn -0.6567 0.2987 -0.6925
vn -0.0461 -0.4709 0.8810
vn 0.0538 -0.4751 0.8783
vn 0.1996 -0.4700 0.8598
vn 0.3880 -0.4378 0.8110
vn 0.5582 -0.3645 0.7454
vn 0.6366 -0.2705 0.7222
vn 0.6182 -0.1867 0.7635
vn -0.1595 0.2866 0.9447
vn -0.1457 0.2890 0.9462
vn -0.1842 0.2890 0.9394
vn -0.2671 0.2808 0.9218
vn -0.3556 0.2552 0.8991
vn -0.3944 0.2142 0.8936
vn -0.3722 0.1756 0.9114
vn -0.2747 0.9570 -0.0933
vn -0.3362 0.9375 -0.0901
vn -0.4978 0.8634 -0.0819
vn -0.6803 0.7295 -0.0710
vn -0.8067 0.5874 -0.0647
vn -0.8724 0.4841 -0.0673
vn -0.9013 0.4262 -0.0772
vn -0.2383 0.7507 0.6161
vn -0.2783 0.7450 0.6062
vn -0.4120 0.7089 0.5725
vn -0.5863 0.6277 0.5122
vn -0.7205 0.5218 0.4567
vn -0.7849 0.4308 0.4453
vn -0.7936 0.3708 0.4823
vn 0.0182 -0.9951 -0.0967
vn 0.1648 -0.9819 -0.0936
vn 0.3982 -0.9133 -0.0855
vn 0.6624 -0.7457 -0.0720
vn 0.8473 -0.5275 -0.0619
vn 0.9339 -0.3516 -0.0641
vn 0.9673 -0.2414 -0.0776
vn -0.2374 0.7537 -0.6128
vn -0.2775 0.7499 -0.6005
vn -0.4124 0.7147 -0.5649
vn -0.5868 0.6289 -0.5101
vn -0.7147 0.5143 -0.4740
vn -0.7669 0.4157 -0.4890
vn -0.7631 0.3510 -0.5427
vn -0.2750 0.9568 0.0942
vn -0.3365 0.9372 0.0915
vn -0.4981 0.8631 0.0836
vn -0.6803 0.7294 0.0714
vn -0.8066 0.5878 0.0617
vn -0.8724 0.4851 0.0598
vn -0.9016 0.4275 0.0661
vn 0.0135 -0.9579 -0.2867
vn 0.1572 -0.9476 -0.2782
vn 0.3860 -0.8864 -0.2556
vn 0.6482 -0.7299 -0.2171
vn 0.8335 -0.5197 -0.1877
vn 0.9176 -0.3469 -0.1941
vn 0.9432 -0.2367 -0.2332
vn -0.1592 0.2882 -0.9442
vn -0.1456 0.2923 -0.9452
vn -0.1853 0.2939 -0.9377
vn -0.2678 0.2820 -0.9213
vn -0.3431 0.2439 -0.9071
vn -0.3583 0.1917 -0.9137
vn -0.3259 0.1524 -0.9330
vn -0.0714 -0.2895 0.9545
vn 0.0093 -0.2938 0.9558
vn 0.1145 -0.2947 0.9487
vn 0.2486 -0.2840 0.9260
vn 0.3778 -0.2479 0.8921
vn 0.4382 -0.1875 0.8791
vn 0.4150 -0.1242 0.9013
vn 0.0060 -0.8819 0.4714
vn 0.1441 -0.8749 0.4624
vn 0.3626 -0.8258 0.4319
vn 0.6181 -0.6948 0.3678
vn 0.8061 -0.5099 0.3003
vn 0.8938 -0.3510 0.2792
vn 0.9165 -0.2459 0.3154
vn -0.0261 -0.6395 -0.7683
vn 0.0902 -0.6444 -0.7593
vn 0.2705 -0.6292 -0.7286
vn 0.4948 -0.5579 -0.6663
vn 0.6674 -0.4253 -0.6113
vn 0.7252 -0.2891 -0.6249
vn 0.6948 -0.1883 -0.6941
vn -0.1294 0.0968 -0.9869
vn -0.0930 0.0978 -0.9909
vn -0.0844 0.0989 -0.9915
vn -0.0990 0.0972 -0.9903
vn -0.1183 0.0878 -0.9891
vn -0.1201 0.0737 -0.9900
vn -0.1081 0.0660 -0.9919
vn -0.0474 -0.4764 -0.8780
vn 0.0529 -0.4835 -0.8737
vn 0.2012 -0.4806 -0.8536
vn 0.3897 -0.4411 -0.8084
vn 0.5414 -0.3480 -0.7653
vn 0.5839 -0.2371 -0.7764
vn 0.5395 -0.1488 -0.8287
vn -0.0995 -0.0975 0.9902
vn -0.0404 -0.0998 0.9942
vn 0.0178 -0.1012 0.9947
vn 0.0805 -0.0993 0.9918
vn 0.1393 -0.0882 0.9863
vn 0.1677 -0.0642 0.9837
vn 0.1571 -0.0341 0.9870
vn -0.1293 0.0972 0.9868
vn -0.0930 0.0977 0.9909
vn -0.0843 0.0982 0.9916
vn -0.0991 0.0974 0.9903
vn -0.1230 0.0919 0.9881
vn -0.1325 0.0810 0.9879
vn -0.1214 0.0724 0.9900
vn -0.0999 -0.1002 -0.9899
vn -0.0406 -0.1034 -0.9938
vn 0.0188 -0.1055 -0.9942
vn 0.0816 -0.1011 -0.9915
vn 0.1316 -0.0815 -0.9880
vn 0.1427 -0.0495 -0.9885
vn 0.1237 -0.0185 -0.9921
vn 0.0146 -0.9568 0.2903
vn 0.1586 -0.9457 0.2837
vn 0.3872 -0.8839 0.2623
vn 0.6483 -0.7292 0.2191
vn 0.8340 -0.5231 0.1752
vn 0.9212 -0.3539 0.1617
vn 0.9516 -0.2460 0.1844
vn -0.2555 0.8544 -0.4524
vn -0.3064 0.8440 -0.4401
vn -0.4558 0.7914 -0.4074
vn -0.6362 0.6822 -0.3603
vn -0.7645 0.5530 -0.3313
vn -0.8238 0.4512 -0.3433
vn -0.8357 0.3889 -0.3877
vn -0.2688 0.9217 0.2796
vn -0.3269 0.9050 0.2722
vn -0.4843 0.8383 0.2502
vn -0.6662 0.7140 0.2153
vn -0.7941 0.5783 0.1869
vn -0.8598 0.4774 0.1814
vn -0.8856 0.4193 0.1998
vn -0.1887 0.4629 0.8661
vn -0.1958 0.4651 0.8633
vn -0.2749 0.4587 0.8450
vn -0.4064 0.4325 0.8049
vn -0.5289 0.3796 0.7591
vn -0.5836 0.3153 0.7483
vn -0.5664 0.2612 0.7816
vn -0.0070 -0.7730 0.6344
vn 0.1218 -0.7708 0.6254
vn 0.3238 -0.7377 0.5924
vn 0.5682 -0.6385 0.5190
vn 0.7580 -0.4844 0.4368
vn 0.8456 -0.3411 0.4106
vn 0.8566 -0.2401 0.4567
vn 0.0045 -0.8845 -0.4664
vn 0.1423 -0.8791 -0.4548
vn 0.3616 -0.8312 -0.4224
vn 0.6183 -0.6962 -0.3648
vn 0.8030 -0.5032 -0.3195
vn 0.8817 -0.3375 -0.3296
vn 0.8924 -0.2283 -0.3893
vn -0.0723 -0.2941 -0.9531
vn 0.0088 -0.3005 -0.9537
vn 0.1161 -0.3032 -0.9458
vn 0.2503 -0.2869 -0.9247
vn 0.3617 -0.2333 -0.9026
vn 0.3877 -0.1573 -0.9083
vn 0.3460 -0.0919 -0.9337
vn -0.1881 0.4659 -0.8646
vn -0.1955 0.4705 -0.8605
vn -0.2763 0.4658 -0.8406
vn -0.4073 0.4342 -0.8035
vn -0.5157 0.3669 -0.7742
vn -0.5450 0.2895 -0.7869
vn -0.5114 0.2318 -0.8275
vn -0.2682 0.9226 -0.2772
vn -0.3261 0.9065 -0.2682
vn -0.4838 0.8400 -0.2454
vn -0.6662 0.7144 -0.2141
vn -0.7935 0.5763 -0.1956
vn -0.8572 0.4732 -0.2033
vn -0.8804 0.4137 -0.2321
vn -0.0245 -0.6342 0.7728
vn 0.0916 -0.6361 0.7661
vn 0.2697 -0.6188 0.7378
vn 0.4935 -0.5550 0.6697
vn 0.6800 -0.4395 0.5869
vn 0.7656 -0.3177 0.5594
vn 0.7617 -0.2229 0.6084
vn 0.0186 -0.9950 0.0980
vn 0.1654 -0.9816 0.0956
vn 0.3988 -0.9128 0.0880
vn 0.6625 -0.7455 0.0727
vn 0.8470 -0.5284 0.0575
vn 0.9339 -0.3536 0.0529
vn 0.9679 -0.2440 0.0606
vn -0.0087 -0.7772 -0.6291
vn 0.1201 -0.7775 -0.6174
vn 0.3237 -0.7460 -0.5820
vn 0.5689 -0.6407 -0.5155
vn 0.7505 -0.4739 -0.4606
vn 0.8206 -0.3201 -0.4734
vn 0.8111 -0.2134 -0.5445
vn -0.2564 0.8524 0.4556
vn -0.3073 0.8408 0.4456
vn -0.4560 0.7877 0.4142
vn -0.6360 0.6814 0.3621
vn -0.7671 0.5574 0.3176
vn -0.8324 0.4602 0.3088
vn -0.8515 0.4011 0.3379
vt 0.458330 0.884277
vt 0.431265 0.867192
vt 0.447521 0.861277
vt 0.425523 0.844373
vt 0.437388 0.840015
vt 0.420201 0.822853
vt 0.428021 0.820037
vt 0.414995 0.802174
vt 0.418878 0.800771
vt 0.162823 0.195342
vt 0.031472 0.180255
vt 0.037946 0.158515
vt 0.409846 0.781743
vt 0.483985 0.939417
vt 0.460838 0.987938
vt 0.451847 0.950726
vt 0.470369 0.909942
vt 0.444238 0.919155
vt 0.437439 0.891899
vt 0.416875 0.923242
vt 0.415416 0.895049
vt 0.414167 0.869594
vt 0.412993 0.846161
vt 0.411979 0.824087
vt 0.410911 0.802792
vt 0.160479 0.211835
vt 0.026049 0.202054
vt 0.418176 0.955607
vt 0.406783 0.802602
vt 0.158593 0.228961
vt 0.021549 0.223815
vt 0.419788 0.993808
vt 0.384190 0.953868
vt 0.389185 0.921886
vt 0.393180 0.893918
vt 0.396993 0.868604
vt 0.400396 0.845472
vt 0.403679 0.823692
vt 0.380321 0.864493
vt 0.388140 0.842498
vt 0.395611 0.821694
vt 0.402775 0.801596
vt 0.157035 0.246665
vt 0.017849 0.245463
vt 0.378379 0.991650
vt 0.351180 0.945563
vt 0.362279 0.915154
vt 0.371620 0.888451
vt 0.155665 0.264893
vt 0.014841 0.266939
vt 0.399035 0.799841
vt 0.338152 0.981504
vt 0.320416 0.931005
vt 0.337211 0.903330
vt 0.351559 0.878943
vt 0.364750 0.857199
vt 0.376752 0.837054
vt 0.388077 0.818164
vt 0.350915 0.846969
vt 0.366528 0.829614
vt 0.381412 0.813186
vt 0.395718 0.797377
vt 0.154335 0.283589
vt 0.012213 0.288177
vt 0.300654 0.963732
vt 0.293071 0.910749
vt 0.314925 0.886864
vt 0.333742 0.865731
vt 0.392936 0.794324
vt 0.267327 0.939014
vt 0.270184 0.885567
vt 0.296268 0.866384
vt 0.318838 0.849315
vt 0.339327 0.834270
vt 0.358037 0.820218
vt 0.375801 0.807048
vt 0.153569 0.302706
vt 0.010031 0.309576
vt 0.330430 0.819538
vt 0.351541 0.809375
vt 0.371493 0.799926
vt 0.390801 0.790786
vt 0.152712 0.321951
vt 0.008290 0.331153
vt 0.239437 0.908296
vt 0.252622 0.856415
vt 0.281948 0.842664
vt 0.307413 0.830310
vt 0.218037 0.872746
vt 0.241055 0.824394
vt 0.272513 0.816605
vt 0.299909 0.809442
vt 0.324556 0.803337
vt 0.347275 0.797480
vt 0.368711 0.792082
vt 0.389414 0.786893
vt 0.151723 0.341217
vt 0.007006 0.352928
vt 0.321915 0.786265
vt 0.345417 0.784968
vt 0.367510 0.783853
vt 0.388799 0.782808
vt 0.149399 0.379476
vt 0.006220 0.374927
vt 0.203932 0.833704
vt 0.235927 0.790713
vt 0.268327 0.789196
vt 0.296633 0.787519
vt 0.269549 0.761467
vt 0.297619 0.765326
vt 0.322883 0.769049
vt 0.346043 0.772326
vt 0.367943 0.775562
vt 0.389007 0.778685
vt 0.006192 0.396825
vt 0.197664 0.792632
vt 0.237450 0.756638
vt 0.349116 0.760050
vt 0.369925 0.767499
vt 0.390000 0.774679
vt 0.146422 0.416871
vt 0.006542 0.418993
vt 0.199497 0.751066
vt 0.245595 0.723471
vt 0.276171 0.734475
vt 0.303007 0.743763
vt 0.326922 0.752278
vt 0.287932 0.709270
vt 0.312424 0.723595
vt 0.334398 0.736766
vt 0.354522 0.748632
vt 0.373449 0.759970
vt 0.391756 0.770941
vt 0.007755 0.440956
vt 0.209408 0.710587
vt 0.260074 0.692495
vt 0.378423 0.753312
vt 0.394209 0.767617
vt 0.144907 0.435099
vt 0.009552 0.463281
vt 0.227064 0.672765
vt 0.280351 0.664918
vt 0.304416 0.686826
vt 0.325672 0.705675
vt 0.344549 0.722876
vt 0.362036 0.738469
vt 0.324969 0.668036
vt 0.342140 0.690686
vt 0.357267 0.711238
vt 0.371394 0.729970
vt 0.384551 0.747707
vt 0.397262 0.764835
vt 0.143484 0.470095
vt 0.012368 0.485271
vt 0.251815 0.639089
vt 0.305644 0.641832
vt 0.400807 0.762716
vt 0.016052 0.507599
vt 0.282706 0.610900
vt 0.334973 0.624137
vt 0.348803 0.653623
vt 0.361218 0.679199
vt 0.372031 0.702311
vt 0.382237 0.723448
vt 0.391691 0.743465
vt 0.388265 0.696440
vt 0.394154 0.719169
vt 0.399498 0.740641
vt 0.404691 0.761314
vt 0.144304 0.502911
vt 0.020935 0.529426
vt 0.318533 0.589305
vt 0.367203 0.612521
vt 0.374999 0.644147
vt 0.382176 0.671660
vt 0.027006 0.551433
vt 0.408775 0.760696
vt 0.357896 0.575144
vt 0.401082 0.607434
vt 0.402544 0.639974
vt 0.404205 0.668361
vt 0.405334 0.693855
vt 0.406672 0.717299
vt 0.407712 0.739398
vt 0.422581 0.694654
vt 0.419313 0.717910
vt 0.416012 0.739786
vt 0.412903 0.760886
vt 0.148120 0.533161
vt 0.034448 0.572718
vt 0.399267 0.568960
vt 0.435301 0.609068
vt 0.430374 0.641266
vt 0.426455 0.669431
vt 0.416916 0.761879
vt 0.441042 0.570985
vt 0.468537 0.617359
vt 0.457414 0.647972
vt 0.448067 0.674827
vt 0.439339 0.698808
vt 0.431590 0.720978
vt 0.424078 0.741788
vt 0.043238 0.593512
vt 0.454963 0.706156
vt 0.443032 0.726385
vt 0.431597 0.745326
vt 0.420660 0.763635
vt 0.151238 0.547300
vt 0.053472 0.613684
vt 0.481609 0.581136
vt 0.499511 0.631982
vt 0.482622 0.659831
vt 0.468208 0.684342
vt 0.505027 0.676386
vt 0.486102 0.697609
vt 0.468850 0.716414
vt 0.453197 0.733923
vt 0.438281 0.750266
vt 0.423981 0.766098
vt 0.160190 0.573035
vt 0.065233 0.633085
vt 0.519406 0.599014
vt 0.527030 0.652374
vt 0.443874 0.756419
vt 0.426757 0.769162
vt 0.078589 0.651555
vt 0.552980 0.623928
vt 0.550035 0.677747
vt 0.523765 0.696998
vt 0.501060 0.714115
vt 0.480466 0.729188
vt 0.461695 0.743302
vt 0.538116 0.720874
vt 0.512504 0.733225
vt 0.489364 0.743984
vt 0.468197 0.754160
vt 0.448159 0.763545
vt 0.428895 0.772700
vt 0.165975 0.584445
vt 0.093602 0.668927
vt 0.581041 0.654917
vt 0.567642 0.707125
vt 0.450970 0.771369
vt 0.430288 0.776592
vt 0.206029 0.092292
vt 0.119690 0.021896
vt 0.137486 0.006192
vt 0.602511 0.690790
vt 0.579171 0.739378
vt 0.547527 0.747093
vt 0.519995 0.754202
vt 0.495199 0.760233
vt 0.472454 0.766078
vt 0.551632 0.774647
vt 0.523242 0.776238
vt 0.497747 0.777308
vt 0.474302 0.778597
vt 0.452199 0.779593
vt 0.430894 0.780680
vt 0.190827 0.112054
vt 0.103694 0.038592
vt 0.616563 0.730168
vt 0.584176 0.773265
vt 0.451799 0.787901
vt 0.430690 0.784806
vt 0.089152 0.056429
vt 0.622654 0.771539
vt 0.582461 0.807480
vt 0.550273 0.802471
vt 0.522119 0.798481
vt 0.496911 0.794549
vt 0.473669 0.791236
vt 0.543500 0.829491
vt 0.516669 0.820070
vt 0.492723 0.811291
vt 0.470581 0.803505
vt 0.449787 0.795969
vt 0.429700 0.788817
vt 0.178470 0.136311
vt 0.075996 0.075617
vt 0.620541 0.813313
vt 0.574086 0.840702
vt 0.446241 0.803487
vt 0.427933 0.792551
vt 0.064390 0.095642
vt 0.610293 0.853879
vt 0.559370 0.871643
vt 0.531576 0.854664
vt 0.507102 0.840166
vt 0.485348 0.826888
vt 0.465159 0.814933
vt 0.475073 0.840740
vt 0.457614 0.825079
vt 0.441296 0.810168
vt 0.425483 0.795877
vt 0.169107 0.164138
vt 0.054264 0.116306
vt 0.592289 0.891662
vt 0.538879 0.899099
vt 0.514966 0.877023
vt 0.493786 0.857971
vt 0.422421 0.798649
vt 0.567209 0.925177
vt 0.513405 0.922003
vt 0.494318 0.895748
vt 0.477248 0.872736
vt 0.462302 0.852330
vt 0.448236 0.833552
vt 0.435145 0.815755
vt 0.045529 0.137427
vt 0.536032 0.953079
vt 0.706344 0.191325
vt 0.868251 0.193143
vt 0.706686 0.205232
vt 0.892435 0.558143
vt 0.990414 0.608824
vt 0.939733 0.706803
vt 0.696551 0.435372
vt 0.821795 0.429566
vt 0.823278 0.444589
vt 0.702039 0.361521
vt 0.821368 0.384515
vt 0.701137 0.376734
vt 0.704669 0.304669
vt 0.831007 0.325189
vt 0.704146 0.317993
vt 0.680010 0.575278
vt 0.842732 0.595622
vt 0.841142 0.610840
vt 0.688025 0.521332
vt 0.839054 0.534622
vt 0.841183 0.549784
vt 0.693024 0.473416
vt 0.827818 0.474572
vt 0.830622 0.489542
vt 0.697754 0.421431
vt 0.820953 0.414534
vt 0.827599 0.339895
vt 0.703542 0.331973
vt 0.706767 0.231650
vt 0.858260 0.237936
vt 0.706577 0.244090
vt 0.705768 0.177119
vt 0.869769 0.177913
vt 0.682410 0.561265
vt 0.843190 0.580325
vt 0.702842 0.346533
vt 0.822740 0.369573
vt 0.691880 0.485232
vt 0.833562 0.504523
vt 0.706289 0.256124
vt 0.848933 0.267077
vt 0.705939 0.267946
vt 0.844086 0.281555
vt 0.705551 0.279812
vt 0.694176 0.461292
vt 0.825323 0.459591
vt 0.690704 0.497001
vt 0.836442 0.519541
vt 0.695352 0.448652
vt 0.824826 0.354693
vt 0.839375 0.296040
vt 0.705131 0.291983
vt 0.689439 0.508971
vt 0.698936 0.406902
vt 0.820802 0.399510
vt 0.704952 0.162798
vt 0.870154 0.162615
vt 0.684541 0.547518
vt 0.842623 0.565027
vt 0.700071 0.391936
vt 0.865718 0.208241
vt 0.706816 0.218700
vt 0.677356 0.589373
vt 0.838362 0.625877
vt 0.853726 0.252555
vt 0.834969 0.310575
vt 0.686405 0.534180
vt 0.862325 0.223173
vt 0.173421 0.149795
vt 0.216211 0.153798
vt 0.213506 0.166095
vt 0.254322 0.167450
vt 0.253677 0.178921
vt 0.297016 0.180783
vt 0.298068 0.191904
vt 0.353873 0.196233
vt 0.356269 0.207441
vt 0.439154 0.212141
vt 0.442201 0.223648
vt 0.559752 0.221459
vt 0.561967 0.233370
vt 0.191088 0.535019
vt 0.190068 0.522446
vt 0.230770 0.526551
vt 0.231653 0.515072
vt 0.274942 0.518925
vt 0.277443 0.508018
vt 0.333414 0.510976
vt 0.337245 0.500161
vt 0.420101 0.506204
vt 0.424608 0.495180
vt 0.540922 0.512499
vt 0.544652 0.500972
vt 0.209238 0.238003
vt 0.209519 0.254444
vt 0.260448 0.244841
vt 0.262797 0.260217
vt 0.315475 0.252387
vt 0.319832 0.266609
vt 0.381484 0.262822
vt 0.387033 0.275758
vt 0.467338 0.275378
vt 0.472357 0.287180
vt 0.576998 0.285925
vt 0.579767 0.297490
vt 0.165489 0.179274
vt 0.211497 0.179102
vt 0.210158 0.192806
vt 0.253805 0.190908
vt 0.254667 0.203431
vt 0.300086 0.203230
vt 0.303024 0.214798
vt 0.359779 0.218405
vt 0.364329 0.229167
vt 0.446178 0.234484
vt 0.450951 0.244716
vt 0.564602 0.244506
vt 0.567563 0.254980
vt 0.202417 0.578522
vt 0.172568 0.594722
vt 0.198656 0.568764
vt 0.234983 0.568191
vt 0.232903 0.558479
vt 0.274063 0.561106
vt 0.273047 0.550898
vt 0.328311 0.556230
vt 0.328171 0.544895
vt 0.411191 0.555540
vt 0.412058 0.542834
vt 0.530324 0.564791
vt 0.532245 0.551194
vt 0.219604 0.142240
vt 0.255735 0.156494
vt 0.296915 0.169884
vt 0.352584 0.184843
vt 0.437094 0.200044
vt 0.558022 0.208814
vt 0.207192 0.363480
vt 0.150612 0.360429
vt 0.208594 0.344788
vt 0.265534 0.367193
vt 0.267182 0.348586
vt 0.327350 0.371044
vt 0.329179 0.352623
vt 0.397033 0.374783
vt 0.398897 0.357157
vt 0.480924 0.378997
vt 0.482639 0.362590
vt 0.582958 0.384680
vt 0.584370 0.369178
vt 0.192891 0.546960
vt 0.155266 0.560620
vt 0.230715 0.537625
vt 0.273413 0.529742
vt 0.330657 0.522119
vt 0.416497 0.517941
vt 0.537577 0.524818
vt 0.198157 0.101502
vt 0.233268 0.112351
vt 0.228241 0.121469
vt 0.263990 0.126875
vt 0.260655 0.136184
vt 0.301637 0.138963
vt 0.299308 0.148918
vt 0.354659 0.150773
vt 0.353061 0.161974
vt 0.436673 0.162099
vt 0.435898 0.174803
vt 0.555975 0.168245
vt 0.556130 0.181975
vt 0.205312 0.381930
vt 0.262963 0.385428
vt 0.324191 0.388968
vt 0.393693 0.391858
vt 0.477939 0.394878
vt 0.580785 0.399763
vt 0.189826 0.509273
vt 0.145910 0.518281
vt 0.190329 0.495510
vt 0.233370 0.503189
vt 0.235881 0.490874
vt 0.280929 0.497035
vt 0.285357 0.485935
vt 0.342150 0.489732
vt 0.348060 0.479641
vt 0.429952 0.484943
vt 0.436006 0.475409
vt 0.548701 0.490268
vt 0.552986 0.480261
vt 0.209152 0.222251
vt 0.258161 0.230311
vt 0.310997 0.239164
vt 0.375573 0.250991
vt 0.461871 0.264659
vt 0.573924 0.275242
vt 0.210042 0.289274
vt 0.209987 0.307494
vt 0.266679 0.293622
vt 0.267734 0.311505
vt 0.326853 0.298462
vt 0.328928 0.315941
vt 0.395672 0.305484
vt 0.398217 0.322078
vt 0.479964 0.314581
vt 0.482142 0.329967
vt 0.583767 0.323796
vt 0.584756 0.338385
vt 0.197934 0.434363
vt 0.200522 0.417474
vt 0.251417 0.435626
vt 0.255681 0.419781
vt 0.308781 0.436715
vt 0.314639 0.421988
vt 0.376615 0.436355
vt 0.383244 0.422870
vt 0.462716 0.436051
vt 0.468654 0.423636
vt 0.570567 0.439676
vt 0.574477 0.427454
vt 0.143726 0.486707
vt 0.191508 0.481158
vt 0.239102 0.478067
vt 0.290602 0.474593
vt 0.354793 0.469674
vt 0.442578 0.466277
vt 0.557421 0.470651
vt 0.195457 0.450604
vt 0.144196 0.452777
vt 0.247074 0.450562
vt 0.302611 0.450256
vt 0.369437 0.448469
vt 0.456216 0.447109
vt 0.566331 0.450787
vt 0.209415 0.207189
vt 0.256168 0.216539
vt 0.306741 0.226713
vt 0.369711 0.239913
vt 0.456289 0.254616
vt 0.570722 0.265081
vt 0.193262 0.466196
vt 0.242895 0.464669
vt 0.296447 0.462793
vt 0.362043 0.459441
vt 0.449411 0.457035
vt 0.561906 0.460987
vt 0.209535 0.326060
vt 0.267938 0.329922
vt 0.329745 0.334122
vt 0.399324 0.339439
vt 0.483054 0.346100
vt 0.584967 0.353622
vt 0.195440 0.558223
vt 0.231450 0.548276
vt 0.272805 0.540418
vt 0.328931 0.533472
vt 0.413819 0.530222
vt 0.534671 0.537786
vt 0.223641 0.131450
vt 0.257871 0.146068
vt 0.297705 0.159247
vt 0.352341 0.173380
vt 0.436021 0.187528
vt 0.556810 0.195581
vt 0.209837 0.271554
vt 0.264958 0.276486
vt 0.323730 0.281967
vt 0.391863 0.289982
vt 0.476643 0.300255
vt 0.582069 0.310114
vt 0.203037 0.399970
vt 0.147594 0.398339
vt 0.259610 0.403019
vt 0.319873 0.406034
vt 0.389026 0.407986
vt 0.473795 0.409856
vt 0.577924 0.414104
vt 0.184263 0.123758
vt 0.500071 0.974239
vt 0.924777 0.709988
vt 0.909488 0.710195
vt 0.894452 0.707415
vt 0.880247 0.701754
vt 0.867420 0.693431
vt 0.856462 0.682766
vt 0.847796 0.670168
vt 0.841754 0.656122
vt 0.838569 0.641166
vt 0.846802 0.596636
vt 0.855125 0.583808
vt 0.865790 0.572851
vt 0.878389 0.564185
vt 0.907391 0.554957
vt 0.922680 0.554751
vt 0.937716 0.557531
vt 0.951921 0.563191
vt 0.964749 0.571514
vt 0.975706 0.582179
vt 0.984372 0.594777
vt 0.993600 0.623779
vt 0.993806 0.639069
vt 0.991026 0.654105
vt 0.985366 0.668310
vt 0.977043 0.681137
vt 0.966378 0.692095
vt 0.953780 0.700761
vt 0.869334 0.147345
s 0
usemtl マテリアル.001
f 1219/1586/1899 1225/1587/1899 1501/1588/1899
f 1501/1588/1900 1226/1589/1900 1502/1590/1900
f 1502/1590/1901 1227/1591/1901 1503/1592/1901
f 1503/1592/1902 1228/1593/1902 1504/1594/1902
f 1216/1595/1903 1221/1596/1903 1217/1597/1903
f 1400/1598/1904 1504/1594/1904 1228/1593/1904
f 1218/1599/1905 1221/1600/1905 1222/1601/1905
f 1500/1602/1906 1222/1601/1906 1223/1603/1906
f 1500/1602/1907 1224/1604/1907 1219/1586/1907
f 1224/1604/1908 1232/1605/1908 1233/1606/1908
f 1224/1604/1909 1234/1607/1909 1225/1587/1909
f 1225/1587/1910 1235/1608/1910 1226/1589/1910
f 1227/1591/1911 1235/1608/1911 1236/1609/1911
f 1227/1591/1912 1237/1610/1912 1228/1593/1912
f 1220/1611/1913 1230/1612/1913 1221/1596/1913
f 1400/1598/1914 1228/1593/1914 1237/1610/1914
f 1221/1600/1915 1231/1613/1915 1222/1601/1915
f 1222/1601/1916 1232/1605/1916 1223/1603/1916
f 1236/1609/1917 1246/1614/1917 1237/1610/1917
f 1229/1615/1918 1239/1616/1918 1230/1612/1918
f 1400/1598/1919 1237/1610/1919 1246/1614/1919
f 1230/1617/1920 1240/1618/1920 1231/1613/1920
f 1231/1613/1921 1241/1619/1921 1232/1605/1921
f 1233/1606/1922 1241/1619/1922 1242/1620/1922
f 1233/1606/1923 1243/1621/1923 1234/1607/1923
f 1235/1608/1924 1243/1621/1924 1244/1622/1924
f 1235/1608/1925 1245/1623/1925 1236/1609/1925
f 1242/1620/1926 1252/1624/1926 1243/1621/1926
f 1244/1622/1927 1252/1624/1927 1253/1625/1927
f 1245/1623/1928 1253/1625/1928 1254/1626/1928
f 1246/1614/1929 1254/1626/1929 1255/1627/1929
f 1238/1628/1930 1248/1629/1930 1239/1616/1930
f 1400/1598/1931 1246/1614/1931 1255/1627/1931
f 1239/1630/1932 1249/1631/1932 1240/1618/1932
f 1240/1618/1933 1250/1632/1933 1241/1619/1933
f 1242/1620/1934 1250/1632/1934 1251/1633/1934
f 1247/1634/1935 1257/1635/1935 1248/1629/1935
f 1400/1598/1936 1255/1627/1936 1264/1636/1936
f 1248/1637/1937 1258/1638/1937 1249/1631/1937
f 1249/1631/1938 1259/1639/1938 1250/1632/1938
f 1251/1633/1939 1259/1639/1939 1260/1640/1939
f 1251/1633/1940 1261/1641/1940 1252/1624/1940
f 1253/1625/1941 1261/1641/1941 1262/1642/1941
f 1253/1625/1942 1263/1643/1942 1254/1626/1942
f 1254/1626/1943 1264/1636/1943 1255/1627/1943
f 1260/1640/1944 1270/1644/1944 1261/1641/1944
f 1262/1642/1945 1270/1644/1945 1271/1645/1945
f 1263/1643/1946 1271/1645/1946 1272/1646/1946
f 1264/1636/1947 1272/1646/1947 1273/1647/1947
f 1256/1648/1948 1266/1649/1948 1257/1635/1948
f 1400/1598/1949 1264/1636/1949 1273/1647/1949
f 1257/1650/1950 1267/1651/1950 1258/1638/1950
f 1258/1638/1951 1268/1652/1951 1259/1639/1951
f 1260/1640/1952 1268/1652/1952 1269/1653/1952
f 1400/1598/1953 1273/1647/1953 1282/1654/1953
f 1266/1655/1954 1276/1656/1954 1267/1651/1954
f 1267/1651/1955 1277/1657/1955 1268/1652/1955
f 1269/1653/1956 1277/1657/1956 1278/1658/1956
f 1269/1653/1957 1279/1659/1957 1270/1644/1957
f 1271/1645/1958 1279/1659/1958 1280/1660/1958
f 1271/1645/1959 1281/1661/1959 1272/1646/1959
f 1272/1646/1960 1282/1654/1960 1273/1647/1960
f 1265/1662/1961 1275/1663/1961 1266/1649/1961
f 1280/1660/1962 1288/1664/1962 1289/1665/1962
f 1280/1660/1963 1290/1666/1963 1281/1661/1963
f 1282/1654/1964 1290/1666/1964 1291/1667/1964
f 1274/1668/1965 1284/1669/1965 1275/1663/1965
f 1400/1598/1966 1282/1654/1966 1291/1667/1966
f 1275/1670/1967 1285/1671/1967 1276/1656/1967
f 1276/1656/1968 1286/1672/1968 1277/1657/1968
f 1278/1658/1969 1286/1672/1969 1287/1673/1969
f 1278/1658/1970 1288/1664/1970 1279/1659/1970
f 1284/1674/1971 1294/1675/1971 1285/1671/1971
f 1285/1671/1972 1295/1676/1972 1286/1672/1972
f 1287/1673/1973 1295/1676/1973 1296/1677/1973
f 1287/1673/1974 1297/1678/1974 1288/1664/1974
f 1289/1665/1975 1297/1678/1975 1298/1679/1975
f 1290/1666/1976 1298/1679/1976 1299/1680/1976
f 1290/1666/1977 1300/1681/1977 1291/1667/1977
f 1283/1682/1978 1293/1683/1978 1284/1669/1978
f 1400/1598/1979 1291/1667/1979 1300/1681/1979
f 1298/1679/1980 1306/1684/1980 1307/1685/1980
f 1299/1680/1981 1307/1685/1981 1308/1686/1981
f 1300/1681/1982 1308/1686/1982 1309/1687/1982
f 1293/1683/1983 1301/1688/1983 1302/1689/1983
f 1400/1598/1984 1300/1681/1984 1309/1687/1984
f 1293/1690/1985 1303/1691/1985 1294/1675/1985
f 1294/1675/1986 1304/1692/1986 1295/1676/1986
f 1296/1677/1987 1304/1692/1987 1305/1693/1987
f 1296/1677/1988 1306/1684/1988 1297/1678/1988
f 1303/1691/1989 1313/1694/1989 1304/1692/1989
f 1305/1693/1990 1313/1694/1990 1314/1695/1990
f 1305/1693/1991 1315/1696/1991 1306/1684/1991
f 1307/1685/1992 1315/1696/1992 1316/1697/1992
f 1307/1685/1993 1317/1698/1993 1308/1686/1993
f 1309/1687/1994 1317/1698/1994 1318/1699/1994
f 1301/1688/1995 1311/1700/1995 1302/1689/1995
f 1400/1598/1996 1309/1687/1996 1318/1699/1996
f 1302/1701/1997 1312/1702/1997 1303/1691/1997
f 1317/1698/1998 1325/1703/1998 1326/1704/1998
f 1318/1699/1999 1326/1704/1999 1327/1705/1999
f 1311/1700/2000 1319/1706/2000 1320/1707/2000
f 1400/1598/2001 1318/1699/2001 1327/1705/2001
f 1311/1708/2002 1321/1709/2002 1312/1702/2002
f 1312/1702/2003 1322/1710/2003 1313/1694/2003
f 1313/1694/2004 1323/1711/2004 1314/1695/2004
f 1314/1695/2005 1324/1712/2005 1315/1696/2005
f 1316/1697/2006 1324/1712/2006 1325/1703/2006
f 1323/1711/2007 1331/1713/2007 1332/1714/2007
f 1324/1712/2008 1332/1714/2008 1333/1715/2008
f 1325/1703/2009 1333/1715/2009 1334/1716/2009
f 1325/1703/2010 1335/1717/2010 1326/1704/2010
f 1326/1704/2011 1336/1718/2011 1327/1705/2011
f 1319/1706/2012 1329/1719/2012 1320/1707/2012
f 1400/1598/2013 1327/1705/2013 1336/1718/2013
f 1320/1720/2014 1330/1721/2014 1321/1709/2014
f 1321/1709/2015 1331/1713/2015 1322/1710/2015
f 1336/1718/2016 1344/1722/2016 1345/1723/2016
f 1328/1724/2017 1338/1725/2017 1329/1719/2017
f 1400/1598/2018 1336/1718/2018 1345/1723/2018
f 1329/1726/2019 1339/1727/2019 1330/1721/2019
f 1330/1721/2020 1340/1728/2020 1331/1713/2020
f 1332/1714/2021 1340/1728/2021 1341/1729/2021
f 1332/1714/2022 1342/1730/2022 1333/1715/2022
f 1334/1716/2023 1342/1730/2023 1343/1731/2023
f 1334/1716/2024 1344/1722/2024 1335/1717/2024
f 1341/1729/2025 1349/1732/2025 1350/1733/2025
f 1341/1729/2026 1351/1734/2026 1342/1730/2026
f 1343/1731/2027 1351/1734/2027 1352/1735/2027
f 1344/1722/2028 1352/1735/2028 1353/1736/2028
f 1344/1722/2029 1354/1737/2029 1345/1723/2029
f 1338/1725/2030 1346/1738/2030 1347/1739/2030
f 1400/1598/2031 1345/1723/2031 1354/1737/2031
f 1338/1740/2032 1348/1741/2032 1339/1727/2032
f 1339/1727/2033 1349/1732/2033 1340/1728/2033
f 1353/1736/2034 1363/1742/2034 1354/1737/2034
f 1346/1738/2035 1356/1743/2035 1347/1739/2035
f 1400/1598/2036 1354/1737/2036 1363/1742/2036
f 1347/1744/2037 1357/1745/2037 1348/1741/2037
f 1348/1741/2038 1358/1746/2038 1349/1732/2038
f 1350/1733/2039 1358/1746/2039 1359/1747/2039
f 1350/1733/2040 1360/1748/2040 1351/1734/2040
f 1352/1735/2041 1360/1748/2041 1361/1749/2041
f 1352/1735/2042 1362/1750/2042 1353/1736/2042
f 1359/1747/2043 1369/1751/2043 1360/1748/2043
f 1361/1749/2044 1369/1751/2044 1370/1752/2044
f 1361/1749/2045 1371/1753/2045 1362/1750/2045
f 1362/1750/2046 1372/1754/2046 1363/1742/2046
f 1356/1743/2047 1364/1755/2047 1365/1756/2047
f 1400/1598/2048 1363/1742/2048 1372/1754/2048
f 1356/1757/2049 1366/1758/2049 1357/1745/2049
f 1357/1745/2050 1367/1759/2050 1358/1746/2050
f 1359/1747/2051 1367/1759/2051 1368/1760/2051
f 1364/1755/2052 1374/1761/2052 1365/1756/2052
f 1400/1598/2053 1372/1754/2053 1381/1762/2053
f 1365/1763/2054 1375/1764/2054 1366/1758/2054
f 1366/1758/2055 1376/1765/2055 1367/1759/2055
f 1368/1760/2056 1376/1765/2056 1377/1766/2056
f 1368/1760/2057 1378/1767/2057 1369/1751/2057
f 1370/1752/2058 1378/1767/2058 1379/1768/2058
f 1370/1752/2059 1380/1769/2059 1371/1753/2059
f 1372/1754/2060 1380/1769/2060 1381/1762/2060
f 1377/1766/2061 1387/1770/2061 1378/1767/2061
f 1379/1768/2062 1387/1770/2062 1388/1771/2062
f 1380/1769/2063 1388/1771/2063 1389/1772/2063
f 1380/1769/2064 1390/1773/2064 1381/1762/2064
f 1374/1761/2065 1382/1774/2065 1383/1775/2065
f 1400/1598/2066 1381/1762/2066 1390/1773/2066
f 1374/1776/2067 1384/1777/2067 1375/1764/2067
f 1375/1764/2068 1385/1778/2068 1376/1765/2068
f 1377/1766/2069 1385/1778/2069 1386/1779/2069
f 1400/1598/2070 1390/1773/2070 1399/1780/2070
f 1383/1781/2071 1393/1782/2071 1384/1777/2071
f 1384/1777/2072 1394/1783/2072 1385/1778/2072
f 1386/1779/2073 1394/1783/2073 1395/1784/2073
f 1386/1779/2074 1396/1785/2074 1387/1770/2074
f 1388/1771/2075 1396/1785/2075 1397/1786/2075
f 1388/1771/2076 1398/1787/2076 1389/1772/2076
f 1390/1773/2077 1398/1787/2077 1399/1780/2077
f 1382/1774/2078 1392/1788/2078 1383/1775/2078
f 1397/1786/2079 1406/1789/2079 1407/1790/2079
f 1397/1786/2080 1408/1791/2080 1398/1787/2080
f 1398/1787/2081 1409/1792/2081 1399/1780/2081
f 1391/1793/2082 1402/1794/2082 1392/1788/2082
f 1400/1598/2083 1399/1780/2083 1409/1792/2083
f 1392/1795/2084 1403/1796/2084 1393/1782/2084
f 1393/1782/2085 1404/1797/2085 1394/1783/2085
f 1395/1784/2086 1404/1797/2086 1405/1798/2086
f 1395/1784/2087 1406/1789/2087 1396/1785/2087
f 1403/1796/2088 1413/1799/2088 1404/1797/2088
f 1405/1798/2089 1413/1799/2089 1414/1800/2089
f 1405/1798/2090 1415/1801/2090 1406/1789/2090
f 1407/1790/2091 1415/1801/2091 1416/1802/2091
f 1407/1790/2092 1417/1803/2092 1408/1791/2092
f 1408/1791/2093 1418/1804/2093 1409/1792/2093
f 1402/1794/2094 1410/1805/2094 1411/1806/2094
f 1400/1598/2095 1409/1792/2095 1418/1804/2095
f 1402/1807/2096 1412/1808/2096 1403/1796/2096
f 1416/1802/2097 1426/1809/2097 1417/1803/2097
f 1417/1803/2098 1427/1810/2098 1418/1804/2098
f 1410/1805/2099 1420/1811/2099 1411/1806/2099
f 1400/1598/2100 1418/1804/2100 1427/1810/2100
f 1411/1812/2101 1421/1813/2101 1412/1808/2101
f 1412/1808/2102 1422/1814/2102 1413/1799/2102
f 1414/1800/2103 1422/1814/2103 1423/1815/2103
f 1414/1800/2104 1424/1816/2104 1415/1801/2104
f 1416/1802/2105 1424/1816/2105 1425/1817/2105
f 1421/1813/2106 1431/1818/2106 1422/1814/2106
f 1423/1815/2107 1431/1818/2107 1432/1819/2107
f 1423/1815/2108 1433/1820/2108 1424/1816/2108
f 1425/1817/2109 1433/1820/2109 1434/1821/2109
f 1425/1817/2110 1435/1822/2110 1426/1809/2110
f 1426/1809/2111 1436/1823/2111 1427/1810/2111
f 1419/1824/2112 1429/1825/2112 1420/1811/2112
f 1400/1598/2113 1427/1810/2113 1436/1823/2113
f 1420/1826/2114 1430/1827/2114 1421/1813/2114
f 1434/1821/2115 1444/1828/2115 1435/1822/2115
f 1435/1822/2116 1445/1829/2116 1436/1823/2116
f 1428/1830/2117 1438/1831/2117 1429/1832/2117
f 1400/1598/2118 1436/1823/2118 1445/1829/2118
f 1429/1833/2119 1439/1834/2119 1430/1827/2119
f 1430/1827/2120 1440/1835/2120 1431/1818/2120
f 1432/1819/2121 1440/1835/2121 1441/1836/2121
f 1432/1819/2122 1442/1837/2122 1433/1820/2122
f 1434/1821/2123 1442/1837/2123 1443/1838/2123
f 1441/1836/2124 1449/1839/2124 1450/1840/2124
f 1441/1836/2125 1451/1841/2125 1442/1837/2125
f 1443/1838/2126 1451/1841/2126 1452/1842/2126
f 1443/1838/2127 1453/1843/2127 1444/1828/2127
f 1445/1829/2128 1453/1843/2128 1454/1844/2128
f 1438/1831/2129 1446/1845/2129 1447/1846/2129
f 1400/1598/2130 1445/1829/2130 1454/1844/2130
f 1438/1847/2131 1448/1848/2131 1439/1834/2131
f 1439/1834/2132 1449/1839/2132 1440/1835/2132
f 1454/1844/2133 1462/1849/2133 1463/1850/2133
f 1446/1845/2134 1456/1851/2134 1447/1846/2134
f 1400/1598/2135 1454/1844/2135 1463/1850/2135
f 1447/1852/2136 1457/1853/2136 1448/1848/2136
f 1448/1848/2137 1458/1854/2137 1449/1839/2137
f 1450/1840/2138 1458/1854/2138 1459/1855/2138
f 1450/1840/2139 1460/1856/2139 1451/1841/2139
f 1452/1842/2140 1460/1856/2140 1461/1857/2140
f 1452/1842/2141 1462/1849/2141 1453/1843/2141
f 1459/1855/2142 1467/1858/2142 1468/1859/2142
f 1459/1855/2143 1469/1860/2143 1460/1856/2143
f 1461/1857/2144 1469/1860/2144 1470/1861/2144
f 1461/1857/2145 1471/1862/2145 1462/1849/2145
f 1462/1849/2146 1472/1863/2146 1463/1850/2146
f 1456/1851/2147 1464/1864/2147 1465/1865/2147
f 1400/1598/2148 1463/1850/2148 1472/1863/2148
f 1456/1866/2149 1466/1867/2149 1457/1853/2149
f 1457/1853/2150 1467/1858/2150 1458/1854/2150
f 1472/1863/2151 1480/1868/2151 1481/1869/2151
f 1464/1864/2152 1474/1870/2152 1465/1865/2152
f 1400/1598/2153 1472/1863/2153 1481/1869/2153
f 1465/1871/2154 1475/1872/2154 1466/1867/2154
f 1466/1867/2155 1476/1873/2155 1467/1858/2155
f 1468/1859/2156 1476/1873/2156 1477/1874/2156
f 1468/1859/2157 1478/1875/2157 1469/1860/2157
f 1470/1861/2158 1478/1875/2158 1479/1876/2158
f 1470/1861/2159 1480/1868/2159 1471/1862/2159
f 1477/1874/2160 1487/1877/2160 1478/1875/2160
f 1479/1876/2161 1487/1877/2161 1488/1878/2161
f 1479/1876/2162 1489/1879/2162 1480/1868/2162
f 1480/1868/2163 1490/1880/2163 1481/1869/2163
f 1474/1870/2164 1482/1881/2164 1483/1882/2164
f 1400/1598/2165 1481/1869/2165 1490/1880/2165
f 1474/1883/2166 1484/1884/2166 1475/1872/2166
f 1475/1872/2167 1485/1885/2167 1476/1873/2167
f 1477/1874/2168 1485/1885/2168 1486/1886/2168
f 1400/1598/2169 1490/1880/2169 1499/1887/2169
f 1483/1888/2170 1493/1889/2170 1484/1884/2170
f 1484/1884/2171 1494/1890/2171 1485/1885/2171
f 1486/1886/2172 1494/1890/2172 1495/1891/2172
f 1486/1886/2173 1496/1892/2173 1487/1877/2173
f 1488/1878/2174 1496/1892/2174 1497/1893/2174
f 1488/1878/2175 1498/1894/2175 1489/1879/2175
f 1490/1880/2176 1498/1894/2176 1499/1887/2176
f 1482/1881/2177 1492/1895/2177 1483/1882/2177
f 1497/1893/2178 1501/1588/2178 1502/1590/2178
f 1497/1893/2179 1503/1592/2179 1498/1894/2179
f 1498/1894/2180 1504/1594/2180 1499/1887/2180
f 1492/1895/2181 1216/1595/2181 1217/1597/2181
f 1400/1598/2182 1499/1887/2182 1504/1594/2182
f 1492/1896/2183 1218/1599/2183 1493/1889/2183
f 1493/1889/2184 1500/1602/2184 1494/1890/2184
f 1494/1890/2185 1219/1586/2185 1495/1891/2185
f 1495/1891/2186 1501/1588/2186 1496/1892/2186
f 1543/1897/2187 1532/1898/2187 1544/1899/2187
f 1523/1900/2188 1515/1901/2188 1507/1902/2188
f 1558/1903/2189 1516/1904/2189 1517/1905/2189
f 1571/1906/2190 1513/1907/2190 1572/1908/2190
f 1585/1909/2191 1509/1910/2191 1586/1911/2191
f 1600/1912/2192 1527/1913/2192 1528/1914/2192
f 1614/1915/2193 1523/1916/2193 1524/1917/2193
f 1628/1918/2194 1519/1919/2194 1520/1920/2194
f 1557/1921/2195 1515/1922/2195 1516/1904/2195
f 1586/1911/2196 1510/1923/2196 1642/1924/2196
f 1655/1925/2197 1535/1926/2197 1656/1927/2197
f 1669/1928/2198 1531/1929/2198 1543/1897/2198
f 1599/1930/2199 1526/1931/2199 1527/1913/2199
f 1683/1932/2200 1512/1933/2200 1571/1906/2200
f 1684/1934/2201 1520/1920/2201 1521/1935/2201
f 1697/1936/2202 1506/1937/2202 1698/1938/2202
f 1698/1938/2203 1505/1939/2203 1705/1940/2203
f 1627/1941/2204 1518/1942/2204 1519/1919/2204
f 1719/1943/2205 1521/1935/2205 1522/1944/2205
f 1718/1945/2206 1517/1905/2206 1518/1942/2206
f 1642/1924/2207 1511/1946/2207 1683/1932/2207
f 1705/1940/2208 1507/1947/2208 1726/1948/2208
f 1613/1949/2209 1522/1944/2209 1523/1916/2209
f 1641/1950/2210 1514/1951/2210 1515/1922/2210
f 1746/1952/2211 1530/1953/2211 1669/1928/2211
f 1676/1954/2212 1525/1955/2212 1526/1931/2212
f 1739/1956/2213 1513/1907/2213 1514/1951/2213
f 1544/1899/2214 1533/1957/2214 1754/1958/2214
f 1746/1959/2215 1528/1914/2215 1529/1960/2215
f 1656/1927/2216 1536/1961/2216 1697/1936/2216
f 1726/1948/2217 1508/1962/2217 1585/1909/2217
f 1753/1963/2218 1524/1917/2218 1525/1955/2218
f 1754/1958/2219 1534/1964/2219 1655/1925/2219
f 1473/1965/2220 1760/1966/2220 1649/1967/2220
f 1649/1967/2221 1759/1968/2221 1650/1969/2221
f 1650/1969/2222 1758/1970/2222 1651/1971/2222
f 1651/1971/2223 1757/1972/2223 1652/1973/2223
f 1652/1973/2224 1756/1974/2224 1653/1975/2224
f 1653/1975/2225 1755/1976/2225 1654/1977/2225
f 1654/1977/2226 1754/1958/2226 1655/1925/2226
f 1382/1774/2227 1747/1978/2227 1391/1793/2227
f 1620/1979/2228 1748/1980/2228 1747/1978/2228
f 1619/1981/2229 1749/1982/2229 1748/1980/2229
f 1618/1983/2230 1750/1984/2230 1749/1982/2230
f 1617/1985/2231 1751/1986/2231 1750/1984/2231
f 1616/1987/2232 1752/1988/2232 1751/1986/2232
f 1615/1989/2233 1753/1963/2233 1752/1988/2233
f 1238/1628/2234 1732/1990/2234 1579/1991/2234
f 1579/1991/2235 1731/1992/2235 1580/1993/2235
f 1580/1993/2236 1730/1994/2236 1581/1995/2236
f 1581/1995/2237 1729/1996/2237 1582/1997/2237
f 1582/1997/2238 1728/1998/2238 1583/1999/2238
f 1583/1999/2239 1727/2000/2239 1584/2001/2239
f 1584/2001/2240 1726/1948/2240 1585/1909/2240
f 1491/2002/2241 1662/2003/2241 1691/2004/2241
f 1691/2004/2242 1661/2005/2242 1692/2006/2242
f 1692/2006/2243 1660/2007/2243 1693/2008/2243
f 1693/2008/2244 1659/2009/2244 1694/2010/2244
f 1694/2010/2245 1658/2011/2245 1695/2012/2245
f 1695/2012/2246 1657/2013/2246 1696/2014/2246
f 1696/2014/2247 1656/1927/2247 1697/1936/2247
f 1419/1824/2248 1740/2015/2248 1428/2016/2248
f 1606/2017/2249 1741/2018/2249 1740/2015/2249
f 1605/2019/2250 1742/2020/2250 1741/2018/2250
f 1604/2021/2251 1743/2022/2251 1742/2020/2251
f 1603/2023/2252 1744/2024/2252 1743/2022/2252
f 1602/2025/2253 1745/2026/2253 1744/2024/2253
f 1601/2027/2254 1746/1959/2254 1745/2026/2254
f 1464/1864/2255 1550/2028/2255 1760/1966/2255
f 1760/1966/2256 1549/2029/2256 1759/1968/2256
f 1759/1968/2257 1548/2030/2257 1758/1970/2257
f 1758/1970/2258 1547/2031/2258 1757/1972/2258
f 1757/1972/2259 1546/2032/2259 1756/1974/2259
f 1756/1974/2260 1545/2033/2260 1755/1976/2260
f 1755/1976/2261 1544/1899/2261 1754/1958/2261
f 1283/1682/2262 1733/2034/2262 1292/2035/2262
f 1578/2036/2263 1734/2037/2263 1733/2034/2263
f 1577/2038/2264 1735/2039/2264 1734/2037/2264
f 1576/2040/2265 1736/2041/2265 1735/2039/2265
f 1575/2042/2266 1737/2043/2266 1736/2041/2266
f 1574/2044/2267 1738/2045/2267 1737/2043/2267
f 1573/2046/2268 1739/1956/2268 1738/2045/2268
f 1391/1793/2269 1670/2047/2269 1401/2048/2269
f 1747/1978/2270 1671/2049/2270 1670/2047/2270
f 1748/1980/2271 1672/2050/2271 1671/2049/2271
f 1749/1982/2272 1673/2051/2272 1672/2050/2272
f 1750/1984/2273 1674/2052/2273 1673/2051/2273
f 1751/1986/2274 1675/2053/2274 1674/2052/2274
f 1752/1988/2275 1676/1954/2275 1675/2053/2275
f 1437/2054/2276 1740/2055/2276 1663/2056/2276
f 1663/2056/2277 1741/2057/2277 1664/2058/2277
f 1664/2058/2278 1742/2059/2278 1665/2060/2278
f 1665/2060/2279 1743/2061/2279 1666/2062/2279
f 1666/2062/2280 1744/2063/2280 1667/2064/2280
f 1667/2064/2281 1745/2065/2281 1668/2066/2281
f 1668/2066/2282 1746/1952/2282 1669/1928/2282
f 1292/2035/2283 1635/2067/2283 1301/1688/2283
f 1733/2034/2284 1636/2068/2284 1635/2067/2284
f 1734/2037/2285 1637/2069/2285 1636/2068/2285
f 1735/2039/2286 1638/2070/2286 1637/2069/2286
f 1736/2041/2287 1639/2071/2287 1638/2070/2287
f 1737/2043/2288 1640/2072/2288 1639/2071/2288
f 1738/2045/2289 1641/1950/2289 1640/2072/2289
f 1364/1755/2290 1607/2073/2290 1373/2074/2290
f 1725/2075/2291 1608/2076/2291 1607/2073/2291
f 1724/2077/2292 1609/2078/2292 1608/2076/2292
f 1723/2079/2293 1610/2080/2293 1609/2078/2293
f 1722/2081/2294 1611/2082/2294 1610/2080/2294
f 1721/2083/2295 1612/2084/2295 1611/2082/2295
f 1720/2085/2296 1613/1949/2296 1612/2084/2296
f 1229/1615/2297 1711/2086/2297 1732/1990/2297
f 1732/1990/2298 1710/2087/2298 1731/1992/2298
f 1731/1992/2299 1709/2088/2299 1730/1994/2299
f 1730/1994/2300 1708/2089/2300 1729/1996/2300
f 1729/1996/2301 1707/2090/2301 1728/1998/2301
f 1728/1998/2302 1706/2091/2302 1727/2000/2302
f 1727/2000/2303 1705/1940/2303 1726/1948/2303
f 1265/1662/2304 1648/2092/2304 1677/2093/2304
f 1677/2093/2305 1647/2094/2305 1678/2095/2305
f 1678/2095/2306 1646/2096/2306 1679/2097/2306
f 1679/2097/2307 1645/2098/2307 1680/2099/2307
f 1680/2099/2308 1644/2100/2308 1681/2101/2308
f 1681/2101/2309 1643/2102/2309 1682/2103/2309
f 1682/2103/2310 1642/1924/2310 1683/1932/2310
f 1319/1706/2311 1712/2104/2311 1328/1724/2311
f 1564/2105/2312 1713/2106/2312 1712/2104/2312
f 1563/2107/2313 1714/2108/2313 1713/2106/2313
f 1562/2109/2314 1715/2110/2314 1714/2108/2314
f 1561/2111/2315 1716/2112/2315 1715/2110/2315
f 1560/2113/2316 1717/2114/2316 1716/2112/2316
f 1559/2115/2317 1718/1945/2317 1717/2114/2317
f 1355/2116/2318 1725/2075/2318 1364/1755/2318
f 1690/2117/2319 1724/2077/2319 1725/2075/2319
f 1689/2118/2320 1723/2079/2320 1724/2077/2320
f 1688/2119/2321 1722/2081/2321 1723/2079/2321
f 1687/2120/2322 1721/2083/2322 1722/2081/2322
f 1686/2121/2323 1720/2085/2323 1721/2083/2323
f 1685/2122/2324 1719/1943/2324 1720/2085/2324
f 1328/1724/2325 1621/2123/2325 1337/2124/2325
f 1712/2104/2326 1622/2125/2326 1621/2123/2326
f 1713/2106/2327 1623/2126/2327 1622/2125/2327
f 1714/2108/2328 1624/2127/2328 1623/2126/2328
f 1715/2110/2329 1625/2128/2329 1624/2127/2329
f 1716/2112/2330 1626/2129/2330 1625/2128/2330
f 1717/2114/2331 1627/1941/2331 1626/2129/2331
f 1220/1611/2332 1704/2130/2332 1711/2086/2332
f 1711/2086/2333 1703/2131/2333 1710/2087/2333
f 1710/2087/2334 1702/2132/2334 1709/2088/2334
f 1709/2088/2335 1701/2133/2335 1708/2089/2335
f 1708/2089/2336 1700/2134/2336 1707/2090/2336
f 1707/2090/2337 1699/2135/2337 1706/2091/2337
f 1706/2091/2338 1698/1938/2338 1705/1940/2338
f 1216/1595/2339 1691/2004/2339 1704/2130/2339
f 1704/2130/2340 1692/2006/2340 1703/2131/2340
f 1703/2131/2341 1693/2008/2341 1702/2132/2341
f 1702/2132/2342 1694/2010/2342 1701/2133/2342
f 1701/2133/2343 1695/2012/2343 1700/2134/2343
f 1700/2134/2344 1696/2014/2344 1699/2135/2344
f 1699/2135/2345 1697/1936/2345 1698/1938/2345
f 1346/1738/2346 1690/2117/2346 1355/2116/2346
f 1634/2136/2347 1689/2118/2347 1690/2117/2347
f 1633/2137/2348 1688/2119/2348 1689/2118/2348
f 1632/2138/2349 1687/2120/2349 1688/2119/2349
f 1631/2139/2350 1686/2121/2350 1687/2120/2350
f 1630/2140/2351 1685/2122/2351 1686/2121/2351
f 1629/2141/2352 1684/1934/2352 1685/2122/2352
f 1274/1668/2353 1677/2093/2353 1565/2142/2353
f 1565/2142/2354 1678/2095/2354 1566/2143/2354
f 1566/2143/2355 1679/2097/2355 1567/2144/2355
f 1567/2144/2356 1680/2099/2356 1568/2145/2356
f 1568/2145/2357 1681/2101/2357 1569/2146/2357
f 1569/2146/2358 1682/2103/2358 1570/2147/2358
f 1570/2147/2359 1683/1932/2359 1571/1906/2359
f 1401/2048/2360 1593/2148/2360 1410/1805/2360
f 1670/2047/2361 1594/2149/2361 1593/2148/2361
f 1671/2049/2362 1595/2150/2362 1594/2149/2362
f 1672/2050/2363 1596/2151/2363 1595/2150/2363
f 1673/2051/2364 1597/2152/2364 1596/2151/2364
f 1674/2052/2365 1598/2153/2365 1597/2152/2365
f 1675/2053/2366 1599/1930/2366 1598/2153/2366
f 1446/1845/2367 1663/2056/2367 1537/2154/2367
f 1537/2154/2368 1664/2058/2368 1538/2155/2368
f 1538/2155/2369 1665/2060/2369 1539/2156/2369
f 1539/2156/2370 1666/2062/2370 1540/2157/2370
f 1540/2157/2371 1667/2064/2371 1541/2158/2371
f 1541/2158/2372 1668/2066/2372 1542/2159/2372
f 1542/2159/2373 1669/1928/2373 1543/1897/2373
f 1482/1881/2374 1649/1967/2374 1662/2003/2374
f 1662/2003/2375 1650/1969/2375 1661/2005/2375
f 1661/2005/2376 1651/1971/2376 1660/2007/2376
f 1660/2007/2377 1652/1973/2377 1659/2009/2377
f 1659/2009/2378 1653/1975/2378 1658/2011/2378
f 1658/2011/2379 1654/1977/2379 1657/2013/2379
f 1657/2013/2380 1655/1925/2380 1656/1927/2380
f 1256/1648/2381 1592/2160/2381 1648/2092/2381
f 1648/2092/2382 1591/2161/2382 1647/2094/2382
f 1647/2094/2383 1590/2162/2383 1646/2096/2383
f 1646/2096/2384 1589/2163/2384 1645/2098/2384
f 1645/2098/2385 1588/2164/2385 1644/2100/2385
f 1644/2100/2386 1587/2165/2386 1643/2102/2386
f 1643/2102/2387 1586/1911/2387 1642/1924/2387
f 1301/1688/2388 1551/2166/2388 1310/2167/2388
f 1635/2067/2389 1552/2168/2389 1551/2166/2389
f 1636/2068/2390 1553/2169/2390 1552/2168/2390
f 1637/2069/2391 1554/2170/2391 1553/2169/2391
f 1638/2070/2392 1555/2171/2392 1554/2170/2392
f 1639/2071/2393 1556/2172/2393 1555/2171/2393
f 1640/2072/2394 1557/1921/2394 1556/2172/2394
f 1337/2124/2395 1634/2136/2395 1346/1738/2395
f 1621/2123/2396 1633/2137/2396 1634/2136/2396
f 1622/2125/2397 1632/2138/2397 1633/2137/2397
f 1623/2126/2398 1631/2139/2398 1632/2138/2398
f 1624/2127/2399 1630/2140/2399 1631/2139/2399
f 1625/2128/2400 1629/2141/2400 1630/2140/2400
f 1626/2129/2401 1628/1918/2401 1629/2141/2401
f 1373/2074/2402 1620/1979/2402 1382/1774/2402
f 1607/2073/2403 1619/1981/2403 1620/1979/2403
f 1608/2076/2404 1618/1983/2404 1619/1981/2404
f 1609/2078/2405 1617/1985/2405 1618/1983/2405
f 1610/2080/2406 1616/1987/2406 1617/1985/2406
f 1611/2082/2407 1615/1989/2407 1616/1987/2407
f 1612/2084/2408 1614/1915/2408 1615/1989/2408
f 1410/1805/2409 1606/2017/2409 1419/1824/2409
f 1593/2148/2410 1605/2019/2410 1606/2017/2410
f 1594/2149/2411 1604/2021/2411 1605/2019/2411
f 1595/2150/2412 1603/2023/2412 1604/2021/2412
f 1596/2151/2413 1602/2025/2413 1603/2023/2413
f 1597/2152/2414 1601/2027/2414 1602/2025/2414
f 1598/2153/2415 1600/1912/2415 1601/2027/2415
f 1247/1634/2416 1579/1991/2416 1592/2160/2416
f 1592/2160/2417 1580/1993/2417 1591/2161/2417
f 1591/2161/2418 1581/1995/2418 1590/2162/2418
f 1590/2162/2419 1582/1997/2419 1589/2163/2419
f 1589/2163/2420 1583/1999/2420 1588/2164/2420
f 1588/2164/2421 1584/2001/2421 1587/2165/2421
f 1587/2165/2422 1585/1909/2422 1586/1911/2422
f 1283/1682/2423 1565/2142/2423 1578/2036/2423
f 1578/2036/2424 1566/2143/2424 1577/2038/2424
f 1577/2038/2425 1567/2144/2425 1576/2040/2425
f 1576/2040/2426 1568/2145/2426 1575/2042/2426
f 1575/2042/2427 1569/2146/2427 1574/2044/2427
f 1574/2044/2428 1570/2147/2428 1573/2046/2428
f 1573/2046/2429 1571/1906/2429 1572/1908/2429
f 1310/2167/2430 1564/2105/2430 1319/1706/2430
f 1551/2166/2431 1563/2107/2431 1564/2105/2431
f 1552/2168/2432 1562/2109/2432 1563/2107/2432
f 1553/2169/2433 1561/2111/2433 1562/2109/2433
f 1554/2170/2434 1560/2113/2434 1561/2111/2434
f 1555/2171/2435 1559/2115/2435 1560/2113/2435
f 1556/2172/2436 1558/1903/2436 1559/2115/2436
f 1455/2173/2437 1537/2154/2437 1550/2028/2437
f 1550/2028/2438 1538/2155/2438 1549/2029/2438
f 1549/2029/2439 1539/2156/2439 1548/2030/2439
f 1548/2030/2440 1540/2157/2440 1547/2031/2440
f 1547/2031/2441 1541/2158/2441 1546/2032/2441
f 1546/2032/2442 1542/2159/2442 1545/2033/2442
f 1545/2033/2443 1543/1897/2443 1544/1899/2443
f 1219/1586/1899 1224/1604/1899 1225/1587/1899
f 1501/1588/1900 1225/1587/1900 1226/1589/1900
f 1502/1590/1901 1226/1589/1901 1227/1591/1901
f 1503/1592/1902 1227/1591/1902 1228/1593/1902
f 1216/1595/1903 1220/1611/1903 1221/1596/1903
f 1218/1599/2444 1217/2174/2444 1221/1600/2444
f 1500/1602/1906 1218/1599/1906 1222/1601/1906
f 1500/1602/1907 1223/1603/1907 1224/1604/1907
f 1224/1604/1908 1223/1603/1908 1232/1605/1908
f 1224/1604/1909 1233/1606/1909 1234/1607/1909
f 1225/1587/1910 1234/1607/1910 1235/1608/1910
f 1227/1591/1911 1226/1589/1911 1235/1608/1911
f 1227/1591/1912 1236/1609/1912 1237/1610/1912
f 1220/1611/1913 1229/1615/1913 1230/1612/1913
f 1221/1600/2445 1230/1617/2445 1231/1613/2445
f 1222/1601/1916 1231/1613/1916 1232/1605/1916
f 1236/1609/1917 1245/1623/1917 1246/1614/1917
f 1229/1615/1918 1238/1628/1918 1239/1616/1918
f 1230/1617/1920 1239/1630/1920 1240/1618/1920
f 1231/1613/1921 1240/1618/1921 1241/1619/1921
f 1233/1606/1922 1232/1605/1922 1241/1619/1922
f 1233/1606/1923 1242/1620/1923 1243/1621/1923
f 1235/1608/1924 1234/1607/1924 1243/1621/1924
f 1235/1608/2446 1244/1622/2446 1245/1623/2446
f 1242/1620/1926 1251/1633/1926 1252/1624/1926
f 1244/1622/1927 1243/1621/1927 1252/1624/1927
f 1245/1623/1928 1244/1622/1928 1253/1625/1928
f 1246/1614/1929 1245/1623/1929 1254/1626/1929
f 1238/1628/1930 1247/1634/1930 1248/1629/1930
f 1239/1630/1932 1248/1637/1932 1249/1631/1932
f 1240/1618/1933 1249/1631/1933 1250/1632/1933
f 1242/1620/1934 1241/1619/1934 1250/1632/1934
f 1247/1634/1935 1256/1648/1935 1257/1635/1935
f 1248/1637/1937 1257/1650/1937 1258/1638/1937
f 1249/1631/1938 1258/1638/1938 1259/1639/1938
f 1251/1633/1939 1250/1632/1939 1259/1639/1939
f 1251/1633/1940 1260/1640/1940 1261/1641/1940
f 1253/1625/1941 1252/1624/1941 1261/1641/1941
f 1253/1625/1942 1262/1642/1942 1263/1643/1942
f 1254/1626/1943 1263/1643/1943 1264/1636/1943
f 1260/1640/1944 1269/1653/1944 1270/1644/1944
f 1262/1642/1945 1261/1641/1945 1270/1644/1945
f 1263/1643/1946 1262/1642/1946 1271/1645/1946
f 1264/1636/1947 1263/1643/1947 1272/1646/1947
f 1256/1648/1948 1265/1662/1948 1266/1649/1948
f 1257/1650/1950 1266/1655/1950 1267/1651/1950
f 1258/1638/1951 1267/1651/1951 1268/1652/1951
f 1260/1640/1952 1259/1639/1952 1268/1652/1952
f 1266/1655/1954 1275/1670/1954 1276/1656/1954
f 1267/1651/1955 1276/1656/1955 1277/1657/1955
f 1269/1653/1956 1268/1652/1956 1277/1657/1956
f 1269/1653/1957 1278/1658/1957 1279/1659/1957
f 1271/1645/1958 1270/1644/1958 1279/1659/1958
f 1271/1645/1959 1280/1660/1959 1281/1661/1959
f 1272/1646/1960 1281/1661/1960 1282/1654/1960
f 1265/1662/1961 1274/1668/1961 1275/1663/1961
f 1280/1660/1962 1279/1659/1962 1288/1664/1962
f 1280/1660/1963 1289/1665/1963 1290/1666/1963
f 1282/1654/1964 1281/1661/1964 1290/1666/1964
f 1274/1668/1965 1283/1682/1965 1284/1669/1965
f 1275/1670/1967 1284/1674/1967 1285/1671/1967
f 1276/1656/1968 1285/1671/1968 1286/1672/1968
f 1278/1658/1969 1277/1657/1969 1286/1672/1969
f 1278/1658/1970 1287/1673/1970 1288/1664/1970
f 1284/1674/1971 1293/1690/1971 1294/1675/1971
f 1285/1671/1972 1294/1675/1972 1295/1676/1972
f 1287/1673/1973 1286/1672/1973 1295/1676/1973
f 1287/1673/1974 1296/1677/1974 1297/1678/1974
f 1289/1665/1975 1288/1664/1975 1297/1678/1975
f 1290/1666/1976 1289/1665/1976 1298/1679/1976
f 1290/1666/1977 1299/1680/1977 1300/1681/1977
f 1283/1682/1978 1292/2035/1978 1293/1683/1978
f 1298/1679/1980 1297/1678/1980 1306/1684/1980
f 1299/1680/1981 1298/1679/1981 1307/1685/1981
f 1300/1681/1982 1299/1680/1982 1308/1686/1982
f 1293/1683/1983 1292/2035/1983 1301/1688/1983
f 1293/1690/1985 1302/1701/1985 1303/1691/1985
f 1294/1675/1986 1303/1691/1986 1304/1692/1986
f 1296/1677/1987 1295/1676/1987 1304/1692/1987
f 1296/1677/1988 1305/1693/1988 1306/1684/1988
f 1303/1691/1989 1312/1702/1989 1313/1694/1989
f 1305/1693/1990 1304/1692/1990 1313/1694/1990
f 1305/1693/1991 1314/1695/1991 1315/1696/1991
f 1307/1685/1992 1306/1684/1992 1315/1696/1992
f 1307/1685/1993 1316/1697/1993 1317/1698/1993
f 1309/1687/1994 1308/1686/1994 1317/1698/1994
f 1301/1688/1995 1310/2167/1995 1311/1700/1995
f 1302/1701/1997 1311/1708/1997 1312/1702/1997
f 1317/1698/1998 1316/1697/1998 1325/1703/1998
f 1318/1699/1999 1317/1698/1999 1326/1704/1999
f 1311/1700/2000 1310/2167/2000 1319/1706/2000
f 1311/1708/2002 1320/1720/2002 1321/1709/2002
f 1312/1702/2003 1321/1709/2003 1322/1710/2003
f 1313/1694/2004 1322/1710/2004 1323/1711/2004
f 1314/1695/2005 1323/1711/2005 1324/1712/2005
f 1316/1697/2006 1315/1696/2006 1324/1712/2006
f 1323/1711/2007 1322/1710/2007 1331/1713/2007
f 1324/1712/2008 1323/1711/2008 1332/1714/2008
f 1325/1703/2009 1324/1712/2009 1333/1715/2009
f 1325/1703/2010 1334/1716/2010 1335/1717/2010
f 1326/1704/2011 1335/1717/2011 1336/1718/2011
f 1319/1706/2012 1328/1724/2012 1329/1719/2012
f 1320/1720/2014 1329/1726/2014 1330/1721/2014
f 1321/1709/2015 1330/1721/2015 1331/1713/2015
f 1336/1718/2016 1335/1717/2016 1344/1722/2016
f 1328/1724/2017 1337/2124/2017 1338/1725/2017
f 1329/1726/2019 1338/1740/2019 1339/1727/2019
f 1330/1721/2020 1339/1727/2020 1340/1728/2020
f 1332/1714/2021 1331/1713/2021 1340/1728/2021
f 1332/1714/2022 1341/1729/2022 1342/1730/2022
f 1334/1716/2023 1333/1715/2023 1342/1730/2023
f 1334/1716/2024 1343/1731/2024 1344/1722/2024
f 1341/1729/2025 1340/1728/2025 1349/1732/2025
f 1341/1729/2026 1350/1733/2026 1351/1734/2026
f 1343/1731/2027 1342/1730/2027 1351/1734/2027
f 1344/1722/2028 1343/1731/2028 1352/1735/2028
f 1344/1722/2029 1353/1736/2029 1354/1737/2029
f 1338/1725/2030 1337/2124/2030 1346/1738/2030
f 1338/1740/2032 1347/1744/2032 1348/1741/2032
f 1339/1727/2033 1348/1741/2033 1349/1732/2033
f 1353/1736/2034 1362/1750/2034 1363/1742/2034
f 1346/1738/2035 1355/2116/2035 1356/1743/2035
f 1347/1744/2037 1356/1757/2037 1357/1745/2037
f 1348/1741/2038 1357/1745/2038 1358/1746/2038
f 1350/1733/2039 1349/1732/2039 1358/1746/2039
f 1350/1733/2040 1359/1747/2040 1360/1748/2040
f 1352/1735/2041 1351/1734/2041 1360/1748/2041
f 1352/1735/2042 1361/1749/2042 1362/1750/2042
f 1359/1747/2043 1368/1760/2043 1369/1751/2043
f 1361/1749/2044 1360/1748/2044 1369/1751/2044
f 1361/1749/2045 1370/1752/2045 1371/1753/2045
f 1362/1750/2046 1371/1753/2046 1372/1754/2046
f 1356/1743/2047 1355/2116/2047 1364/1755/2047
f 1356/1757/2049 1365/1763/2049 1366/1758/2049
f 1357/1745/2050 1366/1758/2050 1367/1759/2050
f 1359/1747/2051 1358/1746/2051 1367/1759/2051
f 1364/1755/2052 1373/2074/2052 1374/1761/2052
f 1365/1763/2054 1374/1776/2054 1375/1764/2054
f 1366/1758/2055 1375/1764/2055 1376/1765/2055
f 1368/1760/2056 1367/1759/2056 1376/1765/2056
f 1368/1760/2057 1377/1766/2057 1378/1767/2057
f 1370/1752/2058 1369/1751/2058 1378/1767/2058
f 1370/1752/2059 1379/1768/2059 1380/1769/2059
f 1372/1754/2060 1371/1753/2060 1380/1769/2060
f 1377/1766/2061 1386/1779/2061 1387/1770/2061
f 1379/1768/2062 1378/1767/2062 1387/1770/2062
f 1380/1769/2063 1379/1768/2063 1388/1771/2063
f 1380/1769/2064 1389/1772/2064 1390/1773/2064
f 1374/1761/2065 1373/2074/2065 1382/1774/2065
f 1374/1776/2067 1383/1781/2067 1384/1777/2067
f 1375/1764/2068 1384/1777/2068 1385/1778/2068
f 1377/1766/2069 1376/1765/2069 1385/1778/2069
f 1383/1781/2071 1392/1795/2071 1393/1782/2071
f 1384/1777/2072 1393/1782/2072 1394/1783/2072
f 1386/1779/2073 1385/1778/2073 1394/1783/2073
f 1386/1779/2074 1395/1784/2074 1396/1785/2074
f 1388/1771/2075 1387/1770/2075 1396/1785/2075
f 1388/1771/2076 1397/1786/2076 1398/1787/2076
f 1390/1773/2077 1389/1772/2077 1398/1787/2077
f 1382/1774/2078 1391/1793/2078 1392/1788/2078
f 1397/1786/2079 1396/1785/2079 1406/1789/2079
f 1397/1786/2080 1407/1790/2080 1408/1791/2080
f 1398/1787/2081 1408/1791/2081 1409/1792/2081
f 1391/1793/2082 1401/2048/2082 1402/1794/2082
f 1392/1795/2084 1402/1807/2084 1403/1796/2084
f 1393/1782/2085 1403/1796/2085 1404/1797/2085
f 1395/1784/2086 1394/1783/2086 1404/1797/2086
f 1395/1784/2087 1405/1798/2087 1406/1789/2087
f 1403/1796/2088 1412/1808/2088 1413/1799/2088
f 1405/1798/2089 1404/1797/2089 1413/1799/2089
f 1405/1798/2090 1414/1800/2090 1415/1801/2090
f 1407/1790/2091 1406/1789/2091 1415/1801/2091
f 1407/1790/2447 1416/1802/2447 1417/1803/2447
f 1408/1791/2093 1417/1803/2093 1418/1804/2093
f 1402/1794/2094 1401/2048/2094 1410/1805/2094
f 1402/1807/2096 1411/1812/2096 1412/1808/2096
f 1416/1802/2097 1425/1817/2097 1426/1809/2097
f 1417/1803/2098 1426/1809/2098 1427/1810/2098
f 1410/1805/2099 1419/1824/2099 1420/1811/2099
f 1411/1812/2101 1420/1826/2101 1421/1813/2101
f 1412/1808/2102 1421/1813/2102 1422/1814/2102
f 1414/1800/2103 1413/1799/2103 1422/1814/2103
f 1414/1800/2104 1423/1815/2104 1424/1816/2104
f 1416/1802/2105 1415/1801/2105 1424/1816/2105
f 1421/1813/2106 1430/1827/2106 1431/1818/2106
f 1423/1815/2107 1422/1814/2107 1431/1818/2107
f 1423/1815/2108 1432/1819/2108 1433/1820/2108
f 1425/1817/2109 1424/1816/2109 1433/1820/2109
f 1425/1817/2110 1434/1821/2110 1435/1822/2110
f 1426/1809/2111 1435/1822/2111 1436/1823/2111
f 1419/1824/2112 1428/2016/2112 1429/1825/2112
f 1420/1826/2114 1429/1833/2114 1430/1827/2114
f 1434/1821/2115 1443/1838/2115 1444/1828/2115
f 1435/1822/2116 1444/1828/2116 1445/1829/2116
f 1428/1830/2117 1437/2054/2117 1438/1831/2117
f 1429/1833/2448 1438/1847/2448 1439/1834/2448
f 1430/1827/2120 1439/1834/2120 1440/1835/2120
f 1432/1819/2121 1431/1818/2121 1440/1835/2121
f 1432/1819/2122 1441/1836/2122 1442/1837/2122
f 1434/1821/2123 1433/1820/2123 1442/1837/2123
f 1441/1836/2124 1440/1835/2124 1449/1839/2124
f 1441/1836/2125 1450/1840/2125 1451/1841/2125
f 1443/1838/2126 1442/1837/2126 1451/1841/2126
f 1443/1838/2127 1452/1842/2127 1453/1843/2127
f 1445/1829/2128 1444/1828/2128 1453/1843/2128
f 1438/1831/2129 1437/2054/2129 1446/1845/2129
f 1438/1847/2131 1447/1852/2131 1448/1848/2131
f 1439/1834/2132 1448/1848/2132 1449/1839/2132
f 1454/1844/2133 1453/1843/2133 1462/1849/2133
f 1446/1845/2134 1455/2173/2134 1456/1851/2134
f 1447/1852/2136 1456/1866/2136 1457/1853/2136
f 1448/1848/2137 1457/1853/2137 1458/1854/2137
f 1450/1840/2138 1449/1839/2138 1458/1854/2138
f 1450/1840/2139 1459/1855/2139 1460/1856/2139
f 1452/1842/2140 1451/1841/2140 1460/1856/2140
f 1452/1842/2449 1461/1857/2449 1462/1849/2449
f 1459/1855/2142 1458/1854/2142 1467/1858/2142
f 1459/1855/2143 1468/1859/2143 1469/1860/2143
f 1461/1857/2144 1460/1856/2144 1469/1860/2144
f 1461/1857/2145 1470/1861/2145 1471/1862/2145
f 1462/1849/2146 1471/1862/2146 1472/1863/2146
f 1456/1851/2147 1455/2173/2147 1464/1864/2147
f 1456/1866/2149 1465/1871/2149 1466/1867/2149
f 1457/1853/2150 1466/1867/2150 1467/1858/2150
f 1472/1863/2151 1471/1862/2151 1480/1868/2151
f 1464/1864/2152 1473/1965/2152 1474/1870/2152
f 1465/1871/2154 1474/1883/2154 1475/1872/2154
f 1466/1867/2155 1475/1872/2155 1476/1873/2155
f 1468/1859/2156 1467/1858/2156 1476/1873/2156
f 1468/1859/2157 1477/1874/2157 1478/1875/2157
f 1470/1861/2158 1469/1860/2158 1478/1875/2158
f 1470/1861/2159 1479/1876/2159 1480/1868/2159
f 1477/1874/2160 1486/1886/2160 1487/1877/2160
f 1479/1876/2161 1478/1875/2161 1487/1877/2161
f 1479/1876/2450 1488/1878/2450 1489/1879/2450
f 1480/1868/2451 1489/1879/2451 1490/1880/2451
f 1474/1870/2164 1473/1965/2164 1482/1881/2164
f 1474/1883/2166 1483/1888/2166 1484/1884/2166
f 1475/1872/2167 1484/1884/2167 1485/1885/2167
f 1477/1874/2168 1476/1873/2168 1485/1885/2168
f 1483/1888/2170 1492/1896/2170 1493/1889/2170
f 1484/1884/2171 1493/1889/2171 1494/1890/2171
f 1486/1886/2172 1485/1885/2172 1494/1890/2172
f 1486/1886/2173 1495/1891/2173 1496/1892/2173
f 1488/1878/2174 1487/1877/2174 1496/1892/2174
f 1488/1878/2175 1497/1893/2175 1498/1894/2175
f 1490/1880/2176 1489/1879/2176 1498/1894/2176
f 1482/1881/2177 1491/2002/2177 1492/1895/2177
f 1497/1893/2178 1496/1892/2178 1501/1588/2178
f 1497/1893/2179 1502/1590/2179 1503/1592/2179
f 1498/1894/2180 1503/1592/2180 1504/1594/2180
f 1492/1895/2181 1491/2002/2181 1216/1595/2181
f 1492/1896/2183 1217/2174/2183 1218/1599/2183
f 1493/1889/2184 1218/1599/2184 1500/1602/2184
f 1494/1890/2185 1500/1602/2185 1219/1586/2185
f 1495/1891/2186 1219/1586/2186 1501/1588/2186
f 1543/1897/2452 1531/1929/2452 1532/1898/2452
f 1507/1902/2188 1505/2175/2188 1506/2176/2188
f 1506/2176/2188 1536/2177/2188 1535/2178/2188
f 1535/2178/2188 1534/2179/2188 1533/2180/2188
f 1533/2180/2188 1532/2181/2188 1531/2182/2188
f 1531/2182/2188 1530/2183/2188 1529/1960/2188
f 1529/1960/2188 1528/1914/2188 1527/2184/2188
f 1527/2184/2188 1526/2185/2188 1525/2186/2188
f 1525/2186/2188 1524/2187/2188 1523/1900/2188
f 1523/1900/2188 1522/2188/2188 1521/2189/2188
f 1521/2189/2188 1520/2190/2188 1519/2191/2188
f 1519/2191/2188 1518/2192/2188 1517/2193/2188
f 1517/2193/2188 1516/2194/2188 1515/1901/2188
f 1515/1901/2188 1514/2195/2188 1513/2196/2188
f 1513/2196/2188 1512/2197/2188 1511/2198/2188
f 1511/2198/2188 1510/2199/2188 1509/2200/2188
f 1509/2200/2188 1508/2201/2188 1507/1902/2188
f 1507/1902/2188 1506/2176/2188 1535/2178/2188
f 1535/2178/2188 1533/2180/2188 1531/2182/2188
f 1531/2182/2188 1529/1960/2188 1527/2184/2188
f 1527/2184/2188 1525/2186/2188 1523/1900/2188
f 1523/1900/2188 1521/2189/2188 1519/2191/2188
f 1519/2191/2188 1517/2193/2188 1515/1901/2188
f 1515/1901/2188 1513/2196/2188 1511/2198/2188
f 1511/2198/2188 1509/2200/2188 1507/1902/2188
f 1507/1902/2188 1535/2178/2188 1531/2182/2188
f 1531/2182/2188 1527/2184/2188 1523/1900/2188
f 1523/1900/2188 1519/2191/2188 1515/1901/2188
f 1515/1901/2188 1511/2198/2188 1507/1902/2188
f 1507/1902/2188 1531/2182/2188 1523/1900/2188
f 1558/1903/2453 1557/1921/2453 1516/1904/2453
f 1571/1906/2454 1512/1933/2454 1513/1907/2454
f 1585/1909/2455 1508/1962/2455 1509/1910/2455
f 1600/1912/2456 1599/1930/2456 1527/1913/2456
f 1614/1915/2457 1613/1949/2457 1523/1916/2457
f 1628/1918/2458 1627/1941/2458 1519/1919/2458
f 1557/1921/2459 1641/1950/2459 1515/1922/2459
f 1586/1911/2460 1509/1910/2460 1510/1923/2460
f 1655/1925/2461 1534/1964/2461 1535/1926/2461
f 1669/1928/2462 1530/1953/2462 1531/1929/2462
f 1599/1930/2463 1676/1954/2463 1526/1931/2463
f 1683/1932/2464 1511/1946/2464 1512/1933/2464
f 1684/1934/2465 1628/1918/2465 1520/1920/2465
f 1697/1936/2466 1536/1961/2466 1506/1937/2466
f 1698/1938/2467 1506/1937/2467 1505/1939/2467
f 1627/1941/2468 1718/1945/2468 1518/1942/2468
f 1719/1943/2469 1684/1934/2469 1521/1935/2469
f 1718/1945/2470 1558/1903/2470 1517/1905/2470
f 1642/1924/2471 1510/1923/2471 1511/1946/2471
f 1705/1940/2472 1505/1939/2472 1507/1947/2472
f 1613/1949/2473 1719/1943/2473 1522/1944/2473
f 1641/1950/2474 1739/1956/2474 1514/1951/2474
f 1746/1952/2475 1529/2202/2475 1530/1953/2475
f 1676/1954/2476 1753/1963/2476 1525/1955/2476
f 1739/1956/2477 1572/1908/2477 1513/1907/2477
f 1544/1899/2478 1532/1898/2478 1533/1957/2478
f 1746/1959/2479 1600/1912/2479 1528/1914/2479
f 1656/1927/2480 1535/1926/2480 1536/1961/2480
f 1726/1948/2481 1507/1947/2481 1508/1962/2481
f 1753/1963/2482 1614/1915/2482 1524/1917/2482
f 1754/1958/2483 1533/1957/2483 1534/1964/2483
f 1473/1965/2484 1464/1864/2484 1760/1966/2484
f 1649/1967/2485 1760/1966/2485 1759/1968/2485
f 1650/1969/2486 1759/1968/2486 1758/1970/2486
f 1651/1971/2487 1758/1970/2487 1757/1972/2487
f 1652/1973/2488 1757/1972/2488 1756/1974/2488
f 1653/1975/2489 1756/1974/2489 1755/1976/2489
f 1654/1977/2490 1755/1976/2490 1754/1958/2490
f 1382/1774/2491 1620/1979/2491 1747/1978/2491
f 1620/1979/2492 1619/1981/2492 1748/1980/2492
f 1619/1981/2493 1618/1983/2493 1749/1982/2493
f 1618/1983/2494 1617/1985/2494 1750/1984/2494
f 1617/1985/2495 1616/1987/2495 1751/1986/2495
f 1616/1987/2496 1615/1989/2496 1752/1988/2496
f 1615/1989/2497 1614/1915/2497 1753/1963/2497
f 1238/1628/2498 1229/1615/2498 1732/1990/2498
f 1579/1991/2499 1732/1990/2499 1731/1992/2499
f 1580/1993/2500 1731/1992/2500 1730/1994/2500
f 1581/1995/2501 1730/1994/2501 1729/1996/2501
f 1582/1997/2502 1729/1996/2502 1728/1998/2502
f 1583/1999/2503 1728/1998/2503 1727/2000/2503
f 1584/2001/2504 1727/2000/2504 1726/1948/2504
f 1491/2002/2505 1482/1881/2505 1662/2003/2505
f 1691/2004/2506 1662/2003/2506 1661/2005/2506
f 1692/2006/2507 1661/2005/2507 1660/2007/2507
f 1693/2008/2508 1660/2007/2508 1659/2009/2508
f 1694/2010/2509 1659/2009/2509 1658/2011/2509
f 1695/2012/2510 1658/2011/2510 1657/2013/2510
f 1696/2014/2511 1657/2013/2511 1656/1927/2511
f 1419/1824/2512 1606/2017/2512 1740/2015/2512
f 1606/2017/2513 1605/2019/2513 1741/2018/2513
f 1605/2019/2514 1604/2021/2514 1742/2020/2514
f 1604/2021/2515 1603/2023/2515 1743/2022/2515
f 1603/2023/2516 1602/2025/2516 1744/2024/2516
f 1602/2025/2517 1601/2027/2517 1745/2026/2517
f 1601/2027/2518 1600/1912/2518 1746/1959/2518
f 1464/1864/2519 1455/2173/2519 1550/2028/2519
f 1760/1966/2520 1550/2028/2520 1549/2029/2520
f 1759/1968/2521 1549/2029/2521 1548/2030/2521
f 1758/1970/2522 1548/2030/2522 1547/2031/2522
f 1757/1972/2523 1547/2031/2523 1546/2032/2523
f 1756/1974/2524 1546/2032/2524 1545/2033/2524
f 1755/1976/2525 1545/2033/2525 1544/1899/2525
f 1283/1682/2526 1578/2036/2526 1733/2034/2526
f 1578/2036/2527 1577/2038/2527 1734/2037/2527
f 1577/2038/2528 1576/2040/2528 1735/2039/2528
f 1576/2040/2529 1575/2042/2529 1736/2041/2529
f 1575/2042/2530 1574/2044/2530 1737/2043/2530
f 1574/2044/2531 1573/2046/2531 1738/2045/2531
f 1573/2046/2532 1572/1908/2532 1739/1956/2532
f 1391/1793/2533 1747/1978/2533 1670/2047/2533
f 1747/1978/2534 1748/1980/2534 1671/2049/2534
f 1748/1980/2535 1749/1982/2535 1672/2050/2535
f 1749/1982/2536 1750/1984/2536 1673/2051/2536
f 1750/1984/2537 1751/1986/2537 1674/2052/2537
f 1751/1986/2538 1752/1988/2538 1675/2053/2538
f 1752/1988/2539 1753/1963/2539 1676/1954/2539
f 1437/2054/2540 1428/1830/2540 1740/2055/2540
f 1663/2056/2541 1740/2055/2541 1741/2057/2541
f 1664/2058/2542 1741/2057/2542 1742/2059/2542
f 1665/2060/2543 1742/2059/2543 1743/2061/2543
f 1666/2062/2544 1743/2061/2544 1744/2063/2544
f 1667/2064/2545 1744/2063/2545 1745/2065/2545
f 1668/2066/2546 1745/2065/2546 1746/1952/2546
f 1292/2035/2547 1733/2034/2547 1635/2067/2547
f 1733/2034/2548 1734/2037/2548 1636/2068/2548
f 1734/2037/2549 1735/2039/2549 1637/2069/2549
f 1735/2039/2550 1736/2041/2550 1638/2070/2550
f 1736/2041/2551 1737/2043/2551 1639/2071/2551
f 1737/2043/2552 1738/2045/2552 1640/2072/2552
f 1738/2045/2553 1739/1956/2553 1641/1950/2553
f 1364/1755/2554 1725/2075/2554 1607/2073/2554
f 1725/2075/2555 1724/2077/2555 1608/2076/2555
f 1724/2077/2556 1723/2079/2556 1609/2078/2556
f 1723/2079/2557 1722/2081/2557 1610/2080/2557
f 1722/2081/2558 1721/2083/2558 1611/2082/2558
f 1721/2083/2559 1720/2085/2559 1612/2084/2559
f 1720/2085/2560 1719/1943/2560 1613/1949/2560
f 1229/1615/2561 1220/1611/2561 1711/2086/2561
f 1732/1990/2562 1711/2086/2562 1710/2087/2562
f 1731/1992/2563 1710/2087/2563 1709/2088/2563
f 1730/1994/2564 1709/2088/2564 1708/2089/2564
f 1729/1996/2565 1708/2089/2565 1707/2090/2565
f 1728/1998/2566 1707/2090/2566 1706/2091/2566
f 1727/2000/2567 1706/2091/2567 1705/1940/2567
f 1265/1662/2568 1256/1648/2568 1648/2092/2568
f 1677/2093/2569 1648/2092/2569 1647/2094/2569
f 1678/2095/2570 1647/2094/2570 1646/2096/2570
f 1679/2097/2571 1646/2096/2571 1645/2098/2571
f 1680/2099/2572 1645/2098/2572 1644/2100/2572
f 1681/2101/2573 1644/2100/2573 1643/2102/2573
f 1682/2103/2574 1643/2102/2574 1642/1924/2574
f 1319/1706/2575 1564/2105/2575 1712/2104/2575
f 1564/2105/2576 1563/2107/2576 1713/2106/2576
f 1563/2107/2577 1562/2109/2577 1714/2108/2577
f 1562/2109/2578 1561/2111/2578 1715/2110/2578
f 1561/2111/2579 1560/2113/2579 1716/2112/2579
f 1560/2113/2580 1559/2115/2580 1717/2114/2580
f 1559/2115/2581 1558/1903/2581 1718/1945/2581
f 1355/2116/2582 1690/2117/2582 1725/2075/2582
f 1690/2117/2583 1689/2118/2583 1724/2077/2583
f 1689/2118/2584 1688/2119/2584 1723/2079/2584
f 1688/2119/2585 1687/2120/2585 1722/2081/2585
f 1687/2120/2586 1686/2121/2586 1721/2083/2586
f 1686/2121/2587 1685/2122/2587 1720/2085/2587
f 1685/2122/2588 1684/1934/2588 1719/1943/2588
f 1328/1724/2589 1712/2104/2589 1621/2123/2589
f 1712/2104/2590 1713/2106/2590 1622/2125/2590
f 1713/2106/2591 1714/2108/2591 1623/2126/2591
f 1714/2108/2592 1715/2110/2592 1624/2127/2592
f 1715/2110/2593 1716/2112/2593 1625/2128/2593
f 1716/2112/2594 1717/2114/2594 1626/2129/2594
f 1717/2114/2595 1718/1945/2595 1627/1941/2595
f 1220/1611/2596 1216/1595/2596 1704/2130/2596
f 1711/2086/2597 1704/2130/2597 1703/2131/2597
f 1710/2087/2598 1703/2131/2598 1702/2132/2598
f 1709/2088/2599 1702/2132/2599 1701/2133/2599
f 1708/2089/2600 1701/2133/2600 1700/2134/2600
f 1707/2090/2601 1700/2134/2601 1699/2135/2601
f 1706/2091/2602 1699/2135/2602 1698/1938/2602
f 1216/1595/2603 1491/2002/2603 1691/2004/2603
f 1704/2130/2604 1691/2004/2604 1692/2006/2604
f 1703/2131/2605 1692/2006/2605 1693/2008/2605
f 1702/2132/2606 1693/2008/2606 1694/2010/2606
f 1701/2133/2607 1694/2010/2607 1695/2012/2607
f 1700/2134/2608 1695/2012/2608 1696/2014/2608
f 1699/2135/2609 1696/2014/2609 1697/1936/2609
f 1346/1738/2610 1634/2136/2610 1690/2117/2610
f 1634/2136/2611 1633/2137/2611 1689/2118/2611
f 1633/2137/2612 1632/2138/2612 1688/2119/2612
f 1632/2138/2613 1631/2139/2613 1687/2120/2613
f 1631/2139/2614 1630/2140/2614 1686/2121/2614
f 1630/2140/2615 1629/2141/2615 1685/2122/2615
f 1629/2141/2616 1628/1918/2616 1684/1934/2616
f 1274/1668/2617 1265/1662/2617 1677/2093/2617
f 1565/2142/2618 1677/2093/2618 1678/2095/2618
f 1566/2143/2619 1678/2095/2619 1679/2097/2619
f 1567/2144/2620 1679/2097/2620 1680/2099/2620
f 1568/2145/2621 1680/2099/2621 1681/2101/2621
f 1569/2146/2622 1681/2101/2622 1682/2103/2622
f 1570/2147/2623 1682/2103/2623 1683/1932/2623
f 1401/2048/2624 1670/2047/2624 1593/2148/2624
f 1670/2047/2625 1671/2049/2625 1594/2149/2625
f 1671/2049/2626 1672/2050/2626 1595/2150/2626
f 1672/2050/2627 1673/2051/2627 1596/2151/2627
f 1673/2051/2628 1674/2052/2628 1597/2152/2628
f 1674/2052/2629 1675/2053/2629 1598/2153/2629
f 1675/2053/2630 1676/1954/2630 1599/1930/2630
f 1446/1845/2631 1437/2054/2631 1663/2056/2631
f 1537/2154/2632 1663/2056/2632 1664/2058/2632
f 1538/2155/2633 1664/2058/2633 1665/2060/2633
f 1539/2156/2634 1665/2060/2634 1666/2062/2634
f 1540/2157/2635 1666/2062/2635 1667/2064/2635
f 1541/2158/2636 1667/2064/2636 1668/2066/2636
f 1542/2159/2637 1668/2066/2637 1669/1928/2637
f 1482/1881/2638 1473/1965/2638 1649/1967/2638
f 1662/2003/2639 1649/1967/2639 1650/1969/2639
f 1661/2005/2640 1650/1969/2640 1651/1971/2640
f 1660/2007/2641 1651/1971/2641 1652/1973/2641
f 1659/2009/2642 1652/1973/2642 1653/1975/2642
f 1658/2011/2643 1653/1975/2643 1654/1977/2643
f 1657/2013/2644 1654/1977/2644 1655/1925/2644
f 1256/1648/2645 1247/1634/2645 1592/2160/2645
f 1648/2092/2646 1592/2160/2646 1591/2161/2646
f 1647/2094/2647 1591/2161/2647 1590/2162/2647
f 1646/2096/2648 1590/2162/2648 1589/2163/2648
f 1645/2098/2649 1589/2163/2649 1588/2164/2649
f 1644/2100/2650 1588/2164/2650 1587/2165/2650
f 1643/2102/2651 1587/2165/2651 1586/1911/2651
f 1301/1688/2652 1635/2067/2652 1551/2166/2652
f 1635/2067/2653 1636/2068/2653 1552/2168/2653
f 1636/2068/2654 1637/2069/2654 1553/2169/2654
f 1637/2069/2655 1638/2070/2655 1554/2170/2655
f 1638/2070/2656 1639/2071/2656 1555/2171/2656
f 1639/2071/2657 1640/2072/2657 1556/2172/2657
f 1640/2072/2658 1641/1950/2658 1557/1921/2658
f 1337/2124/2659 1621/2123/2659 1634/2136/2659
f 1621/2123/2660 1622/2125/2660 1633/2137/2660
f 1622/2125/2661 1623/2126/2661 1632/2138/2661
f 1623/2126/2662 1624/2127/2662 1631/2139/2662
f 1624/2127/2663 1625/2128/2663 1630/2140/2663
f 1625/2128/2664 1626/2129/2664 1629/2141/2664
f 1626/2129/2665 1627/1941/2665 1628/1918/2665
f 1373/2074/2666 1607/2073/2666 1620/1979/2666
f 1607/2073/2667 1608/2076/2667 1619/1981/2667
f 1608/2076/2668 1609/2078/2668 1618/1983/2668
f 1609/2078/2669 1610/2080/2669 1617/1985/2669
f 1610/2080/2670 1611/2082/2670 1616/1987/2670
f 1611/2082/2671 1612/2084/2671 1615/1989/2671
f 1612/2084/2672 1613/1949/2672 1614/1915/2672
f 1410/1805/2673 1593/2148/2673 1606/2017/2673
f 1593/2148/2674 1594/2149/2674 1605/2019/2674
f 1594/2149/2675 1595/2150/2675 1604/2021/2675
f 1595/2150/2676 1596/2151/2676 1603/2023/2676
f 1596/2151/2677 1597/2152/2677 1602/2025/2677
f 1597/2152/2678 1598/2153/2678 1601/2027/2678
f 1598/2153/2679 1599/1930/2679 1600/1912/2679
f 1247/1634/2680 1238/1628/2680 1579/1991/2680
f 1592/2160/2681 1579/1991/2681 1580/1993/2681
f 1591/2161/2682 1580/1993/2682 1581/1995/2682
f 1590/2162/2683 1581/1995/2683 1582/1997/2683
f 1589/2163/2684 1582/1997/2684 1583/1999/2684
f 1588/2164/2685 1583/1999/2685 1584/2001/2685
f 1587/2165/2686 1584/2001/2686 1585/1909/2686
f 1283/1682/2687 1274/1668/2687 1565/2142/2687
f 1578/2036/2688 1565/2142/2688 1566/2143/2688
f 1577/2038/2689 1566/2143/2689 1567/2144/2689
f 1576/2040/2690 1567/2144/2690 1568/2145/2690
f 1575/2042/2691 1568/2145/2691 1569/2146/2691
f 1574/2044/2692 1569/2146/2692 1570/2147/2692
f 1573/2046/2693 1570/2147/2693 1571/1906/2693
f 1310/2167/2694 1551/2166/2694 1564/2105/2694
f 1551/2166/2695 1552/2168/2695 1563/2107/2695
f 1552/2168/2696 1553/2169/2696 1562/2109/2696
f 1553/2169/2697 1554/2170/2697 1561/2111/2697
f 1554/2170/2698 1555/2171/2698 1560/2113/2698
f 1555/2171/2699 1556/2172/2699 1559/2115/2699
f 1556/2172/2700 1557/1921/2700 1558/1903/2700
f 1455/2173/2701 1446/1845/2701 1537/2154/2701
f 1550/2028/2702 1537/2154/2702 1538/2155/2702
f 1549/2029/2703 1538/2155/2703 1539/2156/2703
f 1548/2030/2704 1539/2156/2704 1540/2157/2704
f 1547/2031/2705 1540/2157/2705 1541/2158/2705
f 1546/2032/2706 1541/2158/2706 1542/2159/2706
f 1545/2033/2707 1542/2159/2707 1543/1897/2707
